{"type":"FeatureCollection","features":[{"type":"Feature","properties":{"pc":"0800"},"geometry":{"type":"Polygon","coordinates":[[[130.8502,-12.453],[130.8377,-12.4524],[130.8333,-12.4606],[130.8416,-12.4674],[130.8443,-12.4737],[130.8519,-12.4705],[130.8502,-12.453]]]}},{"type":"Feature","properties":{"pc":"0810"},"geometry":{"type":"Polygon","coordinates":[[[130.8715,-12.3953],[130.8832,-12.3952],[130.884,-12.3909],[130.8902,-12.3804],[130.8923,-12.3657],[130.9008,-12.3656],[130.9008,-12.351],[130.906,-12.3444],[130.9052,-12.3347],[130.8944,-12.3312],[130.8882,-12.3405],[130.8829,-12.3428],[130.8705,-12.3554],[130.8638,-12.3669],[130.8606,-12.3757],[130.8529,-12.374],[130.8411,-12.3807],[130.8434,-12.3867],[130.8487,-12.3905],[130.8459,-12.4026],[130.8561,-12.4026],[130.8561,-12.3982],[130.8628,-12.3954],[130.8715,-12.3953]]]}},{"type":"Feature","properties":{"pc":"0820"},"geometry":{"type":"Polygon","coordinates":[[[130.8502,-12.453],[130.8541,-12.4417],[130.8646,-12.4428],[130.8663,-12.4403],[130.8639,-12.4324],[130.8894,-12.4323],[130.8951,-12.4335],[130.9014,-12.438],[130.9108,-12.4405],[130.9147,-12.4392],[130.9177,-12.4314],[130.9074,-12.4275],[130.9085,-12.4243],[130.9084,-12.4048],[130.9084,-12.4025],[130.8774,-12.4026],[130.8715,-12.3953],[130.8628,-12.3954],[130.8561,-12.3982],[130.8561,-12.4026],[130.8459,-12.4026],[130.8382,-12.4115],[130.8287,-12.4061],[130.8184,-12.4052],[130.8189,-12.414],[130.8282,-12.4116],[130.8356,-12.4267],[130.8316,-12.4389],[130.8323,-12.442],[130.8276,-12.4495],[130.8233,-12.4475],[130.8169,-12.4543],[130.8187,-12.4601],[130.8333,-12.4606],[130.8377,-12.4524],[130.8502,-12.453]]]}},{"type":"Feature","properties":{"pc":"0828"},"geometry":{"type":"Polygon","coordinates":[[[130.9382,-12.4023],[130.9382,-12.4096],[130.9234,-12.4096],[130.9183,-12.4128],[130.9084,-12.4048],[130.9085,-12.4243],[130.9074,-12.4275],[130.9177,-12.4314],[130.9147,-12.4392],[130.9108,-12.4405],[130.9181,-12.4466],[130.9235,-12.4465],[130.9236,-12.4538],[130.9464,-12.4537],[130.9463,-12.4561],[130.9546,-12.4463],[130.9682,-12.4462],[130.9681,-12.4239],[130.968,-12.4095],[130.9578,-12.4096],[130.9532,-12.4113],[130.9532,-12.4023],[130.9382,-12.4023]]]}},{"type":"Feature","properties":{"pc":"0830"},"geometry":{"type":"MultiPolygon","coordinates":[[[[130.977,-12.5413],[130.9815,-12.5338],[130.9819,-12.5235],[130.9752,-12.5166],[130.9841,-12.5068],[130.9884,-12.4887],[130.9865,-12.4832],[130.9901,-12.4808],[131.0003,-12.4863],[131.0068,-12.4819],[130.9981,-12.4731],[130.9903,-12.468],[130.9774,-12.468],[130.9661,-12.4645],[130.9623,-12.4681],[130.9637,-12.474],[130.9616,-12.484],[130.9563,-12.494],[130.9469,-12.4959],[130.9472,-12.5007],[130.9433,-12.5052],[130.9419,-12.5218],[130.9454,-12.5277],[130.9552,-12.5294],[130.9559,-12.534],[130.967,-12.5346],[130.977,-12.5413]]],[[[131.024,-12.2763],[131.0222,-12.2797],[131.0149,-12.3047],[131.0125,-12.3217],[131.0171,-12.3244],[131.0225,-12.3185],[131.0312,-12.3179],[131.0414,-12.324],[131.0286,-12.3267],[131.0252,-12.3335],[131.0298,-12.3464],[131.0337,-12.3487],[131.0488,-12.3462],[131.04,-12.3537],[131.0402,-12.3578],[131.0338,-12.3595],[131.0211,-12.3602],[131.0089,-12.3564],[131.0048,-12.3522],[130.9926,-12.3496],[130.9828,-12.3419],[130.9724,-12.3441],[130.966,-12.3435],[130.953,-12.3463],[130.9531,-12.3947],[130.9681,-12.3946],[130.968,-12.4095],[130.9681,-12.4239],[131.0128,-12.4238],[131.0128,-12.4314],[131.0446,-12.4313],[131.0447,-12.4357],[131.0515,-12.443],[131.0515,-12.4089],[131.0888,-12.4088],[131.089,-12.4562],[131.1019,-12.4486],[131.1064,-12.4445],[131.1082,-12.4382],[131.1096,-12.4121],[131.114,-12.4055],[131.1252,-12.398],[131.1381,-12.3737],[131.1391,-12.3702],[131.1421,-12.3308],[131.137,-12.326],[131.1217,-12.3245],[131.1152,-12.3198],[131.0923,-12.3308],[131.0799,-12.3261],[131.0826,-12.3061],[131.0795,-12.3022],[131.0675,-12.3132],[131.0649,-12.3014],[131.0593,-12.2883],[131.0581,-12.304],[131.0469,-12.3063],[131.0366,-12.2961],[131.0342,-12.2839],[131.0365,-12.2755],[131.024,-12.2763]]]]}},{"type":"Feature","properties":{"pc":"0870"},"geometry":{"type":"MultiPolygon","coordinates":[[[[133.7412,-23.7738],[133.7809,-23.764],[133.7871,-23.7603],[133.7873,-23.7246],[133.7819,-23.7246],[133.726,-23.7475],[133.726,-23.7761],[133.7412,-23.7738]]],[[[133.8679,-23.7259],[133.8756,-23.7211],[133.8969,-23.7203],[133.8974,-23.7153],[133.902,-23.7104],[133.915,-23.7098],[133.9096,-23.6997],[133.9133,-23.691],[133.9133,-23.6849],[133.9062,-23.6808],[133.897,-23.6845],[133.897,-23.6648],[133.8944,-23.6602],[133.8553,-23.6603],[133.8553,-23.6648],[133.8523,-23.6776],[133.8531,-23.683],[133.8418,-23.6939],[133.8412,-23.6975],[133.8529,-23.7061],[133.8665,-23.7216],[133.8657,-23.7252],[133.8679,-23.7259]]]]}},{"type":"Feature","properties":{"pc":"2000"},"geometry":{"type":"Polygon","coordinates":[[[151.2068,-33.8858],[151.2145,-33.874],[151.22,-33.8659],[151.2172,-33.86],[151.2106,-33.8554],[151.2002,-33.8554],[151.2015,-33.869],[151.1983,-33.8685],[151.1979,-33.8744],[151.2029,-33.8838],[151.2068,-33.8858]]]}},{"type":"Feature","properties":{"pc":"2007"},"geometry":{"type":"Polygon","coordinates":[[[151.1949,-33.8844],[151.2029,-33.8838],[151.1979,-33.8744],[151.194,-33.8761],[151.1949,-33.8844]]]}},{"type":"Feature","properties":{"pc":"2008"},"geometry":{"type":"Polygon","coordinates":[[[151.1967,-33.8918],[151.2018,-33.889],[151.2068,-33.8858],[151.2029,-33.8838],[151.1949,-33.8844],[151.1884,-33.8913],[151.1893,-33.894],[151.1967,-33.8918]]]}},{"type":"Feature","properties":{"pc":"2009"},"geometry":{"type":"Polygon","coordinates":[[[151.1983,-33.8685],[151.1961,-33.8626],[151.1869,-33.8682],[151.1923,-33.8739],[151.194,-33.8761],[151.1979,-33.8744],[151.1983,-33.8685]]]}},{"type":"Feature","properties":{"pc":"2010"},"geometry":{"type":"Polygon","coordinates":[[[151.2294,-33.8769],[151.2145,-33.874],[151.2068,-33.8858],[151.2018,-33.889],[151.2167,-33.8921],[151.2191,-33.8817],[151.2294,-33.8769]]]}},{"type":"Feature","properties":{"pc":"2015"},"geometry":{"type":"Polygon","coordinates":[[[151.2023,-33.9101],[151.203,-33.9061],[151.1991,-33.8952],[151.1967,-33.8918],[151.1893,-33.894],[151.1853,-33.8969],[151.1922,-33.9019],[151.187,-33.9076],[151.1816,-33.9071],[151.1808,-33.9192],[151.1964,-33.9214],[151.2023,-33.9101]]]}},{"type":"Feature","properties":{"pc":"2016"},"geometry":{"type":"Polygon","coordinates":[[[151.2167,-33.8921],[151.2018,-33.889],[151.1967,-33.8918],[151.1991,-33.8952],[151.2157,-33.8976],[151.2167,-33.8921]]]}},{"type":"Feature","properties":{"pc":"2017"},"geometry":{"type":"Polygon","coordinates":[[[151.2129,-33.9123],[151.2143,-33.9038],[151.2157,-33.8976],[151.1991,-33.8952],[151.203,-33.9061],[151.2023,-33.9101],[151.2129,-33.9123]]]}},{"type":"Feature","properties":{"pc":"2020"},"geometry":{"type":"Polygon","coordinates":[[[151.197,-33.9373],[151.2076,-33.9359],[151.2062,-33.927],[151.1954,-33.9255],[151.1964,-33.9214],[151.1808,-33.9192],[151.1605,-33.934],[151.1607,-33.9454],[151.168,-33.9498],[151.1757,-33.955],[151.1867,-33.9532],[151.1914,-33.9727],[151.1956,-33.9727],[151.1914,-33.9578],[151.1935,-33.9546],[151.1881,-33.9447],[151.197,-33.9373]]]}},{"type":"Feature","properties":{"pc":"2021"},"geometry":{"type":"Polygon","coordinates":[[[151.2294,-33.8769],[151.2191,-33.8817],[151.2167,-33.8921],[151.2157,-33.8976],[151.2143,-33.9038],[151.2268,-33.9045],[151.2311,-33.9063],[151.2416,-33.9027],[151.2409,-33.8899],[151.235,-33.888],[151.2375,-33.883],[151.2295,-33.8768],[151.2294,-33.8769]]]}},{"type":"Feature","properties":{"pc":"2022"},"geometry":{"type":"Polygon","coordinates":[[[151.2529,-33.904],[151.259,-33.8971],[151.2595,-33.8894],[151.2562,-33.8894],[151.2409,-33.8899],[151.2416,-33.9027],[151.2529,-33.904]]]}},{"type":"Feature","properties":{"pc":"2023"},"geometry":{"type":"Polygon","coordinates":[[[151.2595,-33.8894],[151.2678,-33.8852],[151.2567,-33.8758],[151.2524,-33.8701],[151.2488,-33.8726],[151.2476,-33.886],[151.2562,-33.8894],[151.2595,-33.8894]]]}},{"type":"Feature","properties":{"pc":"2024"},"geometry":{"type":"Polygon","coordinates":[[[151.2706,-33.9009],[151.259,-33.8971],[151.2529,-33.904],[151.2542,-33.9067],[151.2707,-33.911],[151.2706,-33.9009]]]}},{"type":"Feature","properties":{"pc":"2025"},"geometry":{"type":"Polygon","coordinates":[[[151.2422,-33.8809],[151.2375,-33.883],[151.235,-33.888],[151.2409,-33.8899],[151.2562,-33.8894],[151.2476,-33.886],[151.2422,-33.8809]]]}},{"type":"Feature","properties":{"pc":"2026"},"geometry":{"type":"Polygon","coordinates":[[[151.2775,-33.8786],[151.271,-33.8787],[151.2678,-33.8852],[151.2595,-33.8894],[151.259,-33.8971],[151.2706,-33.9009],[151.2749,-33.8996],[151.2779,-33.8915],[151.2859,-33.8919],[151.2849,-33.8834],[151.2775,-33.8786]]]}},{"type":"Feature","properties":{"pc":"2027"},"geometry":{"type":"MultiPolygon","coordinates":[[[[151.2422,-33.8809],[151.2376,-33.879],[151.241,-33.8725],[151.235,-33.8678],[151.2306,-33.8741],[151.2295,-33.8768],[151.2375,-33.883],[151.2422,-33.8809]]],[[[151.2536,-33.8685],[151.248,-33.8717],[151.2488,-33.8726],[151.2524,-33.8701],[151.2536,-33.8685]]]]}},{"type":"Feature","properties":{"pc":"2029"},"geometry":{"type":"Polygon","coordinates":[[[151.2678,-33.8852],[151.271,-33.8787],[151.2775,-33.8786],[151.2782,-33.8654],[151.2695,-33.8639],[151.2663,-33.8709],[151.2591,-33.8722],[151.2536,-33.8685],[151.2524,-33.8701],[151.2567,-33.8758],[151.2678,-33.8852]]]}},{"type":"Feature","properties":{"pc":"2031"},"geometry":{"type":"Polygon","coordinates":[[[151.2482,-33.9342],[151.246,-33.928],[151.2509,-33.9108],[151.2624,-33.9148],[151.2707,-33.911],[151.2542,-33.9067],[151.2529,-33.904],[151.2416,-33.9027],[151.2311,-33.9063],[151.2268,-33.9045],[151.2255,-33.9148],[151.236,-33.919],[151.2393,-33.9258],[151.2379,-33.9328],[151.2482,-33.9342]]]}},{"type":"Feature","properties":{"pc":"2033"},"geometry":{"type":"Polygon","coordinates":[[[151.2153,-33.9245],[151.2264,-33.9194],[151.236,-33.919],[151.2255,-33.9148],[151.2268,-33.9045],[151.2143,-33.9038],[151.2129,-33.9123],[151.2113,-33.9198],[151.2153,-33.9245]]]}},{"type":"Feature","properties":{"pc":"2035"},"geometry":{"type":"Polygon","coordinates":[[[151.2583,-33.9538],[151.2592,-33.9453],[151.2657,-33.9414],[151.2612,-33.9363],[151.2576,-33.9378],[151.2482,-33.9342],[151.2379,-33.9328],[151.2226,-33.932],[151.2207,-33.9277],[151.2187,-33.936],[151.2141,-33.9392],[151.2076,-33.9359],[151.197,-33.9373],[151.2053,-33.9402],[151.2093,-33.9456],[151.2169,-33.9423],[151.2216,-33.9455],[151.227,-33.9457],[151.2317,-33.9521],[151.2384,-33.9512],[151.2457,-33.958],[151.2539,-33.9518],[151.2583,-33.9538]]]}},{"type":"Feature","properties":{"pc":"2036"},"geometry":{"type":"Polygon","coordinates":[[[151.2583,-33.9538],[151.2539,-33.9518],[151.2457,-33.958],[151.2384,-33.9512],[151.2317,-33.9521],[151.227,-33.9457],[151.2216,-33.9455],[151.2237,-33.9578],[151.2207,-33.9684],[151.2115,-33.972],[151.2098,-33.9824],[151.2231,-33.9761],[151.2291,-33.9796],[151.232,-33.9908],[151.2375,-33.9906],[151.2375,-33.9974],[151.2494,-33.9987],[151.2531,-33.9913],[151.2541,-33.9833],[151.258,-33.977],[151.2575,-33.9716],[151.2656,-33.9686],[151.2657,-33.9593],[151.2583,-33.9538]]]}},{"type":"Feature","properties":{"pc":"2037"},"geometry":{"type":"Polygon","coordinates":[[[151.1923,-33.8739],[151.1848,-33.8709],[151.1774,-33.8727],[151.1762,-33.8827],[151.182,-33.8855],[151.1949,-33.8844],[151.194,-33.8761],[151.1923,-33.8739]]]}},{"type":"Feature","properties":{"pc":"2040"},"geometry":{"type":"Polygon","coordinates":[[[151.145,-33.8897],[151.1614,-33.888],[151.1621,-33.8881],[151.172,-33.8721],[151.1655,-33.8642],[151.1611,-33.8625],[151.1531,-33.8663],[151.1505,-33.8721],[151.1449,-33.8822],[151.145,-33.8897]]]}},{"type":"Feature","properties":{"pc":"2042"},"geometry":{"type":"Polygon","coordinates":[[[151.1816,-33.9069],[151.1853,-33.8969],[151.1893,-33.894],[151.1884,-33.8913],[151.1718,-33.8948],[151.1641,-33.8998],[151.1715,-33.9024],[151.1752,-33.9089],[151.1816,-33.9069]]]}},{"type":"Feature","properties":{"pc":"2046"},"geometry":{"type":"Polygon","coordinates":[[[151.1277,-33.8742],[151.1421,-33.8704],[151.1498,-33.862],[151.1424,-33.8533],[151.142,-33.8458],[151.1257,-33.8505],[151.1286,-33.8601],[151.1188,-33.8646],[151.1159,-33.8607],[151.1116,-33.8697],[151.1117,-33.8697],[151.1233,-33.8715],[151.1275,-33.8742],[151.1277,-33.8742]]]}},{"type":"Feature","properties":{"pc":"2048"},"geometry":{"type":"Polygon","coordinates":[[[151.1641,-33.8998],[151.1718,-33.8948],[151.1727,-33.8875],[151.1621,-33.8881],[151.1614,-33.888],[151.1609,-33.8986],[151.1641,-33.8998]]]}},{"type":"Feature","properties":{"pc":"2049"},"geometry":{"type":"Polygon","coordinates":[[[151.1491,-33.901],[151.1609,-33.8986],[151.1614,-33.888],[151.145,-33.8897],[151.1425,-33.8953],[151.1491,-33.901]]]}},{"type":"Feature","properties":{"pc":"2050"},"geometry":{"type":"Polygon","coordinates":[[[151.1718,-33.8948],[151.1884,-33.8913],[151.1949,-33.8844],[151.182,-33.8855],[151.1762,-33.8827],[151.1727,-33.8875],[151.1718,-33.8948]]]}},{"type":"Feature","properties":{"pc":"2060"},"geometry":{"type":"Polygon","coordinates":[[[151.1942,-33.8382],[151.1946,-33.8418],[151.2024,-33.8464],[151.2094,-33.8462],[151.2157,-33.8444],[151.2152,-33.8411],[151.2114,-33.8386],[151.2147,-33.8298],[151.2087,-33.8289],[151.1942,-33.8382]]]}},{"type":"Feature","properties":{"pc":"2064"},"geometry":{"type":"Polygon","coordinates":[[[151.1789,-33.8166],[151.1867,-33.8224],[151.1938,-33.8126],[151.1915,-33.802],[151.1793,-33.8054],[151.1755,-33.8119],[151.1789,-33.8166]]]}},{"type":"Feature","properties":{"pc":"2065"},"geometry":{"type":"Polygon","coordinates":[[[151.1942,-33.8382],[151.2087,-33.8289],[151.2056,-33.8218],[151.2104,-33.8177],[151.2056,-33.8134],[151.1938,-33.8126],[151.1867,-33.8224],[151.1789,-33.8166],[151.1821,-33.8297],[151.185,-33.8388],[151.1942,-33.8382]]]}},{"type":"Feature","properties":{"pc":"2067"},"geometry":{"type":"Polygon","coordinates":[[[151.1793,-33.8054],[151.1915,-33.802],[151.1952,-33.793],[151.2018,-33.7874],[151.2007,-33.7849],[151.1805,-33.791],[151.1664,-33.792],[151.1568,-33.7921],[151.1543,-33.8005],[151.1714,-33.807],[151.1793,-33.8054]]]}},{"type":"Feature","properties":{"pc":"2069"},"geometry":{"type":"Polygon","coordinates":[[[151.1985,-33.7681],[151.193,-33.7733],[151.1817,-33.7743],[151.1727,-33.7783],[151.1664,-33.792],[151.1805,-33.791],[151.2007,-33.7849],[151.2018,-33.7874],[151.2149,-33.7906],[151.2257,-33.7932],[151.2331,-33.7897],[151.2301,-33.7851],[151.2223,-33.7862],[151.2134,-33.7843],[151.2113,-33.7786],[151.2029,-33.7735],[151.1985,-33.7681]]]}},{"type":"Feature","properties":{"pc":"2070"},"geometry":{"type":"Polygon","coordinates":[[[151.1664,-33.792],[151.1727,-33.7783],[151.1817,-33.7743],[151.193,-33.7733],[151.1985,-33.7681],[151.1984,-33.7624],[151.1924,-33.759],[151.1757,-33.7678],[151.1708,-33.7671],[151.1619,-33.7711],[151.1559,-33.7765],[151.1486,-33.7756],[151.1434,-33.7831],[151.1568,-33.7921],[151.1664,-33.792]]]}},{"type":"Feature","properties":{"pc":"2072"},"geometry":{"type":"Polygon","coordinates":[[[151.1425,-33.7711],[151.1485,-33.7636],[151.1658,-33.7565],[151.1711,-33.7516],[151.1582,-33.7428],[151.1565,-33.7491],[151.1509,-33.7476],[151.1409,-33.7546],[151.1425,-33.7711]]]}},{"type":"Feature","properties":{"pc":"2073"},"geometry":{"type":"Polygon","coordinates":[[[151.1582,-33.7428],[151.1555,-33.733],[151.1478,-33.7308],[151.1394,-33.7291],[151.1385,-33.7343],[151.1332,-33.7375],[151.1181,-33.7529],[151.1188,-33.7625],[151.1223,-33.7702],[151.1265,-33.7728],[151.138,-33.7744],[151.1425,-33.7711],[151.1409,-33.7546],[151.1509,-33.7476],[151.1565,-33.7491],[151.1582,-33.7428]]]}},{"type":"Feature","properties":{"pc":"2075"},"geometry":{"type":"Polygon","coordinates":[[[151.1675,-33.6881],[151.1548,-33.7079],[151.1551,-33.7144],[151.149,-33.7226],[151.1478,-33.7308],[151.1555,-33.733],[151.1582,-33.7428],[151.1711,-33.7516],[151.1801,-33.7467],[151.1907,-33.7474],[151.1884,-33.7436],[151.1804,-33.7401],[151.1826,-33.7324],[151.1875,-33.7282],[151.1903,-33.709],[151.1914,-33.7027],[151.1884,-33.6985],[151.1763,-33.6979],[151.1675,-33.6881]]]}},{"type":"Feature","properties":{"pc":"2076"},"geometry":{"type":"Polygon","coordinates":[[[151.0928,-33.7459],[151.1076,-33.7412],[151.1197,-33.7283],[151.1227,-33.7192],[151.1294,-33.7206],[151.1317,-33.7165],[151.1434,-33.7164],[151.1443,-33.7091],[151.1408,-33.6969],[151.1377,-33.6931],[151.1378,-33.6844],[151.1291,-33.6895],[151.1237,-33.6889],[151.1175,-33.7013],[151.1099,-33.7075],[151.1094,-33.7127],[151.0986,-33.7163],[151.0901,-33.7142],[151.0886,-33.7248],[151.0903,-33.7384],[151.0928,-33.7459]]]}},{"type":"Feature","properties":{"pc":"2077"},"geometry":{"type":"Polygon","coordinates":[[[151.138,-33.6834],[151.1056,-33.6796],[151.1028,-33.6712],[151.1112,-33.6574],[151.1105,-33.652],[151.1153,-33.6464],[151.1203,-33.643],[151.1178,-33.635],[151.1191,-33.6261],[151.1106,-33.6263],[151.1103,-33.6334],[151.1017,-33.6385],[151.1002,-33.6471],[151.0941,-33.6486],[151.0875,-33.6547],[151.08,-33.6649],[151.0864,-33.6692],[151.0875,-33.6783],[151.0809,-33.6822],[151.0819,-33.6937],[151.0797,-33.7053],[151.0901,-33.7142],[151.0986,-33.7163],[151.1094,-33.7127],[151.1099,-33.7075],[151.1175,-33.7013],[151.1237,-33.6889],[151.1291,-33.6895],[151.1378,-33.6844],[151.138,-33.6834]]]}},{"type":"Feature","properties":{"pc":"2084"},"geometry":{"type":"Polygon","coordinates":[[[151.1903,-33.709],[151.2012,-33.7083],[151.2126,-33.7008],[151.2167,-33.7077],[151.2295,-33.7094],[151.233,-33.6856],[151.2477,-33.6819],[151.2537,-33.6702],[151.259,-33.6729],[151.266,-33.6711],[151.2673,-33.6645],[151.2776,-33.6649],[151.279,-33.6599],[151.273,-33.6591],[151.2725,-33.659],[151.2746,-33.645],[151.277,-33.6382],[151.2773,-33.6382],[151.2749,-33.635],[151.2759,-33.6329],[151.2767,-33.6288],[151.2834,-33.6241],[151.3029,-33.6205],[151.3006,-33.6142],[151.3047,-33.6041],[151.3026,-33.6025],[151.2945,-33.6061],[151.3032,-33.5942],[151.3013,-33.5892],[151.3073,-33.5862],[151.3107,-33.5789],[151.308,-33.5755],[151.2981,-33.5724],[151.2832,-33.5734],[151.2829,-33.5778],[151.2608,-33.59],[151.2495,-33.5887],[151.2543,-33.6037],[151.2391,-33.5997],[151.2317,-33.6036],[151.2284,-33.6014],[151.2183,-33.6015],[151.2237,-33.6088],[151.2155,-33.6128],[151.2051,-33.6154],[151.1961,-33.6222],[151.1877,-33.6216],[151.1836,-33.6254],[151.1759,-33.6272],[151.1734,-33.6319],[151.1651,-33.6394],[151.1641,-33.6562],[151.1615,-33.6596],[151.1689,-33.6678],[151.1672,-33.6723],[151.1719,-33.6775],[151.1659,-33.6861],[151.1675,-33.6881],[151.1763,-33.6979],[151.1884,-33.6985],[151.1914,-33.7027],[151.1903,-33.709]]]}},{"type":"Feature","properties":{"pc":"2088"},"geometry":{"type":"Polygon","coordinates":[[[151.229,-33.8378],[151.2333,-33.8442],[151.2438,-33.8468],[151.2525,-33.8399],[151.2612,-33.8379],[151.2622,-33.8258],[151.252,-33.8265],[151.2519,-33.8154],[151.244,-33.8099],[151.2361,-33.8113],[151.2311,-33.8167],[151.2329,-33.8183],[151.229,-33.8378]]]}},{"type":"Feature","properties":{"pc":"2090"},"geometry":{"type":"Polygon","coordinates":[[[151.2311,-33.8167],[151.224,-33.8214],[151.2173,-33.828],[151.2222,-33.8301],[151.2248,-33.8393],[151.229,-33.8378],[151.2329,-33.8183],[151.2311,-33.8167]]]}},{"type":"Feature","properties":{"pc":"2095"},"geometry":{"type":"Polygon","coordinates":[[[151.2892,-33.7862],[151.2839,-33.7845],[151.2765,-33.7847],[151.2747,-33.7876],[151.2803,-33.7922],[151.2772,-33.8002],[151.2865,-33.8023],[151.2887,-33.8082],[151.2857,-33.819],[151.3,-33.8239],[151.3043,-33.8069],[151.2986,-33.7994],[151.294,-33.8009],[151.2881,-33.7945],[151.2892,-33.7862]]]}},{"type":"Feature","properties":{"pc":"2097"},"geometry":{"type":"Polygon","coordinates":[[[151.2999,-33.725],[151.2758,-33.723],[151.2767,-33.7308],[151.2861,-33.7333],[151.2943,-33.7451],[151.2914,-33.7466],[151.3038,-33.7461],[151.3111,-33.7431],[151.3017,-33.7313],[151.2999,-33.725]]]}},{"type":"Feature","properties":{"pc":"2100"},"geometry":{"type":"Polygon","coordinates":[[[151.2839,-33.7845],[151.2784,-33.7816],[151.2737,-33.7749],[151.2786,-33.7726],[151.2792,-33.7662],[151.2806,-33.759],[151.2687,-33.7569],[151.2697,-33.7511],[151.2628,-33.7436],[151.2439,-33.7414],[151.2498,-33.752],[151.2491,-33.7567],[151.2351,-33.7557],[151.2335,-33.7659],[151.2383,-33.7787],[151.2432,-33.7816],[151.2515,-33.7831],[151.261,-33.777],[151.2707,-33.7754],[151.2765,-33.7847],[151.2839,-33.7845]]]}},{"type":"Feature","properties":{"pc":"2101"},"geometry":{"type":"MultiPolygon","coordinates":[[[[151.2999,-33.725],[151.3002,-33.7181],[151.3074,-33.7031],[151.3001,-33.7048],[151.294,-33.721],[151.2826,-33.7146],[151.2757,-33.723],[151.2758,-33.723],[151.2999,-33.725]]],[[[151.2698,-33.716],[151.2812,-33.7087],[151.2902,-33.7118],[151.2968,-33.7113],[151.2979,-33.7039],[151.307,-33.7023],[151.3102,-33.7032],[151.3068,-33.6999],[151.2919,-33.6964],[151.2835,-33.6918],[151.2822,-33.6749],[151.2843,-33.664],[151.279,-33.6599],[151.2776,-33.6649],[151.2673,-33.6645],[151.266,-33.6711],[151.259,-33.6729],[151.2537,-33.6702],[151.2477,-33.6819],[151.233,-33.6856],[151.2295,-33.7094],[151.2366,-33.7104],[151.2379,-33.7147],[151.2397,-33.7173],[151.2525,-33.7189],[151.2569,-33.7161],[151.2698,-33.716]]]]}},{"type":"Feature","properties":{"pc":"2110"},"geometry":{"type":"Polygon","coordinates":[[[151.1359,-33.8365],[151.1532,-33.8378],[151.168,-33.8436],[151.1698,-33.8393],[151.1622,-33.8376],[151.157,-33.8325],[151.1438,-33.8291],[151.1468,-33.8199],[151.1369,-33.8152],[151.1363,-33.8148],[151.1377,-33.818],[151.1302,-33.8281],[151.1359,-33.8365]]]}},{"type":"Feature","properties":{"pc":"2112"},"geometry":{"type":"Polygon","coordinates":[[[151.1097,-33.7938],[151.1062,-33.7904],[151.1003,-33.794],[151.0902,-33.7929],[151.0988,-33.7992],[151.103,-33.8073],[151.0928,-33.816],[151.0929,-33.8196],[151.0998,-33.8246],[151.1037,-33.8303],[151.1136,-33.8301],[151.1158,-33.8248],[151.124,-33.8168],[151.1352,-33.8141],[151.1282,-33.8071],[151.1097,-33.7938]]]}},{"type":"Feature","properties":{"pc":"2113"},"geometry":{"type":"Polygon","coordinates":[[[151.1156,-33.7612],[151.1128,-33.7673],[151.1047,-33.7751],[151.1169,-33.7841],[151.1097,-33.7938],[151.1282,-33.8071],[151.1352,-33.8141],[151.1363,-33.8148],[151.1369,-33.8152],[151.1436,-33.8029],[151.1452,-33.7998],[151.1543,-33.8005],[151.1568,-33.7921],[151.1434,-33.7831],[151.1395,-33.782],[151.138,-33.7744],[151.1265,-33.7728],[151.1223,-33.7702],[151.1188,-33.7625],[151.1156,-33.7612]]]}},{"type":"Feature","properties":{"pc":"2114"},"geometry":{"type":"Polygon","coordinates":[[[151.0929,-33.8196],[151.0928,-33.816],[151.103,-33.8073],[151.0988,-33.7992],[151.0902,-33.7929],[151.0798,-33.7977],[151.0704,-33.7996],[151.0654,-33.7968],[151.0675,-33.8226],[151.073,-33.8187],[151.0929,-33.8196]]]}},{"type":"Feature","properties":{"pc":"2116"},"geometry":{"type":"Polygon","coordinates":[[[151.0501,-33.8033],[151.043,-33.8064],[151.0319,-33.8048],[151.028,-33.809],[151.0226,-33.8143],[151.0351,-33.8191],[151.0444,-33.8186],[151.05,-33.8242],[151.0511,-33.8242],[151.0531,-33.8094],[151.0501,-33.8033]]]}},{"type":"Feature","properties":{"pc":"2118"},"geometry":{"type":"Polygon","coordinates":[[[151.0655,-33.7907],[151.0696,-33.7861],[151.064,-33.7842],[151.0574,-33.7704],[151.0647,-33.7622],[151.0545,-33.7654],[151.0489,-33.7586],[151.0349,-33.7609],[151.0293,-33.7634],[151.0322,-33.7721],[151.0313,-33.7786],[151.0265,-33.7799],[151.0278,-33.788],[151.0359,-33.7862],[151.0488,-33.7892],[151.0527,-33.7852],[151.0579,-33.7894],[151.0655,-33.7907]]]}},{"type":"Feature","properties":{"pc":"2120"},"geometry":{"type":"Polygon","coordinates":[[[151.0819,-33.6937],[151.0671,-33.704],[151.0671,-33.7094],[151.0582,-33.7171],[151.0543,-33.7325],[151.0565,-33.7417],[151.0602,-33.7403],[151.074,-33.746],[151.081,-33.7507],[151.0889,-33.7528],[151.1001,-33.7535],[151.0986,-33.7485],[151.0928,-33.7459],[151.0903,-33.7384],[151.0886,-33.7248],[151.0901,-33.7142],[151.0797,-33.7053],[151.0819,-33.6937]]]}},{"type":"Feature","properties":{"pc":"2122"},"geometry":{"type":"Polygon","coordinates":[[[151.1097,-33.7938],[151.1169,-33.7841],[151.1047,-33.7751],[151.1128,-33.7673],[151.1156,-33.7612],[151.1054,-33.7612],[151.0969,-33.7672],[151.0914,-33.7809],[151.0696,-33.7832],[151.0696,-33.7861],[151.0655,-33.7907],[151.0652,-33.7965],[151.0654,-33.7968],[151.0704,-33.7996],[151.0798,-33.7977],[151.0902,-33.7929],[151.1003,-33.794],[151.1062,-33.7904],[151.1097,-33.7938]]]}},{"type":"Feature","properties":{"pc":"2127"},"geometry":{"type":"Polygon","coordinates":[[[151.0824,-33.8393],[151.0753,-33.8327],[151.084,-33.8225],[151.0726,-33.8206],[151.0646,-33.8249],[151.0512,-33.8247],[151.0544,-33.8285],[151.0527,-33.8407],[151.047,-33.8436],[151.0512,-33.847],[151.0603,-33.8461],[151.064,-33.8561],[151.0692,-33.8583],[151.0814,-33.85],[151.0824,-33.8393]]]}},{"type":"Feature","properties":{"pc":"2128"},"geometry":{"type":"Polygon","coordinates":[[[151.047,-33.8436],[151.0527,-33.8407],[151.0544,-33.8285],[151.0512,-33.8247],[151.0511,-33.8242],[151.05,-33.8242],[151.0451,-33.8296],[151.0352,-33.8318],[151.0301,-33.8352],[151.0444,-33.8424],[151.047,-33.8436]]]}},{"type":"Feature","properties":{"pc":"2130"},"geometry":{"type":"Polygon","coordinates":[[[151.145,-33.8897],[151.139,-33.886],[151.1323,-33.8898],[151.132,-33.9009],[151.1425,-33.8953],[151.145,-33.8897]]]}},{"type":"Feature","properties":{"pc":"2131"},"geometry":{"type":"Polygon","coordinates":[[[151.132,-33.9009],[151.1323,-33.8898],[151.139,-33.886],[151.135,-33.8843],[151.1277,-33.8742],[151.1275,-33.8742],[151.1228,-33.8777],[151.1163,-33.8883],[151.1164,-33.8915],[151.1166,-33.8957],[151.1251,-33.8957],[151.1238,-33.9025],[151.1286,-33.9047],[151.132,-33.9009]]]}},{"type":"Feature","properties":{"pc":"2132"},"geometry":{"type":"Polygon","coordinates":[[[151.1275,-33.8742],[151.1233,-33.8715],[151.1117,-33.8697],[151.1099,-33.8822],[151.1071,-33.8867],[151.107,-33.891],[151.1164,-33.8915],[151.1163,-33.8883],[151.1228,-33.8777],[151.1275,-33.8742]]]}},{"type":"Feature","properties":{"pc":"2133"},"geometry":{"type":"Polygon","coordinates":[[[151.11,-33.9032],[151.1166,-33.8957],[151.1164,-33.8915],[151.107,-33.891],[151.1002,-33.8945],[151.0906,-33.8931],[151.089,-33.8998],[151.0926,-33.9021],[151.11,-33.9032]]]}},{"type":"Feature","properties":{"pc":"2134"},"geometry":{"type":"Polygon","coordinates":[[[151.0955,-33.886],[151.1071,-33.8867],[151.1099,-33.8822],[151.1117,-33.8697],[151.1116,-33.8697],[151.1011,-33.8684],[151.0985,-33.8713],[151.0955,-33.886]]]}},{"type":"Feature","properties":{"pc":"2135"},"geometry":{"type":"Polygon","coordinates":[[[151.0696,-33.8859],[151.0877,-33.8927],[151.0955,-33.886],[151.0985,-33.8713],[151.1011,-33.8684],[151.0908,-33.8655],[151.0847,-33.8712],[151.0782,-33.8681],[151.0724,-33.8707],[151.0613,-33.8666],[151.0656,-33.8722],[151.0615,-33.883],[151.0696,-33.8859]]]}},{"type":"Feature","properties":{"pc":"2136"},"geometry":{"type":"Polygon","coordinates":[[[151.1071,-33.8867],[151.0955,-33.886],[151.0877,-33.8927],[151.0696,-33.8859],[151.0671,-33.8904],[151.0717,-33.9028],[151.0773,-33.9073],[151.0795,-33.8981],[151.089,-33.8998],[151.0906,-33.8931],[151.1002,-33.8945],[151.107,-33.891],[151.1071,-33.8867]]]}},{"type":"Feature","properties":{"pc":"2137"},"geometry":{"type":"Polygon","coordinates":[[[151.1159,-33.8607],[151.1151,-33.8497],[151.1117,-33.8378],[151.1059,-33.8375],[151.0994,-33.8426],[151.0914,-33.8556],[151.0823,-33.8526],[151.0848,-33.8601],[151.0908,-33.8655],[151.1011,-33.8684],[151.1116,-33.8697],[151.1159,-33.8607]]]}},{"type":"Feature","properties":{"pc":"2138"},"geometry":{"type":"Polygon","coordinates":[[[151.0823,-33.8526],[151.0914,-33.8556],[151.0994,-33.8426],[151.0993,-33.8323],[151.0896,-33.8305],[151.0938,-33.8244],[151.0872,-33.823],[151.0832,-33.8279],[151.0824,-33.8393],[151.0814,-33.85],[151.0823,-33.8526]]]}},{"type":"Feature","properties":{"pc":"2140"},"geometry":{"type":"Polygon","coordinates":[[[151.0908,-33.8655],[151.0848,-33.8601],[151.0823,-33.8526],[151.0814,-33.85],[151.0692,-33.8583],[151.064,-33.8561],[151.0606,-33.8606],[151.0613,-33.8666],[151.0724,-33.8707],[151.0782,-33.8681],[151.0847,-33.8712],[151.0908,-33.8655]]]}},{"type":"Feature","properties":{"pc":"2141"},"geometry":{"type":"Polygon","coordinates":[[[151.0394,-33.8877],[151.0615,-33.883],[151.0656,-33.8722],[151.0613,-33.8666],[151.0606,-33.8606],[151.064,-33.8561],[151.0603,-33.8461],[151.0512,-33.847],[151.047,-33.8436],[151.0444,-33.8424],[151.0433,-33.848],[151.0383,-33.852],[151.0368,-33.862],[151.0311,-33.8673],[151.027,-33.8668],[151.0251,-33.8766],[151.0288,-33.8801],[151.0365,-33.8812],[151.0394,-33.8877]]]}},{"type":"Feature","properties":{"pc":"2142"},"geometry":{"type":"Polygon","coordinates":[[[151.0038,-33.8707],[151.0132,-33.8696],[151.0139,-33.8601],[151.0178,-33.8505],[151.0178,-33.8389],[151.0244,-33.8344],[151.0301,-33.8352],[151.0352,-33.8318],[151.0451,-33.8296],[151.05,-33.8242],[151.0444,-33.8186],[151.0351,-33.8191],[151.0226,-33.8143],[151.0221,-33.818],[151.013,-33.8269],[151.0073,-33.8245],[150.9943,-33.8266],[150.9924,-33.833],[151.0018,-33.8371],[151.0066,-33.8418],[151.0066,-33.8513],[151.0083,-33.8522],[151.0038,-33.8707]]]}},{"type":"Feature","properties":{"pc":"2144"},"geometry":{"type":"Polygon","coordinates":[[[151.0251,-33.8766],[151.027,-33.8668],[151.0311,-33.8673],[151.0368,-33.862],[151.0383,-33.852],[151.0433,-33.848],[151.0444,-33.8424],[151.0301,-33.8352],[151.0244,-33.8344],[151.0178,-33.8389],[151.0178,-33.8505],[151.0139,-33.8601],[151.0132,-33.8696],[151.0121,-33.8747],[151.0155,-33.8797],[151.0251,-33.8766]]]}},{"type":"Feature","properties":{"pc":"2145"},"geometry":{"type":"Polygon","coordinates":[[[150.9772,-33.7897],[150.973,-33.7865],[150.9691,-33.7951],[150.9528,-33.7956],[150.9519,-33.7906],[150.9389,-33.7945],[150.9377,-33.8007],[150.9308,-33.8056],[150.916,-33.8054],[150.9154,-33.8151],[150.9089,-33.8254],[150.9163,-33.8373],[150.9273,-33.8406],[150.9251,-33.8336],[150.958,-33.838],[150.9603,-33.8303],[150.9695,-33.8289],[150.984,-33.8203],[150.9883,-33.8239],[150.9941,-33.8214],[150.99,-33.8109],[150.9957,-33.8034],[150.999,-33.804],[150.9962,-33.7989],[150.979,-33.7996],[150.9837,-33.7948],[150.9772,-33.7897]]]}},{"type":"Feature","properties":{"pc":"2146"},"geometry":{"type":"Polygon","coordinates":[[[150.9794,-33.7848],[150.9736,-33.7812],[150.9669,-33.7811],[150.9559,-33.7805],[150.9515,-33.7774],[150.9441,-33.7824],[150.9433,-33.7871],[150.9261,-33.7969],[150.9308,-33.8056],[150.9377,-33.8007],[150.9389,-33.7945],[150.9519,-33.7906],[150.9528,-33.7956],[150.9691,-33.7951],[150.973,-33.7865],[150.9772,-33.7897],[150.9794,-33.7848]]]}},{"type":"Feature","properties":{"pc":"2147"},"geometry":{"type":"Polygon","coordinates":[[[150.9261,-33.7969],[150.9433,-33.7871],[150.9441,-33.7824],[150.9515,-33.7774],[150.9559,-33.7805],[150.9669,-33.7811],[150.9607,-33.7733],[150.9577,-33.7629],[150.9532,-33.7546],[150.9404,-33.7464],[150.9313,-33.7426],[150.9177,-33.7393],[150.9164,-33.7476],[150.9263,-33.7507],[150.922,-33.7546],[150.9186,-33.7708],[150.921,-33.7855],[150.9191,-33.7926],[150.9261,-33.7969]]]}},{"type":"Feature","properties":{"pc":"2148"},"geometry":{"type":"Polygon","coordinates":[[[150.9261,-33.7969],[150.9191,-33.7926],[150.921,-33.7855],[150.9186,-33.7708],[150.922,-33.7546],[150.9263,-33.7507],[150.9164,-33.7476],[150.9177,-33.7393],[150.9179,-33.7385],[150.9043,-33.7362],[150.897,-33.7375],[150.8909,-33.7432],[150.8868,-33.7402],[150.8798,-33.7473],[150.8873,-33.7522],[150.8821,-33.781],[150.8725,-33.7832],[150.8711,-33.7923],[150.8702,-33.8004],[150.8893,-33.8008],[150.8857,-33.807],[150.879,-33.8053],[150.8728,-33.8107],[150.8709,-33.8238],[150.8844,-33.8295],[150.8915,-33.8308],[150.9089,-33.8254],[150.9154,-33.8151],[150.916,-33.8054],[150.9308,-33.8056],[150.9261,-33.7969]]]}},{"type":"Feature","properties":{"pc":"2150"},"geometry":{"type":"Polygon","coordinates":[[[151.0238,-33.8042],[151.0202,-33.8079],[151.007,-33.8088],[150.999,-33.804],[150.9957,-33.8034],[150.99,-33.8109],[150.9941,-33.8214],[150.9883,-33.8239],[150.9943,-33.8266],[151.0073,-33.8245],[151.013,-33.8269],[151.0221,-33.818],[151.0226,-33.8143],[151.028,-33.809],[151.0238,-33.8042]]]}},{"type":"Feature","properties":{"pc":"2151"},"geometry":{"type":"Polygon","coordinates":[[[151.0238,-33.8042],[151.0245,-33.8007],[151.0142,-33.7964],[151.0278,-33.788],[151.0265,-33.7799],[151.0313,-33.7786],[151.0322,-33.7721],[151.0293,-33.7634],[151.0192,-33.7594],[151.0104,-33.7591],[151.0052,-33.7669],[151.0057,-33.7753],[151.0095,-33.782],[150.9973,-33.7911],[150.9962,-33.7989],[150.999,-33.804],[151.007,-33.8088],[151.0202,-33.8079],[151.0238,-33.8042]]]}},{"type":"Feature","properties":{"pc":"2153"},"geometry":{"type":"Polygon","coordinates":[[[150.9794,-33.7848],[150.9855,-33.7884],[150.9928,-33.7805],[150.9969,-33.7816],[151.0052,-33.7669],[151.0104,-33.7591],[151.0093,-33.7553],[150.9857,-33.7416],[150.9826,-33.7365],[150.9729,-33.734],[150.9724,-33.7251],[150.9637,-33.7197],[150.9401,-33.7255],[150.9532,-33.7546],[150.9577,-33.7629],[150.9607,-33.7733],[150.9669,-33.7811],[150.9736,-33.7812],[150.9794,-33.7848]]]}},{"type":"Feature","properties":{"pc":"2154"},"geometry":{"type":"Polygon","coordinates":[[[150.9841,-33.7035],[150.9833,-33.7112],[150.9671,-33.716],[150.9637,-33.7197],[150.9724,-33.7251],[150.9729,-33.734],[150.9826,-33.7365],[150.9857,-33.7416],[151.0093,-33.7553],[151.012,-33.7502],[151.0215,-33.7421],[151.0214,-33.735],[151.0248,-33.7322],[151.0319,-33.7203],[151.0247,-33.7103],[151.0161,-33.7147],[151.0016,-33.7146],[150.9966,-33.7131],[150.9888,-33.7034],[150.9841,-33.7035]]]}},{"type":"Feature","properties":{"pc":"2155"},"geometry":{"type":"Polygon","coordinates":[[[150.9637,-33.7197],[150.9671,-33.716],[150.9833,-33.7112],[150.9841,-33.7035],[150.9697,-33.6937],[150.9621,-33.6798],[150.9491,-33.6739],[150.9467,-33.668],[150.93,-33.6598],[150.9272,-33.655],[150.9229,-33.657],[150.9154,-33.6661],[150.9063,-33.6726],[150.893,-33.6624],[150.8789,-33.6702],[150.8885,-33.6828],[150.8949,-33.6889],[150.9025,-33.6848],[150.9081,-33.6938],[150.917,-33.6919],[150.9193,-33.6976],[150.9127,-33.6987],[150.9134,-33.7042],[150.9107,-33.7156],[150.9176,-33.7161],[150.9236,-33.7051],[150.9303,-33.7042],[150.9401,-33.7255],[150.9637,-33.7197]]]}},{"type":"Feature","properties":{"pc":"2156"},"geometry":{"type":"Polygon","coordinates":[[[151.0247,-33.7103],[151.0226,-33.7072],[151.0118,-33.7027],[151.0094,-33.6962],[150.9983,-33.6922],[151.0012,-33.6844],[151.0144,-33.685],[151.0147,-33.6718],[151.0096,-33.6705],[151.0092,-33.6538],[151.0052,-33.6505],[151.0061,-33.6418],[151.0014,-33.6354],[150.9924,-33.6314],[150.9932,-33.6269],[150.987,-33.6242],[150.9854,-33.6194],[150.9776,-33.6155],[150.976,-33.6088],[150.9682,-33.6049],[150.9598,-33.6066],[150.9516,-33.6052],[150.9495,-33.5984],[150.9395,-33.5879],[150.9423,-33.5846],[150.9338,-33.5881],[150.9359,-33.5924],[150.9301,-33.5995],[150.9328,-33.605],[150.9366,-33.6232],[150.9318,-33.63],[150.9236,-33.6295],[150.9279,-33.6365],[150.9272,-33.6419],[150.9358,-33.6415],[150.9365,-33.6496],[150.928,-33.6491],[150.9272,-33.655],[150.93,-33.6598],[150.9467,-33.668],[150.9491,-33.6739],[150.9621,-33.6798],[150.9697,-33.6937],[150.9841,-33.7035],[150.9888,-33.7034],[150.9966,-33.7131],[151.0016,-33.7146],[151.0161,-33.7147],[151.0247,-33.7103]]]}},{"type":"Feature","properties":{"pc":"2157"},"geometry":{"type":"Polygon","coordinates":[[[151.0307,-33.6368],[151.0286,-33.622],[151.035,-33.6115],[151.0333,-33.6051],[151.0363,-33.5873],[151.033,-33.5784],[151.0332,-33.5624],[151.0296,-33.5567],[151.0308,-33.5447],[151.0423,-33.5425],[151.0461,-33.5355],[151.0579,-33.533],[151.0684,-33.5234],[151.0776,-33.5261],[151.0874,-33.5218],[151.0986,-33.5249],[151.1101,-33.5207],[151.116,-33.5108],[151.1129,-33.5057],[151.1223,-33.5043],[151.1212,-33.5119],[151.1275,-33.5175],[151.1309,-33.513],[151.1362,-33.5147],[151.1403,-33.5239],[151.1497,-33.5209],[151.1532,-33.5142],[151.1529,-33.5044],[151.1554,-33.4991],[151.1461,-33.4958],[151.1427,-33.4913],[151.1479,-33.4831],[151.1457,-33.4733],[151.1352,-33.4746],[151.1262,-33.4667],[151.1158,-33.4714],[151.1057,-33.4828],[151.0974,-33.4835],[151.0898,-33.4804],[151.0855,-33.4753],[151.0808,-33.4745],[151.0768,-33.4851],[151.0652,-33.4818],[151.0636,-33.4776],[151.0528,-33.4782],[151.0333,-33.4657],[151.0245,-33.4687],[151.0263,-33.4727],[151.0246,-33.4856],[151.0281,-33.4916],[151.0225,-33.5048],[151.0153,-33.5078],[151.0048,-33.5054],[150.9937,-33.5103],[150.9819,-33.5084],[150.9798,-33.5194],[150.9817,-33.5217],[150.9793,-33.5381],[150.9658,-33.5443],[150.9578,-33.5507],[150.9468,-33.5425],[150.9446,-33.5539],[150.9379,-33.5648],[150.9418,-33.577],[150.9423,-33.5846],[150.9395,-33.5879],[150.9495,-33.5984],[150.9516,-33.6052],[150.9598,-33.6066],[150.9682,-33.6049],[150.976,-33.6088],[150.9776,-33.6155],[150.9854,-33.6194],[150.987,-33.6242],[150.9937,-33.6238],[151.0111,-33.6262],[151.0123,-33.6223],[151.0236,-33.6238],[151.0225,-33.6352],[151.0307,-33.6368]]]}},{"type":"Feature","properties":{"pc":"2158"},"geometry":{"type":"Polygon","coordinates":[[[151.0247,-33.7103],[151.0319,-33.7203],[151.0342,-33.7153],[151.0446,-33.7113],[151.0478,-33.7064],[151.0671,-33.704],[151.0819,-33.6937],[151.0809,-33.6822],[151.0875,-33.6783],[151.0864,-33.6692],[151.08,-33.6649],[151.0736,-33.6735],[151.0574,-33.6703],[151.0497,-33.6633],[151.0328,-33.6617],[151.0336,-33.6545],[151.0306,-33.6483],[151.0307,-33.6368],[151.0225,-33.6352],[151.0236,-33.6238],[151.0123,-33.6223],[151.0111,-33.6262],[150.9937,-33.6238],[150.987,-33.6242],[150.9932,-33.6269],[150.9924,-33.6314],[151.0014,-33.6354],[151.0061,-33.6418],[151.0052,-33.6505],[151.0092,-33.6538],[151.0096,-33.6705],[151.0147,-33.6718],[151.0144,-33.685],[151.0012,-33.6844],[150.9983,-33.6922],[151.0094,-33.6962],[151.0118,-33.7027],[151.0226,-33.7072],[151.0247,-33.7103]]]}},{"type":"Feature","properties":{"pc":"2162"},"geometry":{"type":"Polygon","coordinates":[[[150.9855,-33.8705],[150.9814,-33.8761],[150.9887,-33.8725],[150.9944,-33.8765],[150.9924,-33.8884],[151.0015,-33.8926],[151.0081,-33.8986],[151.0138,-33.8966],[151.0164,-33.8843],[151.0155,-33.8797],[151.0121,-33.8747],[151.0132,-33.8696],[151.0038,-33.8707],[150.9947,-33.8683],[150.9905,-33.8641],[150.9855,-33.8705]]]}},{"type":"Feature","properties":{"pc":"2164"},"geometry":{"type":"Polygon","coordinates":[[[150.958,-33.838],[150.9251,-33.8336],[150.9273,-33.8406],[150.9163,-33.8373],[150.9089,-33.8254],[150.8915,-33.8308],[150.8844,-33.8295],[150.8783,-33.8348],[150.8727,-33.8465],[150.8766,-33.8511],[150.8863,-33.8532],[150.8963,-33.8517],[150.8974,-33.8565],[150.9179,-33.8591],[150.9474,-33.8631],[150.9548,-33.8556],[150.9605,-33.8442],[150.9659,-33.8411],[150.958,-33.838]]]}},{"type":"Feature","properties":{"pc":"2166"},"geometry":{"type":"Polygon","coordinates":[[[150.9581,-33.8821],[150.9475,-33.8824],[150.9363,-33.8761],[150.9353,-33.8814],[150.926,-33.8744],[150.9166,-33.8744],[150.9154,-33.8809],[150.907,-33.8898],[150.9029,-33.8911],[150.9008,-33.8945],[150.9144,-33.8977],[150.9124,-33.9082],[150.9235,-33.9053],[150.93,-33.9072],[150.9415,-33.9029],[150.9497,-33.9055],[150.9594,-33.8989],[150.9601,-33.9046],[150.9681,-33.9108],[150.9735,-33.9099],[150.9764,-33.9036],[150.9687,-33.8967],[150.9668,-33.8898],[150.9581,-33.8821]]]}},{"type":"Feature","properties":{"pc":"2168"},"geometry":{"type":"Polygon","coordinates":[[[150.8878,-33.9041],[150.8678,-33.8958],[150.8571,-33.8944],[150.8526,-33.9189],[150.8494,-33.9248],[150.8561,-33.9264],[150.867,-33.926],[150.8737,-33.9277],[150.8989,-33.9263],[150.9051,-33.9213],[150.9041,-33.9152],[150.8987,-33.9077],[150.8878,-33.9041]]]}},{"type":"Feature","properties":{"pc":"2170"},"geometry":{"type":"Polygon","coordinates":[[[150.9132,-33.9649],[150.9316,-33.9646],[150.9363,-33.955],[150.9373,-33.9457],[150.9464,-33.9449],[150.9581,-33.9588],[150.966,-33.9546],[150.9733,-33.9514],[150.9662,-33.9436],[150.9675,-33.9328],[150.9736,-33.9289],[150.979,-33.9293],[150.9739,-33.9155],[150.9735,-33.9099],[150.9681,-33.9108],[150.9601,-33.9046],[150.9594,-33.8989],[150.9497,-33.9055],[150.9415,-33.9029],[150.93,-33.9072],[150.9235,-33.9053],[150.9124,-33.9082],[150.9144,-33.8977],[150.9008,-33.8945],[150.8956,-33.8966],[150.8878,-33.9041],[150.8987,-33.9077],[150.9041,-33.9152],[150.9051,-33.9213],[150.8989,-33.9263],[150.8737,-33.9277],[150.859,-33.9325],[150.8493,-33.9442],[150.8492,-33.9515],[150.8765,-33.9568],[150.8745,-33.9669],[150.8868,-33.9582],[150.8904,-33.961],[150.9132,-33.9649]]]}},{"type":"Feature","properties":{"pc":"2171"},"geometry":{"type":"Polygon","coordinates":[[[150.8737,-33.9277],[150.867,-33.926],[150.8561,-33.9264],[150.8494,-33.9248],[150.8526,-33.9189],[150.8571,-33.8944],[150.8646,-33.8835],[150.8539,-33.8838],[150.8425,-33.8762],[150.8286,-33.8756],[150.824,-33.8789],[150.8252,-33.8905],[150.8405,-33.8965],[150.8436,-33.9017],[150.8373,-33.905],[150.8358,-33.9114],[150.8308,-33.9107],[150.8296,-33.9206],[150.8212,-33.9284],[150.8224,-33.9345],[150.8194,-33.9459],[150.823,-33.952],[150.8358,-33.9495],[150.842,-33.9501],[150.8492,-33.9515],[150.8493,-33.9442],[150.859,-33.9325],[150.8737,-33.9277]]]}},{"type":"Feature","properties":{"pc":"2173"},"geometry":{"type":"Polygon","coordinates":[[[150.9963,-34.0602],[150.9816,-34.0548],[150.9694,-34.0532],[150.9637,-34.0496],[150.9596,-34.0408],[150.963,-34.0309],[150.9835,-34.0148],[150.9945,-34.0024],[150.9967,-33.9941],[150.9927,-33.9889],[150.9918,-33.9811],[150.9831,-33.9732],[150.9684,-33.9652],[150.966,-33.9546],[150.9581,-33.9588],[150.9464,-33.9449],[150.9373,-33.9457],[150.9363,-33.955],[150.9316,-33.9646],[150.9132,-33.9649],[150.911,-33.979],[150.9078,-33.9903],[150.9109,-34.0017],[150.9015,-34.0072],[150.9058,-34.0184],[150.8969,-34.0208],[150.8927,-34.0188],[150.8923,-34.0056],[150.8886,-34.0055],[150.8865,-34.0249],[150.8873,-34.0337],[150.8925,-34.0431],[150.8946,-34.0481],[150.8823,-34.0551],[150.8787,-34.0626],[150.8692,-34.0727],[150.8639,-34.0827],[150.8487,-34.0849],[150.8465,-34.0812],[150.8333,-34.0925],[150.8278,-34.1051],[150.8148,-34.113],[150.8508,-34.118],[150.8529,-34.1275],[150.8496,-34.1315],[150.8486,-34.1431],[150.8513,-34.146],[150.8475,-34.1539],[150.84,-34.1632],[150.8289,-34.1667],[150.8221,-34.1623],[150.8154,-34.1668],[150.8166,-34.1732],[150.8409,-34.1765],[150.855,-34.1841],[150.8595,-34.181],[150.8699,-34.1817],[150.8748,-34.1874],[150.8795,-34.1869],[150.8994,-34.1896],[150.8939,-34.1837],[150.8879,-34.1814],[150.8877,-34.1744],[150.8986,-34.1613],[150.9006,-34.1522],[150.9059,-34.1498],[150.9118,-34.123],[150.9166,-34.1175],[150.9253,-34.0933],[150.9366,-34.0951],[150.9336,-34.1094],[150.9396,-34.1118],[150.9569,-34.1039],[150.9659,-34.0958],[150.9711,-34.1001],[150.9769,-34.0857],[150.9818,-34.0798],[150.9873,-34.065],[150.9963,-34.0602]]]}},{"type":"Feature","properties":{"pc":"2179"},"geometry":{"type":"Polygon","coordinates":[[[150.8055,-33.9892],[150.8095,-33.9759],[150.8152,-33.9679],[150.8204,-33.9752],[150.8265,-33.9628],[150.8413,-33.9562],[150.842,-33.9501],[150.8358,-33.9495],[150.823,-33.952],[150.8194,-33.9459],[150.8224,-33.9345],[150.8212,-33.9284],[150.8296,-33.9206],[150.8308,-33.9107],[150.8247,-33.9098],[150.8184,-33.9002],[150.8076,-33.9046],[150.7963,-33.9061],[150.7948,-33.916],[150.7926,-33.9273],[150.7872,-33.9304],[150.7866,-33.9358],[150.7916,-33.9512],[150.7767,-33.9609],[150.7594,-33.9585],[150.7676,-33.9803],[150.7875,-33.9933],[150.7959,-34.0038],[150.8055,-33.9892]]]}},{"type":"Feature","properties":{"pc":"2192"},"geometry":{"type":"Polygon","coordinates":[[[151.0765,-33.9078],[151.0869,-33.9254],[151.0904,-33.9314],[151.0989,-33.9288],[151.0977,-33.9273],[151.0963,-33.9143],[151.0911,-33.912],[151.0771,-33.9074],[151.0765,-33.9078]]]}},{"type":"Feature","properties":{"pc":"2194"},"geometry":{"type":"Polygon","coordinates":[[[151.11,-33.9032],[151.0926,-33.9021],[151.0953,-33.9101],[151.0911,-33.912],[151.0963,-33.9143],[151.0977,-33.9273],[151.1088,-33.9226],[151.1113,-33.9154],[151.11,-33.9032]]]}},{"type":"Feature","properties":{"pc":"2195"},"geometry":{"type":"Polygon","coordinates":[[[151.0641,-33.9167],[151.0603,-33.9227],[151.0647,-33.9307],[151.0869,-33.9254],[151.0765,-33.9078],[151.0641,-33.9167]]]}},{"type":"Feature","properties":{"pc":"2196"},"geometry":{"type":"Polygon","coordinates":[[[151.0655,-33.9399],[151.0735,-33.9412],[151.085,-33.9358],[151.0904,-33.9314],[151.0869,-33.9254],[151.0647,-33.9307],[151.0603,-33.9227],[151.0641,-33.9167],[151.0473,-33.9181],[151.041,-33.9321],[151.0385,-33.9339],[151.0405,-33.9427],[151.0442,-33.9388],[151.0547,-33.9392],[151.057,-33.9362],[151.0655,-33.9399]]]}},{"type":"Feature","properties":{"pc":"2198"},"geometry":{"type":"Polygon","coordinates":[[[151.0048,-33.9121],[151.001,-33.9068],[150.9877,-33.8987],[150.986,-33.8998],[150.9764,-33.9036],[150.9735,-33.9099],[150.9739,-33.9155],[150.9816,-33.9164],[150.9873,-33.9139],[151.0031,-33.9165],[151.0048,-33.9121]]]}},{"type":"Feature","properties":{"pc":"2200"},"geometry":{"type":"Polygon","coordinates":[[[151.0385,-33.9339],[151.041,-33.9321],[151.0473,-33.9181],[151.0377,-33.9038],[151.0268,-33.9122],[151.0138,-33.9104],[151.0116,-33.9159],[151.0031,-33.9165],[150.9873,-33.9139],[150.9816,-33.9164],[150.9739,-33.9155],[150.979,-33.9293],[150.9875,-33.9285],[150.9983,-33.9315],[151.0059,-33.9339],[151.0248,-33.9357],[151.0385,-33.9339]]]}},{"type":"Feature","properties":{"pc":"2203"},"geometry":{"type":"Polygon","coordinates":[[[151.1366,-33.9141],[151.1488,-33.9037],[151.1491,-33.901],[151.1425,-33.8953],[151.132,-33.9009],[151.1286,-33.9047],[151.1344,-33.9057],[151.135,-33.9132],[151.1366,-33.9141]]]}},{"type":"Feature","properties":{"pc":"2204"},"geometry":{"type":"Polygon","coordinates":[[[151.1752,-33.9089],[151.1715,-33.9024],[151.1641,-33.8998],[151.1609,-33.8986],[151.1491,-33.901],[151.1488,-33.9037],[151.1366,-33.9141],[151.1411,-33.9228],[151.148,-33.9213],[151.155,-33.9262],[151.1553,-33.9265],[151.1585,-33.9199],[151.1752,-33.9089]]]}},{"type":"Feature","properties":{"pc":"2205"},"geometry":{"type":"Polygon","coordinates":[[[151.1303,-33.9431],[151.1607,-33.9454],[151.1605,-33.934],[151.1553,-33.9265],[151.155,-33.9262],[151.1399,-33.9274],[151.1333,-33.9317],[151.1384,-33.9361],[151.1303,-33.9431]]]}},{"type":"Feature","properties":{"pc":"2210"},"geometry":{"type":"Polygon","coordinates":[[[151.0419,-33.9474],[151.042,-33.96],[151.0465,-33.9707],[151.0373,-33.9785],[151.04,-33.9831],[151.0367,-33.991],[151.0529,-33.991],[151.0522,-33.9821],[151.0589,-33.9772],[151.0562,-33.9748],[151.0601,-33.9672],[151.074,-33.9611],[151.0737,-33.9607],[151.0691,-33.9582],[151.0638,-33.9482],[151.0655,-33.9399],[151.057,-33.9362],[151.0547,-33.9392],[151.0442,-33.9388],[151.0405,-33.9427],[151.0419,-33.9474]]]}},{"type":"Feature","properties":{"pc":"2211"},"geometry":{"type":"Polygon","coordinates":[[[151.0405,-33.9427],[151.0385,-33.9339],[151.0248,-33.9357],[151.0227,-33.945],[151.0241,-33.9497],[151.0225,-33.9642],[151.0257,-33.9685],[151.0253,-33.9773],[151.0384,-33.9746],[151.0446,-33.9693],[151.0403,-33.9626],[151.0419,-33.9474],[151.0405,-33.9427]]]}},{"type":"Feature","properties":{"pc":"2212"},"geometry":{"type":"Polygon","coordinates":[[[151.001,-33.9426],[151.0065,-33.9439],[151.0061,-33.9531],[151.0108,-33.9528],[151.0111,-33.9604],[151.018,-33.9745],[151.0228,-33.9727],[151.0225,-33.9642],[151.0241,-33.9497],[151.0227,-33.945],[151.0248,-33.9357],[151.0059,-33.9339],[150.9983,-33.9315],[150.9971,-33.9405],[151.001,-33.9426]]]}},{"type":"Feature","properties":{"pc":"2216"},"geometry":{"type":"Polygon","coordinates":[[[151.1607,-33.9454],[151.1303,-33.9431],[151.1281,-33.9466],[151.1345,-33.9561],[151.1431,-33.9606],[151.1426,-33.9651],[151.1548,-33.9667],[151.1618,-33.9536],[151.168,-33.9498],[151.1607,-33.9454]]]}},{"type":"Feature","properties":{"pc":"2217"},"geometry":{"type":"Polygon","coordinates":[[[151.1483,-33.9858],[151.1511,-33.9743],[151.1548,-33.9667],[151.1426,-33.9651],[151.1431,-33.9606],[151.1345,-33.9561],[151.1264,-33.9629],[151.1312,-33.9726],[151.1181,-33.9816],[151.122,-33.9877],[151.1301,-33.9838],[151.1483,-33.9858]]]}},{"type":"Feature","properties":{"pc":"2219"},"geometry":{"type":"Polygon","coordinates":[[[151.1301,-33.9838],[151.1314,-33.9855],[151.1231,-33.9963],[151.128,-34.0058],[151.1398,-34.0033],[151.142,-33.9973],[151.1495,-33.9942],[151.1483,-33.9858],[151.1301,-33.9838]]]}},{"type":"Feature","properties":{"pc":"2220"},"geometry":{"type":"Polygon","coordinates":[[[151.1083,-33.972],[151.1162,-33.9696],[151.1127,-33.9623],[151.1021,-33.9498],[151.0914,-33.9513],[151.0852,-33.9545],[151.098,-33.9697],[151.0878,-33.9768],[151.088,-33.9827],[151.0942,-33.9844],[151.0978,-33.9753],[151.1083,-33.972]]]}},{"type":"Feature","properties":{"pc":"2221"},"geometry":{"type":"Polygon","coordinates":[[[151.1083,-33.972],[151.0978,-33.9753],[151.0942,-33.9844],[151.086,-33.9898],[151.1042,-33.9941],[151.1091,-34.0006],[151.1155,-33.9974],[151.122,-33.9877],[151.1181,-33.9816],[151.1083,-33.972]]]}},{"type":"Feature","properties":{"pc":"2226"},"geometry":{"type":"Polygon","coordinates":[[[151.0762,-34.0178],[151.0767,-34.0105],[151.0702,-34.0023],[151.0689,-33.996],[151.0581,-33.9989],[151.0467,-34.0109],[151.0515,-34.0152],[151.0498,-34.0206],[151.0725,-34.021],[151.0762,-34.0178]]]}},{"type":"Feature","properties":{"pc":"2232"},"geometry":{"type":"Polygon","coordinates":[[[151.0771,-34.054],[151.0815,-34.0292],[151.089,-34.0238],[151.0861,-34.0187],[151.0904,-34.0119],[151.0825,-34.0092],[151.0777,-34.0126],[151.0762,-34.0178],[151.0725,-34.021],[151.0498,-34.0206],[151.0456,-34.015],[151.0416,-34.0172],[151.0441,-34.0229],[151.0288,-34.0256],[151.0405,-34.0334],[151.0396,-34.042],[151.0362,-34.0468],[151.04,-34.0558],[151.021,-34.0633],[151.0141,-34.0687],[151.0116,-34.079],[151.021,-34.0804],[151.0155,-34.089],[151.003,-34.0929],[150.997,-34.0987],[150.9943,-34.1057],[150.9933,-34.1196],[150.9956,-34.1477],[151.0189,-34.1559],[151.0143,-34.1638],[151.0159,-34.1664],[151.0545,-34.1715],[151.0662,-34.1723],[151.0725,-34.1684],[151.0811,-34.1668],[151.0957,-34.1581],[151.0984,-34.1537],[151.1056,-34.1518],[151.1221,-34.1396],[151.1284,-34.1374],[151.1301,-34.1295],[151.1415,-34.1162],[151.1519,-34.1145],[151.1518,-34.1099],[151.1657,-34.0952],[151.1718,-34.0865],[151.169,-34.0756],[151.1634,-34.0815],[151.1573,-34.08],[151.1536,-34.0893],[151.143,-34.084],[151.142,-34.0808],[151.1333,-34.0808],[151.1249,-34.0798],[151.1175,-34.0769],[151.1116,-34.0778],[151.1075,-34.0831],[151.1034,-34.0745],[151.1062,-34.0722],[151.0973,-34.0606],[151.0903,-34.0613],[151.0771,-34.054]]]}},{"type":"Feature","properties":{"pc":"2250"},"geometry":{"type":"Polygon","coordinates":[[[151.3696,-33.4428],[151.3734,-33.4387],[151.3829,-33.4412],[151.3864,-33.4477],[151.3979,-33.4492],[151.3988,-33.4447],[151.4061,-33.4452],[151.4058,-33.4361],[151.41,-33.4288],[151.3992,-33.4266],[151.3976,-33.4213],[151.4108,-33.4218],[151.4165,-33.4245],[151.4224,-33.422],[151.426,-33.4163],[151.4352,-33.4168],[151.4418,-33.4146],[151.4443,-33.4022],[151.4474,-33.3957],[151.4409,-33.3898],[151.4356,-33.3847],[151.4285,-33.3824],[151.4228,-33.3843],[151.3955,-33.38],[151.3766,-33.3713],[151.3299,-33.3645],[151.325,-33.3668],[151.3026,-33.3624],[151.2957,-33.3515],[151.2909,-33.3502],[151.2931,-33.3393],[151.3001,-33.3403],[151.3025,-33.3284],[151.2963,-33.3222],[151.28,-33.3199],[151.2825,-33.3073],[151.2792,-33.3],[151.2829,-33.2959],[151.2742,-33.2878],[151.2648,-33.2855],[151.2631,-33.2753],[151.2527,-33.2586],[151.2405,-33.2578],[151.2422,-33.2502],[151.277,-33.2551],[151.2762,-33.2593],[151.2991,-33.2623],[151.3006,-33.2549],[151.2868,-33.2531],[151.282,-33.2472],[151.2835,-33.2386],[151.255,-33.2352],[151.2584,-33.2193],[151.2398,-33.2152],[151.2346,-33.2171],[151.2242,-33.2156],[151.2254,-33.2098],[151.2152,-33.2083],[151.2083,-33.2036],[151.21,-33.1948],[151.2158,-33.1887],[151.2231,-33.1897],[151.2259,-33.1754],[151.2203,-33.1746],[151.2245,-33.1638],[151.2132,-33.1655],[151.216,-33.1519],[151.2093,-33.1474],[151.2141,-33.1412],[151.2188,-33.1241],[151.2134,-33.1256],[151.21,-33.1204],[151.2031,-33.1167],[151.1967,-33.1179],[151.1955,-33.1236],[151.1858,-33.1219],[151.1836,-33.1143],[151.1711,-33.1116],[151.1637,-33.113],[151.1572,-33.1006],[151.1411,-33.0982],[151.1447,-33.0815],[151.135,-33.0802],[151.1287,-33.0929],[151.1171,-33.0994],[151.1116,-33.1084],[151.1025,-33.1123],[151.101,-33.1198],[151.095,-33.1261],[151.1024,-33.1339],[151.0997,-33.1444],[151.1058,-33.1515],[151.101,-33.1626],[151.1011,-33.1774],[151.0967,-33.1935],[151.1004,-33.1955],[151.0984,-33.2024],[151.0987,-33.2207],[151.1063,-33.2283],[151.1061,-33.2341],[151.1004,-33.2416],[151.0997,-33.2532],[151.0942,-33.2639],[151.09,-33.2685],[151.0898,-33.2807],[151.0941,-33.2858],[151.0952,-33.3031],[151.0921,-33.3073],[151.0835,-33.3094],[151.0785,-33.3143],[151.0745,-33.335],[151.0946,-33.3373],[151.1052,-33.3442],[151.1063,-33.3496],[151.1151,-33.3611],[151.119,-33.3694],[151.1179,-33.3775],[151.1071,-33.3879],[151.1069,-33.3923],[151.1173,-33.3952],[151.1097,-33.4056],[151.1191,-33.4057],[151.1285,-33.4187],[151.1413,-33.4186],[151.1581,-33.4217],[151.1637,-33.4271],[151.1709,-33.4311],[151.1724,-33.4386],[151.1631,-33.4415],[151.1592,-33.4509],[151.1538,-33.4545],[151.1597,-33.4599],[151.1667,-33.4606],[151.1772,-33.4738],[151.1916,-33.4759],[151.1854,-33.48],[151.185,-33.4881],[151.1911,-33.4973],[151.1946,-33.5086],[151.1952,-33.4892],[151.2026,-33.4821],[151.2023,-33.4776],[151.2123,-33.4743],[151.2205,-33.4757],[151.232,-33.4731],[151.228,-33.4792],[151.2223,-33.4806],[151.2137,-33.4768],[151.211,-33.4841],[151.2064,-33.4815],[151.2051,-33.4842],[151.1981,-33.4914],[151.2015,-33.5086],[151.2042,-33.5079],[151.1994,-33.4937],[151.2075,-33.4833],[151.2112,-33.4881],[151.214,-33.4841],[151.2277,-33.4812],[151.2345,-33.4778],[151.2477,-33.4794],[151.2511,-33.4768],[151.2594,-33.4782],[151.2664,-33.4762],[151.2723,-33.4841],[151.2784,-33.4874],[151.2831,-33.4829],[151.2815,-33.4779],[151.289,-33.476],[151.2861,-33.4665],[151.2812,-33.4618],[151.2909,-33.4529],[151.2964,-33.4569],[151.3142,-33.4588],[151.3177,-33.4523],[151.3289,-33.4515],[151.3319,-33.4367],[151.325,-33.4331],[151.3311,-33.428],[151.3384,-33.4297],[151.3453,-33.4406],[151.3527,-33.4437],[151.3653,-33.437],[151.3696,-33.4428]]]}},{"type":"Feature","properties":{"pc":"2258"},"geometry":{"type":"Polygon","coordinates":[[[151.3955,-33.38],[151.4137,-33.3615],[151.4098,-33.3517],[151.4111,-33.3452],[151.4161,-33.3409],[151.4114,-33.3324],[151.4043,-33.3298],[151.4142,-33.3205],[151.4187,-33.3143],[151.3929,-33.3114],[151.3864,-33.3032],[151.3775,-33.3037],[151.3752,-33.2967],[151.3804,-33.2894],[151.3822,-33.2796],[151.3635,-33.2781],[151.3586,-33.2827],[151.3462,-33.2809],[151.3493,-33.2704],[151.341,-33.2704],[151.3396,-33.2777],[151.3243,-33.2767],[151.3264,-33.261],[151.3173,-33.2597],[151.311,-33.2533],[151.3006,-33.2549],[151.2991,-33.2623],[151.2762,-33.2593],[151.277,-33.2551],[151.2422,-33.2502],[151.2405,-33.2578],[151.2527,-33.2586],[151.2631,-33.2753],[151.2648,-33.2855],[151.2742,-33.2878],[151.2829,-33.2959],[151.2792,-33.3],[151.2825,-33.3073],[151.28,-33.3199],[151.2963,-33.3222],[151.3025,-33.3284],[151.3001,-33.3403],[151.2931,-33.3393],[151.2909,-33.3502],[151.2957,-33.3515],[151.3026,-33.3624],[151.325,-33.3668],[151.3299,-33.3645],[151.3766,-33.3713],[151.3955,-33.38]]]}},{"type":"Feature","properties":{"pc":"2259"},"geometry":{"type":"MultiPolygon","coordinates":[[[[151.4472,-33.3169],[151.4436,-33.31],[151.4465,-33.3021],[151.452,-33.2987],[151.4605,-33.2983],[151.4687,-33.2941],[151.4744,-33.2873],[151.4739,-33.284],[151.4866,-33.2818],[151.491,-33.2766],[151.4913,-33.2687],[151.4955,-33.2636],[151.4969,-33.254],[151.4918,-33.2496],[151.4949,-33.2443],[151.4901,-33.2307],[151.4735,-33.2283],[151.4769,-33.2203],[151.4883,-33.2084],[151.4905,-33.1868],[151.5029,-33.1924],[151.5122,-33.1942],[151.5155,-33.1839],[151.5271,-33.1803],[151.5375,-33.1842],[151.54,-33.1777],[151.5516,-33.1794],[151.558,-33.1782],[151.5579,-33.1971],[151.5625,-33.195],[151.5779,-33.1972],[151.5787,-33.2025],[151.5858,-33.2081],[151.602,-33.2092],[151.6121,-33.2021],[151.622,-33.1975],[151.6233,-33.1875],[151.6293,-33.1871],[151.6283,-33.1793],[151.6331,-33.1756],[151.6316,-33.1693],[151.6188,-33.164],[151.6161,-33.1604],[151.6,-33.158],[151.5971,-33.1616],[151.5879,-33.1499],[151.5913,-33.142],[151.5873,-33.138],[151.5912,-33.133],[151.5844,-33.1264],[151.5891,-33.1236],[151.5893,-33.1155],[151.5794,-33.1249],[151.5775,-33.1289],[151.5667,-33.1363],[151.5571,-33.1318],[151.5566,-33.1382],[151.5528,-33.1457],[151.5692,-33.1519],[151.5715,-33.1581],[151.5664,-33.1637],[151.569,-33.1709],[151.5607,-33.1728],[151.5534,-33.1626],[151.5537,-33.1598],[151.544,-33.1561],[151.5442,-33.1508],[151.5403,-33.1433],[151.5352,-33.1482],[151.5317,-33.1587],[151.5279,-33.1591],[151.5204,-33.1417],[151.5102,-33.1378],[151.5043,-33.1432],[151.4919,-33.1414],[151.4889,-33.1473],[151.4735,-33.1521],[151.4642,-33.1494],[151.4652,-33.1443],[151.4515,-33.1423],[151.4485,-33.1564],[151.4315,-33.1539],[151.4286,-33.1683],[151.4235,-33.1707],[151.4107,-33.1692],[151.4116,-33.1648],[151.3958,-33.1632],[151.3923,-33.152],[151.3885,-33.1503],[151.3874,-33.1433],[151.3831,-33.1398],[151.3837,-33.1292],[151.3802,-33.1192],[151.3823,-33.1096],[151.3789,-33.0997],[151.3725,-33.0944],[151.3632,-33.094],[151.356,-33.0881],[151.3575,-33.0831],[151.348,-33.0761],[151.333,-33.0693],[151.3315,-33.0622],[151.3263,-33.0601],[151.3153,-33.0482],[151.3059,-33.0439],[151.3006,-33.0475],[151.2969,-33.0542],[151.2816,-33.0583],[151.2778,-33.0567],[151.2667,-33.0585],[151.2602,-33.1005],[151.2508,-33.0998],[151.2257,-33.1175],[151.2188,-33.1241],[151.2141,-33.1412],[151.2093,-33.1474],[151.216,-33.1519],[151.2132,-33.1655],[151.2245,-33.1638],[151.2203,-33.1746],[151.2259,-33.1754],[151.2231,-33.1897],[151.2158,-33.1887],[151.21,-33.1948],[151.2083,-33.2036],[151.2152,-33.2083],[151.2254,-33.2098],[151.2242,-33.2156],[151.2346,-33.2171],[151.2398,-33.2152],[151.2584,-33.2193],[151.255,-33.2352],[151.2835,-33.2386],[151.282,-33.2472],[151.2868,-33.2531],[151.3006,-33.2549],[151.311,-33.2533],[151.3173,-33.2597],[151.3264,-33.261],[151.3243,-33.2767],[151.3396,-33.2777],[151.341,-33.2704],[151.3493,-33.2704],[151.3462,-33.2809],[151.3586,-33.2827],[151.3635,-33.2781],[151.3822,-33.2796],[151.3804,-33.2894],[151.3752,-33.2967],[151.3775,-33.3037],[151.3864,-33.3032],[151.3929,-33.3114],[151.4187,-33.3143],[151.4142,-33.3205],[151.4307,-33.3239],[151.4348,-33.3177],[151.4409,-33.3153],[151.4472,-33.3169]]],[[[151.599,-33.0995],[151.594,-33.0963],[151.5888,-33.0882],[151.5851,-33.0923],[151.5939,-33.1005],[151.599,-33.0995]]]]}},{"type":"Feature","properties":{"pc":"2265"},"geometry":{"type":"Polygon","coordinates":[[[151.3789,-33.0997],[151.3865,-33.0951],[151.403,-33.0954],[151.4133,-33.0911],[151.4203,-33.0911],[151.4249,-33.0944],[151.4233,-33.1059],[151.4319,-33.1072],[151.4331,-33.1016],[151.4423,-33.1005],[151.4615,-33.1027],[151.4695,-33.0912],[151.4787,-33.0938],[151.486,-33.0823],[151.475,-33.0834],[151.4787,-33.0709],[151.4784,-33.06],[151.4863,-33.0617],[151.4875,-33.0558],[151.5116,-33.059],[151.5166,-33.0539],[151.519,-33.046],[151.522,-33.0418],[151.5205,-33.0298],[151.5141,-33.0228],[151.519,-33.011],[151.5159,-33.0069],[151.5072,-33.0063],[151.5049,-33.0138],[151.4833,-33.0114],[151.4824,-33.0152],[151.4747,-33.0153],[151.4667,-33.012],[151.4531,-33.0088],[151.4551,-32.9992],[151.446,-32.9978],[151.4455,-32.9935],[151.4319,-32.9925],[151.4228,-32.997],[151.4179,-33.0018],[151.4018,-33.0019],[151.3947,-33.0088],[151.3863,-33.0063],[151.3841,-33.0091],[151.3855,-33.0207],[151.3781,-33.0265],[151.3738,-33.0384],[151.3669,-33.0442],[151.3548,-33.0427],[151.3406,-33.0437],[151.3349,-33.051],[151.3315,-33.0622],[151.333,-33.0693],[151.348,-33.0761],[151.3575,-33.0831],[151.356,-33.0881],[151.3632,-33.094],[151.3725,-33.0944],[151.3789,-33.0997]]]}},{"type":"Feature","properties":{"pc":"2285"},"geometry":{"type":"Polygon","coordinates":[[[151.6723,-32.9271],[151.6725,-32.9245],[151.6368,-32.9193],[151.6408,-32.8977],[151.6068,-32.8924],[151.6094,-32.8803],[151.6073,-32.8799],[151.6012,-32.8869],[151.5915,-32.8932],[151.5858,-32.8938],[151.5941,-32.904],[151.5903,-32.9114],[151.5967,-32.9177],[151.5958,-32.9226],[151.5994,-32.9241],[151.5983,-32.9326],[151.6023,-32.9293],[151.6176,-32.9344],[151.6246,-32.9313],[151.6367,-32.9288],[151.6376,-32.9368],[151.6336,-32.9562],[151.6415,-32.9559],[151.6551,-32.9581],[151.663,-32.9614],[151.6671,-32.9598],[151.673,-32.953],[151.6725,-32.9406],[151.6861,-32.9384],[151.6787,-32.9332],[151.6722,-32.9328],[151.6723,-32.9271]]]}},{"type":"Feature","properties":{"pc":"2290"},"geometry":{"type":"Polygon","coordinates":[[[151.7281,-32.9594],[151.7216,-32.9559],[151.7167,-32.9593],[151.7025,-32.9549],[151.6832,-32.953],[151.673,-32.953],[151.6671,-32.9598],[151.6642,-32.9736],[151.6667,-32.9769],[151.6627,-32.9841],[151.6639,-32.9909],[151.6599,-33.0031],[151.6685,-33.0045],[151.674,-32.997],[151.6766,-32.9857],[151.6822,-32.9822],[151.685,-32.9911],[151.6837,-32.9988],[151.6855,-33.0039],[151.7006,-33.007],[151.6927,-33.0167],[151.6993,-33.0198],[151.7067,-33.0151],[151.717,-33.0166],[151.7255,-33.0143],[151.7287,-33.0107],[151.7312,-32.9882],[151.7269,-32.9782],[151.7377,-32.9681],[151.7379,-32.9629],[151.7281,-32.9594]]]}},{"type":"Feature","properties":{"pc":"2297"},"geometry":{"type":"Polygon","coordinates":[[[151.7598,-32.9082],[151.7533,-32.9033],[151.7404,-32.9086],[151.7494,-32.9118],[151.7598,-32.9082]]]}},{"type":"Feature","properties":{"pc":"2300"},"geometry":{"type":"Polygon","coordinates":[[[151.7638,-32.944],[151.7765,-32.9387],[151.7922,-32.9246],[151.7808,-32.9256],[151.7634,-32.9243],[151.7621,-32.9253],[151.7673,-32.9274],[151.7617,-32.9353],[151.7613,-32.9357],[151.7638,-32.944]]]}},{"type":"Feature","properties":{"pc":"2302"},"geometry":{"type":"Polygon","coordinates":[[[151.7617,-32.9353],[151.7673,-32.9274],[151.7621,-32.9253],[151.7522,-32.9209],[151.7594,-32.9282],[151.7617,-32.9353]]]}},{"type":"Feature","properties":{"pc":"2303"},"geometry":{"type":"Polygon","coordinates":[[[151.7617,-32.9353],[151.7594,-32.9282],[151.7522,-32.9209],[151.7438,-32.9141],[151.7356,-32.9221],[151.7446,-32.9326],[151.7357,-32.933],[151.7351,-32.9359],[151.7486,-32.9378],[151.7529,-32.9321],[151.7613,-32.9357],[151.7617,-32.9353]]]}},{"type":"Feature","properties":{"pc":"2304"},"geometry":{"type":"Polygon","coordinates":[[[151.7074,-32.8833],[151.7127,-32.89],[151.7185,-32.8932],[151.7253,-32.8967],[151.7376,-32.9082],[151.7378,-32.9084],[151.7404,-32.9086],[151.7533,-32.9033],[151.7677,-32.9025],[151.7698,-32.9009],[151.7643,-32.8914],[151.7453,-32.8806],[151.7445,-32.8766],[151.762,-32.8858],[151.7746,-32.8896],[151.7737,-32.9011],[151.7774,-32.9021],[151.7834,-32.8931],[151.7832,-32.8824],[151.7794,-32.8782],[151.776,-32.8684],[151.7797,-32.8664],[151.7744,-32.8567],[151.7687,-32.8552],[151.7518,-32.8546],[151.7306,-32.8483],[151.7259,-32.8436],[151.7262,-32.8381],[151.6965,-32.8329],[151.6966,-32.8479],[151.7009,-32.8465],[151.7096,-32.8546],[151.7122,-32.8649],[151.7092,-32.8687],[151.7036,-32.854],[151.6959,-32.8569],[151.7074,-32.8833]]]}},{"type":"Feature","properties":{"pc":"2308"},"geometry":{"type":"Polygon","coordinates":[[[151.7011,-32.897],[151.7076,-32.897],[151.7185,-32.8932],[151.7127,-32.89],[151.7074,-32.8833],[151.7031,-32.888],[151.6964,-32.8898],[151.6949,-32.897],[151.7011,-32.897]]]}},{"type":"Feature","properties":{"pc":"2318"},"geometry":{"type":"Polygon","coordinates":[[[151.8453,-32.8576],[151.8524,-32.8536],[151.8816,-32.84],[151.9253,-32.8222],[151.9523,-32.8127],[151.9556,-32.7889],[151.9473,-32.7879],[151.946,-32.7791],[151.9591,-32.7696],[151.9676,-32.7665],[151.9696,-32.7559],[151.9599,-32.7423],[151.9712,-32.7392],[151.9734,-32.7274],[151.9685,-32.7314],[151.9591,-32.7347],[151.9525,-32.7333],[151.9469,-32.7386],[151.9367,-32.7369],[151.9318,-32.7367],[151.9337,-32.7288],[151.9233,-32.7279],[151.927,-32.7208],[151.9197,-32.7122],[151.9211,-32.7017],[151.9137,-32.6965],[151.9056,-32.6803],[151.8983,-32.679],[151.8986,-32.6737],[151.8949,-32.6689],[151.8295,-32.6595],[151.8269,-32.6725],[151.8105,-32.6852],[151.808,-32.6959],[151.8005,-32.7031],[151.7948,-32.714],[151.7888,-32.722],[151.7777,-32.7404],[151.7623,-32.7494],[151.7678,-32.7537],[151.7777,-32.7539],[151.7862,-32.7594],[151.7914,-32.7691],[151.8099,-32.7671],[151.8055,-32.7919],[151.7855,-32.789],[151.7822,-32.8035],[151.7761,-32.8062],[151.7726,-32.8188],[151.7779,-32.8229],[151.7933,-32.8192],[151.8087,-32.8206],[151.8171,-32.8239],[151.8186,-32.831],[151.8024,-32.8514],[151.7928,-32.8565],[151.7903,-32.8607],[151.7905,-32.8671],[151.7908,-32.8602],[151.7965,-32.861],[151.8011,-32.8583],[151.8244,-32.8487],[151.8231,-32.8545],[151.8453,-32.8576]]]}},{"type":"Feature","properties":{"pc":"2321"},"geometry":{"type":"MultiPolygon","coordinates":[[[[151.5284,-32.7998],[151.5304,-32.7881],[151.5295,-32.7805],[151.5333,-32.7697],[151.5407,-32.7655],[151.5395,-32.7609],[151.5428,-32.7549],[151.5303,-32.7518],[151.5349,-32.7384],[151.5284,-32.7386],[151.5273,-32.7435],[151.5178,-32.7493],[151.5132,-32.7544],[151.5018,-32.7545],[151.4994,-32.7645],[151.492,-32.7634],[151.4894,-32.7753],[151.5074,-32.7781],[151.5105,-32.7809],[151.5074,-32.7931],[151.5042,-32.7927],[151.5016,-32.8052],[151.4892,-32.808],[151.4951,-32.8099],[151.4932,-32.8164],[151.4995,-32.8214],[151.5009,-32.8169],[151.5164,-32.8188],[151.5206,-32.7985],[151.5284,-32.7998]]],[[[151.4664,-32.7302],[151.4688,-32.7186],[151.4839,-32.7187],[151.4865,-32.7061],[151.4725,-32.7022],[151.4748,-32.6896],[151.4671,-32.6855],[151.4681,-32.6744],[151.4742,-32.6665],[151.4624,-32.6593],[151.4649,-32.647],[151.4496,-32.6449],[151.451,-32.6415],[151.4274,-32.6383],[151.4244,-32.6462],[151.4135,-32.6558],[151.4074,-32.6574],[151.4031,-32.6629],[151.4044,-32.6715],[151.4085,-32.6822],[151.4019,-32.6863],[151.4005,-32.7028],[151.4118,-32.7172],[151.4208,-32.7076],[151.4265,-32.7082],[151.4238,-32.7216],[151.4263,-32.7236],[151.4385,-32.7249],[151.4358,-32.7337],[151.4382,-32.7418],[151.4459,-32.7428],[151.4476,-32.7349],[151.465,-32.7368],[151.4664,-32.7302]]],[[[151.661,-32.59],[151.6432,-32.5979],[151.6388,-32.6121],[151.6303,-32.618],[151.6084,-32.6152],[151.595,-32.621],[151.6025,-32.6258],[151.6022,-32.6441],[151.6029,-32.6534],[151.5956,-32.6515],[151.5936,-32.656],[151.5963,-32.665],[151.602,-32.671],[151.6001,-32.6845],[151.607,-32.6851],[151.611,-32.689],[151.6316,-32.6919],[151.6352,-32.6816],[151.6499,-32.6851],[151.6498,-32.68],[151.6678,-32.6827],[151.6695,-32.6741],[151.6706,-32.6681],[151.6525,-32.666],[151.6548,-32.6517],[151.6746,-32.6543],[151.677,-32.6401],[151.6644,-32.6359],[151.6675,-32.6224],[151.6782,-32.6225],[151.6812,-32.6074],[151.6856,-32.6055],[151.6834,-32.5988],[151.6871,-32.5814],[151.67,-32.5789],[151.6683,-32.5875],[151.661,-32.59]]],[[[151.6735,-32.7077],[151.6459,-32.7048],[151.6331,-32.7019],[151.6245,-32.706],[151.6159,-32.7152],[151.5998,-32.7161],[151.597,-32.7191],[151.5974,-32.7293],[151.5949,-32.7354],[151.6131,-32.7373],[151.6212,-32.733],[151.6244,-32.7354],[151.6242,-32.7439],[151.6358,-32.7389],[151.643,-32.7397],[151.6438,-32.7502],[151.6606,-32.7617],[151.6685,-32.7606],[151.6743,-32.7532],[151.6801,-32.754],[151.6814,-32.748],[151.6874,-32.7489],[151.6911,-32.7294],[151.6936,-32.7256],[151.6893,-32.7207],[151.6771,-32.7185],[151.6779,-32.7134],[151.6735,-32.7077]]],[[[151.8893,-32.4923],[151.7994,-32.4804],[151.7921,-32.4784],[151.7935,-32.4716],[151.786,-32.4706],[151.7886,-32.4572],[151.7823,-32.4614],[151.7728,-32.4619],[151.7727,-32.4708],[151.7691,-32.481],[151.7764,-32.4867],[151.7709,-32.4951],[151.7846,-32.496],[151.7951,-32.4998],[151.7974,-32.5049],[151.7909,-32.5166],[151.7947,-32.5228],[151.7912,-32.5375],[151.7828,-32.5362],[151.7801,-32.5503],[151.7441,-32.5453],[151.7351,-32.5371],[151.7265,-32.5365],[151.7258,-32.54],[151.7095,-32.5389],[151.7036,-32.5451],[151.6928,-32.5446],[151.6869,-32.5511],[151.6858,-32.5662],[151.7243,-32.5719],[151.7265,-32.5613],[151.7372,-32.5628],[151.7423,-32.5662],[151.7409,-32.5739],[151.7287,-32.5722],[151.7258,-32.5868],[151.721,-32.5862],[151.7181,-32.6004],[151.765,-32.6068],[151.7634,-32.6137],[151.7768,-32.6126],[151.7804,-32.6035],[151.7765,-32.599],[151.7773,-32.5938],[151.8036,-32.5982],[151.8065,-32.5849],[151.8135,-32.5998],[151.8076,-32.5989],[151.805,-32.6124],[151.7907,-32.6104],[151.7886,-32.6204],[151.8055,-32.623],[151.8032,-32.6334],[151.8119,-32.6351],[151.8164,-32.6322],[151.8242,-32.6341],[151.8217,-32.6467],[151.85,-32.651],[151.8629,-32.5887],[151.8735,-32.5903],[151.884,-32.5297],[151.8906,-32.4925],[151.8893,-32.4923]]]]}},{"type":"Feature","properties":{"pc":"2323"},"geometry":{"type":"Polygon","coordinates":[[[151.5439,-32.8726],[151.5455,-32.8626],[151.5533,-32.8608],[151.5558,-32.8481],[151.5638,-32.8492],[151.5719,-32.8463],[151.5724,-32.8367],[151.5754,-32.8294],[151.5678,-32.8283],[151.5703,-32.8165],[151.556,-32.7997],[151.5589,-32.7852],[151.6108,-32.7922],[151.6119,-32.7864],[151.6213,-32.7834],[151.6173,-32.7795],[151.6205,-32.7645],[151.6167,-32.7622],[151.6196,-32.7475],[151.6242,-32.7439],[151.6244,-32.7354],[151.6212,-32.733],[151.6131,-32.7373],[151.5949,-32.7354],[151.5974,-32.7293],[151.597,-32.7191],[151.5903,-32.7208],[151.59,-32.7302],[151.5823,-32.7367],[151.575,-32.7361],[151.5715,-32.7391],[151.5756,-32.7458],[151.5717,-32.7606],[151.564,-32.761],[151.5599,-32.7806],[151.5551,-32.7849],[151.5417,-32.7829],[151.5377,-32.8011],[151.5284,-32.7998],[151.5206,-32.7985],[151.5164,-32.8188],[151.5009,-32.8169],[151.4995,-32.8214],[151.5,-32.826],[151.4919,-32.8318],[151.5039,-32.8336],[151.4974,-32.8386],[151.5067,-32.8418],[151.5013,-32.8514],[151.4651,-32.8462],[151.4586,-32.8416],[151.4536,-32.8445],[151.4507,-32.8635],[151.4516,-32.874],[151.4575,-32.8748],[151.4537,-32.8943],[151.4368,-32.8919],[151.4332,-32.9159],[151.4354,-32.9219],[151.4275,-32.9307],[151.4238,-32.9516],[151.4313,-32.9527],[151.429,-32.9641],[151.4341,-32.9684],[151.4393,-32.9612],[151.4514,-32.963],[151.4539,-32.951],[151.4664,-32.9529],[151.4713,-32.9609],[151.4699,-32.9678],[151.4637,-32.9681],[151.456,-32.9781],[151.4517,-32.9879],[151.4455,-32.9935],[151.446,-32.9978],[151.4551,-32.9992],[151.4531,-33.0088],[151.4667,-33.012],[151.4747,-33.0153],[151.4824,-33.0152],[151.4833,-33.0114],[151.5049,-33.0138],[151.5072,-33.0063],[151.5159,-33.0069],[151.519,-33.011],[151.5292,-33.0054],[151.5311,-32.9943],[151.5173,-32.994],[151.5224,-32.9886],[151.5229,-32.9836],[151.5292,-32.9782],[151.5404,-32.9603],[151.5258,-32.9581],[151.5272,-32.9507],[151.5176,-32.9494],[151.514,-32.9311],[151.5167,-32.9294],[151.5165,-32.9174],[151.5355,-32.8971],[151.5411,-32.8723],[151.5439,-32.8726]]]}},{"type":"Feature","properties":{"pc":"2324"},"geometry":{"type":"MultiPolygon","coordinates":[[[[151.9367,-32.7369],[151.9435,-32.7304],[151.9431,-32.7184],[151.9482,-32.7151],[151.9674,-32.7126],[151.9739,-32.7064],[151.9782,-32.7059],[151.9789,-32.6967],[151.9721,-32.6906],[151.9595,-32.6933],[151.954,-32.6891],[151.9539,-32.6754],[151.9674,-32.6661],[151.9656,-32.6616],[151.9727,-32.6587],[151.9818,-32.6624],[151.9875,-32.6614],[151.993,-32.6668],[152.0017,-32.6699],[152.0104,-32.6674],[152.0251,-32.6686],[152.0281,-32.665],[152.0351,-32.6712],[152.035,-32.677],[152.0448,-32.6784],[152.0465,-32.675],[152.0436,-32.6607],[152.0485,-32.6538],[152.0553,-32.6496],[152.0633,-32.6524],[152.0597,-32.6718],[152.0506,-32.6768],[152.0558,-32.6826],[152.0655,-32.6822],[152.0688,-32.6896],[152.0809,-32.688],[152.0905,-32.6836],[152.0988,-32.6856],[152.1075,-32.6806],[152.1144,-32.6811],[152.1133,-32.6736],[152.1208,-32.6618],[152.1253,-32.6613],[152.1294,-32.6673],[152.1363,-32.6723],[152.1284,-32.6753],[152.1283,-32.682],[152.1386,-32.6847],[152.142,-32.6793],[152.1539,-32.6795],[152.1578,-32.6821],[152.1679,-32.6786],[152.1782,-32.68],[152.1897,-32.6944],[152.1903,-32.6992],[152.1961,-32.7018],[152.2028,-32.7],[152.2075,-32.6947],[152.1914,-32.694],[152.1862,-32.6826],[152.187,-32.6694],[152.1911,-32.6564],[152.2018,-32.6403],[152.2144,-32.6276],[152.2315,-32.6157],[152.2438,-32.6093],[152.2829,-32.5957],[152.2873,-32.5921],[152.2918,-32.583],[152.2843,-32.5819],[152.2746,-32.5878],[152.2566,-32.5852],[152.2362,-32.5867],[152.239,-32.5758],[152.2247,-32.5659],[152.2197,-32.5652],[152.2086,-32.5702],[152.1996,-32.5766],[152.1912,-32.5726],[152.1842,-32.5742],[152.1766,-32.58],[152.1562,-32.6043],[152.1287,-32.5994],[152.1117,-32.5943],[152.1059,-32.5854],[152.095,-32.5828],[152.0925,-32.5774],[152.078,-32.5697],[152.0734,-32.5925],[152.019,-32.5848],[152.0173,-32.5927],[152.0174,-32.6056],[152.0123,-32.6099],[152.0041,-32.6115],[151.9955,-32.6024],[151.9948,-32.5898],[151.9982,-32.5855],[151.9901,-32.5831],[151.9795,-32.5825],[151.9727,-32.5841],[151.9658,-32.5804],[151.9661,-32.569],[151.95,-32.5671],[151.9514,-32.5583],[151.9231,-32.555],[151.9243,-32.5439],[151.9091,-32.5423],[151.911,-32.5313],[151.898,-32.5315],[151.884,-32.5297],[151.8735,-32.5903],[151.8629,-32.5887],[151.85,-32.651],[151.8217,-32.6467],[151.8242,-32.6341],[151.8164,-32.6322],[151.8119,-32.6351],[151.8032,-32.6334],[151.8055,-32.623],[151.7886,-32.6204],[151.7907,-32.6104],[151.805,-32.6124],[151.8076,-32.5989],[151.8135,-32.5998],[151.8065,-32.5849],[151.8036,-32.5982],[151.7773,-32.5938],[151.7765,-32.599],[151.7804,-32.6035],[151.7768,-32.6126],[151.7634,-32.6137],[151.7528,-32.6158],[151.7425,-32.6223],[151.7426,-32.6277],[151.7323,-32.6303],[151.7298,-32.6351],[151.7202,-32.6389],[151.7218,-32.6438],[151.6644,-32.6359],[151.677,-32.6401],[151.6746,-32.6543],[151.6548,-32.6517],[151.6525,-32.666],[151.6706,-32.6681],[151.6695,-32.6741],[151.6865,-32.6723],[151.6817,-32.6969],[151.6752,-32.7001],[151.6735,-32.7077],[151.6779,-32.7134],[151.6771,-32.7185],[151.6893,-32.7207],[151.6936,-32.7256],[151.6911,-32.7294],[151.6874,-32.7489],[151.6814,-32.748],[151.6801,-32.754],[151.6743,-32.7532],[151.6685,-32.7606],[151.664,-32.7824],[151.6724,-32.7798],[151.6862,-32.7839],[151.6967,-32.7948],[151.7078,-32.8003],[151.7156,-32.8013],[151.722,-32.7951],[151.7477,-32.7981],[151.7822,-32.8035],[151.7855,-32.789],[151.8055,-32.7919],[151.8099,-32.7671],[151.7914,-32.7691],[151.7862,-32.7594],[151.7777,-32.7539],[151.7678,-32.7537],[151.7623,-32.7494],[151.7777,-32.7404],[151.7888,-32.722],[151.7948,-32.714],[151.8005,-32.7031],[151.808,-32.6959],[151.8105,-32.6852],[151.8269,-32.6725],[151.8295,-32.6595],[151.8949,-32.6689],[151.8986,-32.6737],[151.8983,-32.679],[151.9056,-32.6803],[151.9137,-32.6965],[151.9211,-32.7017],[151.9197,-32.7122],[151.927,-32.7208],[151.9233,-32.7279],[151.9337,-32.7288],[151.9318,-32.7367],[151.9367,-32.7369]]],[[[152.3236,-32.6156],[152.3104,-32.6127],[152.3131,-32.6186],[152.3203,-32.6218],[152.3236,-32.6156]]]]}},{"type":"Feature","properties":{"pc":"2327"},"geometry":{"type":"Polygon","coordinates":[[[151.4892,-32.808],[151.4802,-32.8106],[151.4734,-32.803],[151.4686,-32.8061],[151.4664,-32.8155],[151.4675,-32.8238],[151.4623,-32.824],[151.4586,-32.8416],[151.4651,-32.8462],[151.5013,-32.8514],[151.5067,-32.8418],[151.4974,-32.8386],[151.5039,-32.8336],[151.4919,-32.8318],[151.5,-32.826],[151.4995,-32.8214],[151.4932,-32.8164],[151.4951,-32.8099],[151.4892,-32.808]]]}},{"type":"Feature","properties":{"pc":"2337"},"geometry":{"type":"Polygon","coordinates":[[[151.406,-32.045],[151.4029,-32.0414],[151.4086,-32.0327],[151.421,-32.022],[151.4331,-32.0167],[151.4425,-32.0067],[151.4547,-31.996],[151.4489,-31.9826],[151.4498,-31.9771],[151.4461,-31.97],[151.4487,-31.9616],[151.4425,-31.9494],[151.4504,-31.9442],[151.4558,-31.923],[151.4595,-31.9213],[151.4692,-31.9061],[151.4695,-31.8966],[151.4769,-31.8933],[151.4854,-31.8924],[151.4908,-31.8871],[151.4881,-31.8832],[151.4912,-31.8781],[151.5057,-31.8731],[151.5151,-31.8658],[151.5122,-31.8575],[151.5165,-31.8526],[151.5356,-31.8455],[151.5467,-31.8485],[151.5564,-31.8493],[151.5563,-31.862],[151.5661,-31.8604],[151.5768,-31.8548],[151.5849,-31.8376],[151.5854,-31.8192],[151.5899,-31.814],[151.5987,-31.8158],[151.6022,-31.804],[151.611,-31.8053],[151.6155,-31.7891],[151.619,-31.7713],[151.5952,-31.768],[151.5935,-31.7774],[151.5752,-31.7749],[151.5765,-31.768],[151.5366,-31.762],[151.5276,-31.7629],[151.5292,-31.7554],[151.5208,-31.7541],[151.5324,-31.6973],[151.5348,-31.6941],[151.5225,-31.6797],[151.5223,-31.6676],[151.5276,-31.6409],[151.5252,-31.6356],[151.5134,-31.634],[151.5113,-31.6457],[151.5004,-31.6471],[151.4972,-31.6417],[151.4906,-31.6383],[151.488,-31.6218],[151.4912,-31.6182],[151.484,-31.6125],[151.4721,-31.6163],[151.4689,-31.6194],[151.4594,-31.61],[151.4487,-31.6063],[151.4403,-31.5944],[151.4332,-31.5913],[151.4382,-31.5819],[151.4353,-31.5754],[151.4306,-31.5743],[151.427,-31.5647],[151.4209,-31.5634],[151.4063,-31.5659],[151.4011,-31.5582],[151.3945,-31.5622],[151.3849,-31.5561],[151.377,-31.562],[151.3718,-31.5575],[151.3676,-31.5799],[151.3632,-31.5923],[151.3446,-31.5899],[151.3423,-31.6088],[151.3361,-31.6108],[151.3199,-31.6086],[151.314,-31.611],[151.3066,-31.6221],[151.2938,-31.6217],[151.2835,-31.6282],[151.2812,-31.6333],[151.2672,-31.6445],[151.2663,-31.6522],[151.2559,-31.6557],[151.2369,-31.6531],[151.2306,-31.6533],[151.2227,-31.6487],[151.2051,-31.642],[151.1953,-31.6396],[151.1851,-31.6328],[151.1755,-31.6289],[151.1667,-31.6323],[151.1595,-31.6679],[151.168,-31.6691],[151.1627,-31.6961],[151.1706,-31.6972],[151.1769,-31.7066],[151.1735,-31.7258],[151.1853,-31.7277],[151.1775,-31.7623],[151.1601,-31.7597],[151.1571,-31.7735],[151.1486,-31.7731],[151.1121,-31.7679],[151.1162,-31.7737],[151.1098,-31.7825],[151.1052,-31.7821],[151.1032,-31.7915],[151.0967,-31.791],[151.0861,-31.7973],[151.084,-31.8083],[151.0682,-31.8061],[151.06,-31.8068],[151.055,-31.8138],[151.0543,-31.819],[151.0593,-31.823],[151.0503,-31.829],[151.0525,-31.8354],[151.059,-31.8408],[151.064,-31.8418],[151.0603,-31.8489],[151.0507,-31.8498],[151.0412,-31.8479],[151.0287,-31.85],[151.024,-31.8529],[151.0285,-31.8649],[151.0364,-31.8628],[151.0415,-31.8657],[151.0438,-31.8723],[151.0419,-31.8841],[151.0306,-31.8828],[151.0297,-31.8877],[151.0145,-31.8855],[151.017,-31.8826],[151.0175,-31.8732],[150.963,-31.8651],[150.9614,-31.8606],[150.9528,-31.8604],[150.9447,-31.8575],[150.9379,-31.8521],[150.9454,-31.8469],[150.9515,-31.8474],[150.9465,-31.8351],[150.9382,-31.8283],[150.9446,-31.8239],[150.9439,-31.8175],[150.9274,-31.8117],[150.9189,-31.8103],[150.9144,-31.8139],[150.9022,-31.8119],[150.901,-31.8169],[150.8948,-31.8258],[150.8831,-31.8235],[150.8748,-31.818],[150.8566,-31.8195],[150.8334,-31.8172],[150.8251,-31.8096],[150.8111,-31.8081],[150.8114,-31.8159],[150.8024,-31.8218],[150.7966,-31.8209],[150.7893,-31.8246],[150.7814,-31.8224],[150.7729,-31.829],[150.7786,-31.8381],[150.7778,-31.8423],[150.7509,-31.8387],[150.7349,-31.838],[150.7239,-31.839],[150.7305,-31.8462],[150.7289,-31.8555],[150.7389,-31.8724],[150.7505,-31.8798],[150.7562,-31.8872],[150.7643,-31.8909],[150.7672,-31.8984],[150.7718,-31.8989],[150.7795,-31.9053],[150.7866,-31.9063],[150.7857,-31.9114],[150.7937,-31.9162],[150.7909,-31.9232],[150.7942,-31.9298],[150.7956,-31.9385],[150.7997,-31.9452],[150.7991,-31.9507],[150.7877,-31.9491],[150.7832,-31.973],[150.7883,-31.9737],[150.7856,-31.9877],[150.7763,-31.9864],[150.7741,-32.0011],[150.7813,-32.01],[150.7775,-32.0305],[150.768,-32.0273],[150.7689,-32.0199],[150.7615,-32.0198],[150.7523,-32.0155],[150.7502,-32.0122],[150.7237,-32.0088],[150.725,-32.0022],[150.719,-32.0014],[150.7179,-32.0069],[150.7092,-32.0057],[150.7005,-32.0008],[150.6963,-31.9937],[150.7013,-31.9797],[150.6873,-31.9758],[150.6754,-31.9742],[150.6664,-31.962],[150.6637,-31.9526],[150.666,-31.9406],[150.6553,-31.9391],[150.6575,-31.9277],[150.6554,-31.9243],[150.642,-31.9223],[150.6448,-31.9079],[150.6047,-31.9017],[150.5961,-31.8925],[150.5983,-31.8798],[150.6022,-31.8731],[150.5996,-31.8615],[150.6072,-31.8611],[150.6127,-31.8474],[150.6062,-31.8433],[150.5967,-31.8435],[150.5918,-31.8467],[150.5856,-31.8435],[150.5732,-31.8463],[150.5663,-31.8445],[150.5542,-31.8494],[150.5529,-31.8547],[150.5466,-31.8582],[150.5333,-31.8532],[150.5254,-31.8567],[150.5186,-31.8571],[150.5135,-31.8617],[150.5043,-31.8644],[150.5033,-31.87],[150.497,-31.8704],[150.489,-31.8788],[150.4865,-31.885],[150.4782,-31.891],[150.4757,-31.8972],[150.479,-31.9063],[150.477,-31.9124],[150.4804,-31.9189],[150.4726,-31.9436],[150.478,-31.9451],[150.4759,-31.9515],[150.4869,-31.9744],[150.4934,-31.9784],[150.4981,-31.9868],[150.5061,-31.9888],[150.5152,-31.9998],[150.5199,-32.003],[150.5179,-32.0103],[150.5192,-32.024],[150.5174,-32.0328],[150.5066,-32.0494],[150.5047,-32.0697],[150.5002,-32.0753],[150.4983,-32.0955],[150.4998,-32.1043],[150.5029,-32.1084],[150.5045,-32.1179],[150.5019,-32.1193],[150.5031,-32.1288],[150.4989,-32.13],[150.5731,-32.1396],[150.5815,-32.1418],[150.5829,-32.1346],[150.5773,-32.1295],[150.5706,-32.1199],[150.5789,-32.1211],[150.5798,-32.1161],[150.5913,-32.1177],[150.5926,-32.1106],[150.6055,-32.113],[150.6433,-32.1182],[150.6445,-32.1146],[150.6552,-32.116],[150.6549,-32.1241],[150.6576,-32.1294],[150.667,-32.1307],[150.672,-32.1247],[150.6826,-32.128],[150.6891,-32.1232],[150.6895,-32.1208],[150.7091,-32.1236],[150.712,-32.1092],[150.7456,-32.1138],[150.7449,-32.1173],[150.7619,-32.1199],[150.7634,-32.1126],[150.7735,-32.114],[150.7718,-32.1235],[150.7839,-32.1251],[150.7899,-32.1196],[150.795,-32.1203],[150.798,-32.1071],[150.8246,-32.1105],[150.8254,-32.1062],[150.8359,-32.1076],[150.8442,-32.1132],[150.8418,-32.1197],[150.8471,-32.1304],[150.8537,-32.13],[150.8556,-32.1229],[150.8729,-32.125],[150.8775,-32.1362],[150.8888,-32.1547],[150.8962,-32.1536],[150.9105,-32.135],[150.916,-32.1335],[150.9285,-32.1378],[150.9322,-32.1323],[150.9375,-32.1365],[150.9488,-32.1351],[150.9572,-32.137],[150.9628,-32.1355],[150.9723,-32.1372],[150.9741,-32.1425],[150.9818,-32.1432],[150.9817,-32.1322],[150.986,-32.124],[150.982,-32.1146],[150.993,-32.1161],[151.0083,-32.1241],[151.008,-32.12],[151.0225,-32.1235],[151.0342,-32.1076],[151.041,-32.0794],[151.048,-32.0776],[151.0699,-32.0805],[151.072,-32.0703],[151.0755,-32.0703],[151.0838,-32.063],[151.1018,-32.0517],[151.1126,-32.0531],[151.1187,-32.0501],[151.135,-32.0566],[151.1459,-32.0529],[151.1539,-32.056],[151.1595,-32.0536],[151.1844,-32.0571],[151.1933,-32.0549],[151.213,-32.0577],[151.2182,-32.0551],[151.2303,-32.0545],[151.2421,-32.0564],[151.2587,-32.0492],[151.2594,-32.0458],[151.2698,-32.0474],[151.2711,-32.0415],[151.3206,-32.0491],[151.317,-32.0701],[151.3269,-32.0716],[151.3247,-32.0828],[151.3179,-32.0818],[151.3168,-32.0874],[151.334,-32.09],[151.3355,-32.0824],[151.3521,-32.0804],[151.3624,-32.083],[151.3698,-32.0813],[151.3883,-32.0835],[151.3923,-32.0812],[151.3947,-32.0696],[151.4008,-32.0669],[151.4065,-32.059],[151.406,-32.045]]]}},{"type":"Feature","properties":{"pc":"2340"},"geometry":{"type":"MultiPolygon","coordinates":[[[[151.2885,-31.094],[151.2723,-31.0946],[151.2729,-31.104],[151.2774,-31.1056],[151.2768,-31.1119],[151.2614,-31.1096],[151.2585,-31.124],[151.2421,-31.1216],[151.2375,-31.1256],[151.2288,-31.1283],[151.232,-31.1397],[151.2308,-31.1437],[151.2437,-31.1519],[151.2371,-31.1664],[151.2388,-31.1728],[151.248,-31.1759],[151.2482,-31.1806],[151.2549,-31.1834],[151.262,-31.2073],[151.267,-31.213],[151.2691,-31.222],[151.2741,-31.223],[151.2762,-31.2373],[151.2711,-31.2419],[151.28,-31.2465],[151.2799,-31.25],[151.242,-31.2445],[151.2443,-31.2345],[151.2366,-31.2265],[151.234,-31.2209],[151.2181,-31.2131],[151.2129,-31.2076],[151.1871,-31.204],[151.1664,-31.1993],[151.1701,-31.1804],[151.1627,-31.1793],[151.155,-31.1818],[151.1513,-31.1777],[151.1523,-31.1717],[151.1477,-31.1658],[151.1353,-31.1594],[151.1377,-31.1557],[151.1302,-31.1458],[151.1147,-31.1328],[151.1159,-31.127],[151.0762,-31.1211],[151.0774,-31.113],[151.0751,-31.1097],[151.0602,-31.1075],[151.0519,-31.1095],[151.0511,-31.1134],[151.0294,-31.1106],[151.0315,-31.0989],[151.0385,-31.0928],[151.0197,-31.0919],[151.0158,-31.0967],[151.0011,-31.0887],[150.9945,-31.0947],[150.9752,-31.0929],[150.9761,-31.0869],[150.9673,-31.0854],[150.9716,-31.0705],[150.9807,-31.0718],[150.9866,-31.0424],[150.996,-31.0439],[150.9984,-31.0325],[150.9938,-31.0318],[150.9954,-31.0243],[151.0004,-31.0191],[151.0094,-31.0188],[151.0107,-31.0124],[151.0249,-31.0145],[151.0268,-31.0051],[151.0209,-31.0006],[151.0241,-30.9937],[151.0274,-30.9771],[151.0217,-30.9737],[151.0052,-30.9713],[151.0075,-30.9594],[150.9991,-30.9583],[150.9974,-30.9524],[150.9778,-30.9504],[150.9771,-30.9448],[150.9708,-30.9395],[150.9638,-30.943],[150.9558,-30.9418],[150.9568,-30.9377],[150.9372,-30.9351],[150.9337,-30.9544],[150.9273,-30.9554],[150.9228,-30.9691],[150.9122,-30.9654],[150.8985,-30.9634],[150.896,-30.9583],[150.866,-30.9548],[150.8507,-30.9536],[150.8509,-30.9493],[150.838,-30.9414],[150.8258,-30.94],[150.82,-30.9456],[150.8096,-30.9496],[150.7971,-30.9592],[150.7808,-30.9629],[150.7776,-30.9649],[150.7626,-30.9666],[150.7399,-30.9659],[150.7346,-30.9691],[150.7253,-30.9597],[150.707,-30.9623],[150.7105,-30.9439],[150.7046,-30.943],[150.706,-30.9362],[150.7185,-30.938],[150.7204,-30.9293],[150.7265,-30.9302],[150.7285,-30.9203],[150.7224,-30.9194],[150.7234,-30.9141],[150.7128,-30.9126],[150.715,-30.902],[150.708,-30.901],[150.7048,-30.8956],[150.7094,-30.8866],[150.6993,-30.8851],[150.7025,-30.8794],[150.7054,-30.8645],[150.6445,-30.855],[150.6372,-30.8516],[150.6382,-30.8468],[150.6142,-30.8438],[150.6109,-30.852],[150.6066,-30.8744],[150.6033,-30.8818],[150.6082,-30.8825],[150.604,-30.8911],[150.5993,-30.9155],[150.5944,-30.9159],[150.5798,-30.9216],[150.5607,-30.9345],[150.5532,-30.9314],[150.5447,-30.9338],[150.5387,-30.9396],[150.5286,-30.9382],[150.5232,-30.9281],[150.5136,-30.9284],[150.5104,-30.9213],[150.4918,-30.9214],[150.4842,-30.9318],[150.4779,-30.9302],[150.473,-30.9192],[150.4581,-30.9207],[150.4467,-30.9266],[150.4353,-30.9238],[150.4333,-30.9323],[150.4404,-30.9384],[150.4522,-30.945],[150.4559,-30.9525],[150.451,-30.9575],[150.4433,-30.9581],[150.4431,-30.9657],[150.4378,-30.9748],[150.4408,-30.9814],[150.4355,-30.9841],[150.424,-30.9751],[150.4222,-30.98],[150.4094,-30.9864],[150.4014,-30.9933],[150.3879,-30.9898],[150.3762,-30.9918],[150.3726,-30.9829],[150.367,-30.9766],[150.3525,-30.9753],[150.3468,-30.979],[150.3388,-31.0214],[150.3348,-31.0404],[150.3423,-31.0424],[150.3542,-31.0427],[150.3592,-31.0485],[150.3677,-31.0506],[150.3728,-31.0487],[150.3797,-31.0522],[150.3875,-31.0493],[150.3992,-31.0549],[150.3958,-31.0621],[150.4044,-31.0651],[150.4001,-31.0694],[150.4057,-31.081],[150.4081,-31.0795],[150.4315,-31.0829],[150.4326,-31.077],[150.4607,-31.0809],[150.4604,-31.0854],[150.4822,-31.0885],[150.4845,-31.0746],[150.5192,-31.0789],[150.54,-31.0821],[150.5445,-31.0551],[150.5564,-31.0564],[150.5609,-31.0585],[150.5655,-31.0347],[150.5618,-31.0282],[150.5641,-31.0155],[150.5753,-31.0201],[150.578,-31.0281],[150.5831,-31.0284],[150.5897,-31.0362],[150.5977,-31.0383],[150.5968,-31.0437],[150.6101,-31.0379],[150.6313,-31.0411],[150.633,-31.0327],[150.687,-31.0404],[150.686,-31.0458],[150.7053,-31.0486],[150.7081,-31.034],[150.7304,-31.0371],[150.7389,-31.0367],[150.7379,-31.0416],[150.7609,-31.0449],[150.7636,-31.0317],[150.7971,-31.0367],[150.7956,-31.0438],[150.8093,-31.0462],[150.8143,-31.0519],[150.8104,-31.0734],[150.824,-31.0753],[150.8201,-31.0947],[150.7669,-31.0874],[150.7597,-31.0838],[150.7529,-31.0855],[150.7414,-31.1404],[150.7354,-31.1718],[150.7399,-31.175],[150.7441,-31.1708],[150.7799,-31.1752],[150.7782,-31.1825],[150.8027,-31.1869],[150.8445,-31.1926],[150.8465,-31.1899],[150.8576,-31.1908],[150.8605,-31.1845],[150.868,-31.1861],[150.8702,-31.1825],[150.8882,-31.185],[150.8803,-31.2278],[150.8831,-31.2287],[150.8752,-31.2694],[150.887,-31.2711],[150.8826,-31.2919],[150.8786,-31.2906],[150.8643,-31.2973],[150.8501,-31.3025],[150.8461,-31.2964],[150.8324,-31.2927],[150.8151,-31.2902],[150.8159,-31.2863],[150.8021,-31.2843],[150.7995,-31.2785],[150.7896,-31.2777],[150.7845,-31.2815],[150.7852,-31.2845],[150.7821,-31.3009],[150.7726,-31.2998],[150.7643,-31.3054],[150.7629,-31.312],[150.7629,-31.3267],[150.7489,-31.3245],[150.7504,-31.317],[150.7336,-31.3158],[150.7324,-31.3229],[150.7372,-31.3255],[150.7327,-31.3347],[150.7348,-31.3373],[150.731,-31.3471],[150.733,-31.3523],[150.7405,-31.3449],[150.7463,-31.342],[150.7544,-31.3418],[150.7562,-31.3496],[150.7611,-31.3592],[150.7649,-31.3572],[150.7912,-31.3611],[150.7917,-31.3588],[150.8199,-31.3629],[150.8175,-31.3764],[150.822,-31.3805],[150.8164,-31.4014],[150.8373,-31.4057],[150.836,-31.4116],[150.8574,-31.4142],[150.8655,-31.4177],[150.8644,-31.4233],[150.8673,-31.4304],[150.8733,-31.4313],[150.872,-31.4382],[150.8766,-31.4388],[150.882,-31.4536],[150.9002,-31.4566],[150.909,-31.4714],[150.9091,-31.4821],[150.9131,-31.491],[150.9183,-31.4918],[150.9167,-31.499],[150.9232,-31.5],[150.9206,-31.5131],[150.9403,-31.5162],[150.9482,-31.5172],[150.956,-31.4889],[150.9612,-31.4907],[150.9636,-31.4982],[150.9703,-31.5041],[150.9747,-31.5045],[150.9821,-31.4942],[150.988,-31.5003],[150.9992,-31.4989],[151.0102,-31.5051],[151.0332,-31.4989],[151.0393,-31.5087],[151.0496,-31.5197],[151.0918,-31.5265],[151.1048,-31.5299],[151.1066,-31.5342],[151.1186,-31.536],[151.1181,-31.5386],[151.145,-31.5414],[151.1463,-31.5467],[151.1679,-31.5495],[151.1613,-31.5588],[151.1705,-31.5671],[151.1667,-31.5714],[151.1672,-31.5789],[151.1649,-31.5862],[151.1705,-31.5948],[151.1776,-31.5997],[151.1815,-31.6092],[151.174,-31.6108],[151.1674,-31.6214],[151.162,-31.6228],[151.157,-31.6282],[151.1667,-31.6323],[151.1755,-31.6289],[151.1851,-31.6328],[151.1953,-31.6396],[151.2051,-31.642],[151.2227,-31.6487],[151.2306,-31.6533],[151.2369,-31.6531],[151.2559,-31.6557],[151.2663,-31.6522],[151.2672,-31.6445],[151.2812,-31.6333],[151.2835,-31.6282],[151.2938,-31.6217],[151.3066,-31.6221],[151.314,-31.611],[151.3199,-31.6086],[151.3361,-31.6108],[151.3423,-31.6088],[151.3446,-31.5899],[151.3632,-31.5923],[151.3676,-31.5799],[151.3718,-31.5575],[151.3685,-31.5596],[151.3551,-31.5592],[151.3505,-31.5611],[151.3553,-31.5353],[151.3408,-31.5333],[151.3467,-31.5024],[151.3444,-31.5021],[151.3478,-31.4871],[151.3384,-31.4831],[151.3421,-31.4637],[151.3376,-31.4547],[151.3301,-31.4464],[151.3313,-31.4421],[151.324,-31.4396],[151.3211,-31.4357],[151.3687,-31.4426],[151.375,-31.4161],[151.3922,-31.4186],[151.3941,-31.4087],[151.3855,-31.4009],[151.3908,-31.3701],[151.3848,-31.3694],[151.3861,-31.3618],[151.3531,-31.357],[151.3554,-31.3452],[151.3422,-31.3433],[151.3406,-31.3515],[151.3319,-31.3503],[151.3337,-31.3409],[151.3234,-31.3395],[151.3283,-31.3338],[151.3323,-31.3128],[151.3157,-31.3105],[151.3203,-31.2857],[151.3299,-31.2835],[151.3425,-31.2763],[151.346,-31.2833],[151.3514,-31.2874],[151.3579,-31.2882],[151.3703,-31.2226],[151.3799,-31.2239],[151.3828,-31.2072],[151.3764,-31.2069],[151.3666,-31.2112],[151.3599,-31.2095],[151.362,-31.1994],[151.3565,-31.2006],[151.3447,-31.1969],[151.3447,-31.1893],[151.3394,-31.1812],[151.3258,-31.1796],[151.3191,-31.1757],[151.325,-31.1471],[151.3345,-31.1468],[151.3394,-31.1206],[151.3334,-31.1223],[151.3362,-31.1073],[151.3035,-31.1026],[151.3079,-31.0823],[151.2985,-31.0889],[151.2938,-31.0878],[151.2885,-31.094]]],[[[150.4987,-30.9097],[150.507,-30.9061],[150.5245,-30.9064],[150.5302,-30.903],[150.5317,-30.8894],[150.5304,-30.8751],[150.5211,-30.855],[150.5466,-30.8587],[150.5495,-30.844],[150.556,-30.8449],[150.5575,-30.837],[150.5617,-30.8376],[150.5632,-30.8299],[150.556,-30.8284],[150.5593,-30.8108],[150.5438,-30.8134],[150.5202,-30.8004],[150.5016,-30.801],[150.4873,-30.799],[150.4839,-30.8157],[150.4789,-30.815],[150.4774,-30.8229],[150.4856,-30.8294],[150.4843,-30.8354],[150.4777,-30.8343],[150.4724,-30.8616],[150.468,-30.8609],[150.4681,-30.8726],[150.4794,-30.8742],[150.4784,-30.8823],[150.4957,-30.892],[150.4964,-30.8982],[150.4943,-30.9087],[150.4987,-30.9097]]]]}},{"type":"Feature","properties":{"pc":"2350"},"geometry":{"type":"Polygon","coordinates":[[[151.1594,-30.3343],[151.168,-30.3422],[151.1754,-30.3455],[151.1755,-30.3532],[151.1728,-30.3595],[151.1752,-30.3658],[151.1893,-30.3706],[151.1903,-30.3802],[151.1961,-30.3868],[151.1944,-30.3914],[151.1974,-30.3998],[151.2173,-30.401],[151.2207,-30.3902],[151.2331,-30.392],[151.2422,-30.3896],[151.2442,-30.3788],[151.2369,-30.3743],[151.2455,-30.3646],[151.257,-30.361],[151.2637,-30.3643],[151.2706,-30.3625],[151.2924,-30.3489],[151.2961,-30.3285],[151.287,-30.3272],[151.2899,-30.312],[151.2923,-30.3068],[151.3067,-30.3088],[151.3054,-30.3167],[151.3184,-30.3184],[151.3172,-30.3251],[151.324,-30.326],[151.3242,-30.3367],[151.3468,-30.3398],[151.3489,-30.3545],[151.3618,-30.3563],[151.3606,-30.3636],[151.3977,-30.3691],[151.3962,-30.3782],[151.3991,-30.3829],[151.3941,-30.3859],[151.3923,-30.396],[151.4019,-30.3994],[151.4002,-30.4088],[151.418,-30.4112],[151.4133,-30.4363],[151.43,-30.4375],[151.4557,-30.4409],[151.4622,-30.4428],[151.4656,-30.4514],[151.46,-30.4565],[151.4693,-30.4674],[151.4667,-30.4812],[151.4585,-30.4857],[151.4586,-30.4963],[151.469,-30.5044],[151.4647,-30.5113],[151.4661,-30.5205],[151.4726,-30.5227],[151.4727,-30.5313],[151.4862,-30.5333],[151.4937,-30.5312],[151.495,-30.5361],[151.5195,-30.5388],[151.5287,-30.5373],[151.5444,-30.5397],[151.5559,-30.5391],[151.5519,-30.5594],[151.5749,-30.5627],[151.5784,-30.5641],[151.5596,-30.5855],[151.5831,-30.5894],[151.5846,-30.5919],[151.5711,-30.5996],[151.6229,-30.6074],[151.6241,-30.601],[151.6423,-30.6035],[151.6396,-30.6117],[151.6396,-30.6233],[151.6283,-30.6259],[151.6264,-30.6364],[151.6267,-30.6452],[151.6187,-30.6583],[151.6349,-30.6606],[151.6399,-30.6779],[151.6511,-30.6796],[151.6522,-30.6745],[151.659,-30.6698],[151.6616,-30.6633],[151.6671,-30.6591],[151.6723,-30.6612],[151.6712,-30.6666],[151.6892,-30.6695],[151.7088,-30.6754],[151.7301,-30.6741],[151.735,-30.6761],[151.7405,-30.6716],[151.7514,-30.6727],[151.7538,-30.6765],[151.7626,-30.6758],[151.7629,-30.6806],[151.7747,-30.6861],[151.7699,-30.6899],[151.7524,-30.6932],[151.7446,-30.6908],[151.7385,-30.6951],[151.7345,-30.7172],[151.72,-30.7152],[151.7253,-30.7247],[151.7302,-30.7417],[151.7213,-30.7915],[151.7199,-30.7958],[151.7282,-30.7912],[151.7395,-30.7873],[151.746,-30.788],[151.7573,-30.7854],[151.7744,-30.7847],[151.7864,-30.7801],[151.7914,-30.7827],[151.7976,-30.7801],[151.8077,-30.7816],[151.8115,-30.7867],[151.8203,-30.7865],[151.8301,-30.7832],[151.836,-30.786],[151.8484,-30.7751],[151.8621,-30.7764],[151.868,-30.7799],[151.88,-30.771],[151.892,-30.7676],[151.9004,-30.7686],[151.9181,-30.7663],[151.9316,-30.7676],[151.9318,-30.7611],[151.9398,-30.7608],[151.9437,-30.7647],[151.9396,-30.7693],[151.9498,-30.7773],[151.9549,-30.7873],[151.9639,-30.7948],[151.9591,-30.8009],[151.962,-30.804],[151.9698,-30.8009],[151.9794,-30.8037],[151.9784,-30.81],[151.9886,-30.8098],[151.9964,-30.8036],[152.0022,-30.8116],[152.0064,-30.8107],[152.0093,-30.8005],[152.0164,-30.8018],[152.0155,-30.8083],[152.0206,-30.8159],[152.0163,-30.8221],[152.0219,-30.8257],[152.0303,-30.8368],[152.0331,-30.8435],[152.0411,-30.8457],[152.0374,-30.8534],[152.0377,-30.8603],[152.0422,-30.862],[152.0547,-30.8597],[152.0621,-30.8482],[152.0773,-30.848],[152.0813,-30.8444],[152.0913,-30.8544],[152.1025,-30.856],[152.1099,-30.8613],[152.1154,-30.8681],[152.1225,-30.868],[152.1225,-30.8611],[152.1285,-30.8597],[152.1379,-30.8692],[152.144,-30.8716],[152.1495,-30.8669],[152.1507,-30.8543],[152.154,-30.8465],[152.149,-30.8384],[152.1429,-30.84],[152.1397,-30.8352],[152.1479,-30.82],[152.1437,-30.8081],[152.1503,-30.8064],[152.154,-30.7942],[152.1694,-30.7821],[152.1768,-30.7785],[152.1876,-30.7664],[152.1919,-30.7539],[152.1866,-30.7496],[152.1914,-30.7417],[152.1901,-30.7248],[152.1958,-30.7202],[152.2012,-30.7121],[152.2055,-30.7096],[152.2114,-30.7007],[152.2115,-30.6966],[152.2205,-30.679],[152.2261,-30.6652],[152.2269,-30.6511],[152.2218,-30.6486],[152.2287,-30.6367],[152.245,-30.6238],[152.2408,-30.6129],[152.2498,-30.6117],[152.2569,-30.6046],[152.2681,-30.5974],[152.275,-30.5893],[152.2884,-30.5835],[152.2896,-30.5765],[152.302,-30.5679],[152.3072,-30.5684],[152.3094,-30.5621],[152.3204,-30.555],[152.3404,-30.5511],[152.3411,-30.5657],[152.3483,-30.5631],[152.3525,-30.5561],[152.362,-30.5553],[152.3637,-30.5461],[152.3764,-30.5403],[152.3767,-30.5355],[152.3882,-30.5264],[152.373,-30.5242],[152.3671,-30.5174],[152.3592,-30.5161],[152.3602,-30.5074],[152.3571,-30.5032],[152.3503,-30.5022],[152.3415,-30.5066],[152.3295,-30.5074],[152.3259,-30.5265],[152.2772,-30.5199],[152.2786,-30.5019],[152.2674,-30.5004],[152.2684,-30.4955],[152.2778,-30.49],[152.2773,-30.4759],[152.2477,-30.472],[152.2484,-30.465],[152.2443,-30.4546],[152.2457,-30.4486],[152.2402,-30.438],[152.2212,-30.4306],[152.2181,-30.4256],[152.2209,-30.4185],[152.2269,-30.4136],[152.2181,-30.4011],[152.2159,-30.394],[152.2055,-30.3876],[152.2105,-30.3734],[152.2095,-30.3687],[152.2034,-30.3679],[152.2062,-30.3525],[152.2155,-30.3612],[152.2253,-30.3579],[152.2338,-30.3607],[152.2426,-30.3681],[152.2448,-30.3581],[152.2541,-30.3518],[152.2559,-30.3446],[152.2615,-30.3359],[152.2658,-30.3329],[152.2685,-30.3226],[152.2762,-30.3188],[152.2725,-30.3056],[152.28,-30.2995],[152.2988,-30.2921],[152.3067,-30.3028],[152.3106,-30.2814],[152.3257,-30.2836],[152.3301,-30.2733],[152.3253,-30.2513],[152.3277,-30.2413],[152.3227,-30.236],[152.3128,-30.2328],[152.3117,-30.2195],[152.3062,-30.2168],[152.3031,-30.2238],[152.29,-30.2253],[152.2855,-30.2211],[152.2826,-30.2077],[152.2894,-30.2054],[152.2935,-30.2034],[152.2942,-30.1971],[152.2824,-30.1957],[152.2768,-30.1852],[152.2614,-30.184],[152.257,-30.1757],[152.2631,-30.1725],[152.2647,-30.1668],[152.2569,-30.1623],[152.2478,-30.1621],[152.2465,-30.1709],[152.2402,-30.1724],[152.2325,-30.1672],[152.2343,-30.1636],[152.2277,-30.155],[152.2176,-30.1586],[152.2092,-30.1526],[152.2085,-30.1476],[152.1971,-30.1541],[152.1964,-30.1641],[152.2073,-30.1634],[152.2061,-30.169],[152.2004,-30.1726],[152.1876,-30.1714],[152.179,-30.1585],[152.1736,-30.1617],[152.1672,-30.1601],[152.1594,-30.1646],[152.1637,-30.1687],[152.161,-30.1744],[152.1535,-30.1775],[152.1477,-30.1765],[152.1438,-30.165],[152.1343,-30.1623],[152.1379,-30.1566],[152.1432,-30.155],[152.1484,-30.1271],[152.1325,-30.1256],[152.1173,-30.1208],[152.118,-30.1149],[152.1144,-30.11],[152.1185,-30.0926],[152.0865,-30.0881],[152.066,-30.0907],[152.0384,-30.087],[152.0438,-30.0824],[152.0152,-30.0784],[152.0142,-30.0838],[151.9901,-30.0806],[151.9893,-30.075],[151.983,-30.0712],[151.974,-30.0742],[151.9717,-30.0789],[151.964,-30.0809],[151.958,-30.0859],[151.9519,-30.0967],[151.9471,-30.0975],[151.9399,-30.1042],[151.9279,-30.1089],[151.9276,-30.117],[151.9215,-30.1271],[151.9197,-30.1394],[151.9155,-30.1465],[151.9044,-30.146],[151.8883,-30.1396],[151.8706,-30.1396],[151.8712,-30.1453],[151.8869,-30.1475],[151.8836,-30.1656],[151.8738,-30.1642],[151.8707,-30.1813],[151.8603,-30.1799],[151.8572,-30.1872],[151.8563,-30.1968],[151.8733,-30.1991],[151.8717,-30.2075],[151.8939,-30.2107],[151.8949,-30.2054],[151.9116,-30.2078],[151.9092,-30.2213],[151.8939,-30.2236],[151.8888,-30.2288],[151.8816,-30.2304],[151.8772,-30.2424],[151.8742,-30.2595],[151.8948,-30.2631],[151.8938,-30.2695],[151.8884,-30.2739],[151.8867,-30.2847],[151.897,-30.286],[151.8948,-30.2909],[151.8861,-30.2915],[151.8843,-30.302],[151.8854,-30.3107],[151.877,-30.3095],[151.8745,-30.3243],[151.8628,-30.3208],[151.8596,-30.3227],[151.85,-30.3213],[151.8467,-30.3158],[151.8302,-30.3019],[151.8227,-30.298],[151.8127,-30.2974],[151.8099,-30.3002],[151.8018,-30.2958],[151.7995,-30.3066],[151.7957,-30.3061],[151.7918,-30.3269],[151.8093,-30.3397],[151.8086,-30.3478],[151.8012,-30.3512],[151.8051,-30.3583],[151.7872,-30.3558],[151.777,-30.3521],[151.7606,-30.3537],[151.765,-30.3671],[151.7482,-30.3757],[151.7414,-30.383],[151.7384,-30.3911],[151.7295,-30.4016],[151.7224,-30.3978],[151.7056,-30.3954],[151.707,-30.3878],[151.6843,-30.3832],[151.6753,-30.3872],[151.6736,-30.3962],[151.6483,-30.3926],[151.6436,-30.3863],[151.6266,-30.3711],[151.6001,-30.3673],[151.588,-30.3751],[151.5852,-30.3722],[151.5727,-30.3704],[151.5748,-30.3589],[151.574,-30.3523],[151.5688,-30.3516],[151.5707,-30.3418],[151.5926,-30.3448],[151.5962,-30.3247],[151.5872,-30.3235],[151.5924,-30.2942],[151.5766,-30.2958],[151.5682,-30.2917],[151.5705,-30.2809],[151.5791,-30.2743],[151.5675,-30.2722],[151.5612,-30.2743],[151.554,-30.2815],[151.5496,-30.2902],[151.5287,-30.2972],[151.5203,-30.3093],[151.4971,-30.3079],[151.4953,-30.31],[151.4768,-30.3074],[151.4784,-30.2985],[151.4766,-30.2952],[151.4336,-30.2894],[151.4312,-30.3016],[151.3964,-30.2968],[151.402,-30.2662],[151.3912,-30.265],[151.3876,-30.2692],[151.3909,-30.2729],[151.3863,-30.2774],[151.3811,-30.2772],[151.3748,-30.2848],[151.3623,-30.2812],[151.3578,-30.2853],[151.3475,-30.2767],[151.3376,-30.2717],[151.3308,-30.274],[151.3169,-30.2634],[151.304,-30.2652],[151.2976,-30.2634],[151.2983,-30.2524],[151.2861,-30.2547],[151.284,-30.2662],[151.2429,-30.2603],[151.2413,-30.2682],[151.2141,-30.2646],[151.2112,-30.2791],[151.2021,-30.2777],[151.1961,-30.2732],[151.1935,-30.2835],[151.1815,-30.2789],[151.1731,-30.2843],[151.1709,-30.2899],[151.1513,-30.2878],[151.1447,-30.2826],[151.1345,-30.2859],[151.1399,-30.2962],[151.148,-30.3014],[151.1421,-30.3108],[151.1433,-30.3206],[151.1498,-30.3276],[151.1594,-30.3343]]]}},{"type":"Feature","properties":{"pc":"2430"},"geometry":{"type":"Polygon","coordinates":[[[152.5444,-32.0793],[152.548,-32.0733],[152.5435,-32.0665],[152.5482,-32.0581],[152.5418,-32.0483],[152.5438,-32.0361],[152.5548,-32.0188],[152.5666,-32.0096],[152.5673,-32.0018],[152.573,-31.996],[152.578,-31.9858],[152.5939,-31.9705],[152.6088,-31.9471],[152.6359,-31.9203],[152.6664,-31.8961],[152.6854,-31.8835],[152.691,-31.8776],[152.6964,-31.8766],[152.6879,-31.8751],[152.67,-31.8884],[152.6609,-31.8913],[152.6562,-31.8905],[152.6495,-31.8849],[152.6346,-31.8844],[152.6226,-31.876],[152.6232,-31.8663],[152.6145,-31.8635],[152.6146,-31.8578],[152.6101,-31.8512],[152.6131,-31.8476],[152.6083,-31.8341],[152.5992,-31.8365],[152.5984,-31.8416],[152.6029,-31.8468],[152.5992,-31.852],[152.5818,-31.8573],[152.5811,-31.8662],[152.5714,-31.8666],[152.5597,-31.8724],[152.5545,-31.8704],[152.5572,-31.8611],[152.5625,-31.8561],[152.5575,-31.8508],[152.5584,-31.8469],[152.5415,-31.8447],[152.5436,-31.8336],[152.5387,-31.833],[152.5415,-31.8175],[152.5309,-31.8159],[152.5322,-31.8088],[152.525,-31.8078],[152.5289,-31.7931],[152.538,-31.7867],[152.5509,-31.7901],[152.5509,-31.7954],[152.557,-31.7955],[152.5585,-31.79],[152.5547,-31.777],[152.5483,-31.7757],[152.5495,-31.7697],[152.5452,-31.7643],[152.5523,-31.7629],[152.5556,-31.7533],[152.5632,-31.7535],[152.5714,-31.7668],[152.5667,-31.7694],[152.5649,-31.7752],[152.5707,-31.7764],[152.5678,-31.7838],[152.5776,-31.7877],[152.5881,-31.7891],[152.5911,-31.7944],[152.598,-31.7967],[152.5952,-31.8019],[152.6064,-31.8041],[152.6071,-31.8008],[152.6181,-31.8016],[152.6127,-31.814],[152.6176,-31.8147],[152.6215,-31.8073],[152.6324,-31.8098],[152.6377,-31.782],[152.6207,-31.7791],[152.6089,-31.7728],[152.6063,-31.7662],[152.5989,-31.7651],[152.5961,-31.7563],[152.6014,-31.7531],[152.6057,-31.7606],[152.6281,-31.7639],[152.6323,-31.7619],[152.6342,-31.7525],[152.6411,-31.7533],[152.6434,-31.7421],[152.6381,-31.7394],[152.6397,-31.7337],[152.6341,-31.7311],[152.6045,-31.7273],[152.5967,-31.7297],[152.599,-31.7167],[152.5911,-31.7153],[152.5857,-31.7394],[152.5706,-31.7382],[152.5558,-31.7408],[152.5433,-31.736],[152.5537,-31.7332],[152.55,-31.7196],[152.5535,-31.7118],[152.5582,-31.7073],[152.5456,-31.704],[152.5467,-31.6978],[152.542,-31.6947],[152.5284,-31.6924],[152.5181,-31.6807],[152.5101,-31.6839],[152.5086,-31.6781],[152.5129,-31.6725],[152.5149,-31.6628],[152.5017,-31.6609],[152.4999,-31.6544],[152.4765,-31.6508],[152.4747,-31.6594],[152.4687,-31.6642],[152.4587,-31.6637],[152.4619,-31.6468],[152.4451,-31.6479],[152.4443,-31.6519],[152.4333,-31.652],[152.4267,-31.6645],[152.426,-31.6715],[152.4163,-31.6813],[152.4233,-31.6855],[152.4243,-31.6896],[152.4324,-31.6946],[152.4402,-31.6932],[152.4426,-31.6964],[152.4394,-31.7028],[152.4331,-31.705],[152.4316,-31.7164],[152.438,-31.7174],[152.4367,-31.7229],[152.4498,-31.7247],[152.4509,-31.7271],[152.4466,-31.7496],[152.4402,-31.7487],[152.4381,-31.76],[152.441,-31.7662],[152.4476,-31.7721],[152.451,-31.7912],[152.4575,-31.7901],[152.4542,-31.8074],[152.4454,-31.8186],[152.4441,-31.8269],[152.4391,-31.8262],[152.436,-31.8412],[152.4354,-31.8519],[152.4289,-31.851],[152.423,-31.8553],[152.4171,-31.8561],[152.4141,-31.8713],[152.4064,-31.8704],[152.3995,-31.8768],[152.3997,-31.8879],[152.3909,-31.8913],[152.389,-31.9014],[152.3805,-31.9003],[152.3736,-31.9019],[152.3668,-31.8959],[152.3598,-31.894],[152.3544,-31.9087],[152.3495,-31.9127],[152.3417,-31.9139],[152.3345,-31.9094],[152.3324,-31.9031],[152.3247,-31.9038],[152.326,-31.9214],[152.3219,-31.926],[152.3299,-31.9336],[152.3398,-31.9349],[152.3368,-31.9503],[152.3405,-31.9555],[152.3339,-31.9583],[152.3273,-31.9657],[152.3088,-31.9649],[152.2952,-31.9725],[152.2922,-31.9853],[152.2984,-31.9904],[152.3032,-31.9987],[152.3026,-32.0116],[152.2998,-32.018],[152.3224,-32.0213],[152.3249,-32.0251],[152.3237,-32.0337],[152.3291,-32.0344],[152.3272,-32.0451],[152.3341,-32.0435],[152.3401,-32.0448],[152.3468,-32.0403],[152.3583,-32.0458],[152.3693,-32.0433],[152.3752,-32.0478],[152.4021,-32.0531],[152.405,-32.0604],[152.4048,-32.0757],[152.4081,-32.0837],[152.4257,-32.0843],[152.422,-32.0985],[152.4169,-32.0977],[152.4136,-32.1144],[152.4204,-32.1141],[152.4329,-32.1209],[152.4365,-32.1148],[152.4345,-32.1095],[152.4424,-32.0944],[152.4588,-32.1],[152.4648,-32.1004],[152.4717,-32.0918],[152.4687,-32.0848],[152.4605,-32.083],[152.4632,-32.0684],[152.4818,-32.071],[152.481,-32.0787],[152.4941,-32.079],[152.4932,-32.0836],[152.5017,-32.0844],[152.5059,-32.0741],[152.5444,-32.0793]]]}},{"type":"Feature","properties":{"pc":"2440"},"geometry":{"type":"Polygon","coordinates":[[[152.7312,-30.8637],[152.7169,-30.8624],[152.7076,-30.8592],[152.7066,-30.8739],[152.6923,-30.8764],[152.6801,-30.8738],[152.6735,-30.8668],[152.6652,-30.8629],[152.6787,-30.8426],[152.6819,-30.8327],[152.6814,-30.8262],[152.6849,-30.8169],[152.6798,-30.8115],[152.6652,-30.8123],[152.6588,-30.807],[152.6581,-30.7996],[152.6419,-30.7932],[152.6438,-30.7866],[152.6298,-30.7751],[152.6286,-30.766],[152.6197,-30.7585],[152.6004,-30.7378],[152.5914,-30.7319],[152.5898,-30.7192],[152.5806,-30.7115],[152.57,-30.7102],[152.5624,-30.7013],[152.5563,-30.699],[152.5504,-30.6854],[152.5548,-30.6741],[152.549,-30.6662],[152.5481,-30.6572],[152.5447,-30.6512],[152.5437,-30.6393],[152.5374,-30.6363],[152.5367,-30.6299],[152.5392,-30.6176],[152.5312,-30.6091],[152.5181,-30.6018],[152.5143,-30.5949],[152.504,-30.5869],[152.5026,-30.5781],[152.4989,-30.5714],[152.5004,-30.5664],[152.4923,-30.5629],[152.4878,-30.5556],[152.4801,-30.5554],[152.4737,-30.5524],[152.463,-30.5395],[152.447,-30.5292],[152.4454,-30.5236],[152.4317,-30.5141],[152.4162,-30.5101],[152.4119,-30.511],[152.4045,-30.5073],[152.4003,-30.5009],[152.3919,-30.5009],[152.3858,-30.5052],[152.3826,-30.5193],[152.3882,-30.5264],[152.3767,-30.5355],[152.3764,-30.5403],[152.3637,-30.5461],[152.362,-30.5553],[152.3525,-30.5561],[152.3483,-30.5631],[152.3411,-30.5657],[152.3404,-30.5511],[152.3204,-30.555],[152.3094,-30.5621],[152.3072,-30.5684],[152.302,-30.5679],[152.2896,-30.5765],[152.2884,-30.5835],[152.275,-30.5893],[152.2681,-30.5974],[152.2569,-30.6046],[152.2498,-30.6117],[152.2408,-30.6129],[152.245,-30.6238],[152.2287,-30.6367],[152.2218,-30.6486],[152.2269,-30.6511],[152.2261,-30.6652],[152.2205,-30.679],[152.2115,-30.6966],[152.2114,-30.7007],[152.2055,-30.7096],[152.2012,-30.7121],[152.1958,-30.7202],[152.1901,-30.7248],[152.1914,-30.7417],[152.1866,-30.7496],[152.1919,-30.7539],[152.1876,-30.7664],[152.1768,-30.7785],[152.1694,-30.7821],[152.154,-30.7942],[152.1503,-30.8064],[152.1437,-30.8081],[152.1479,-30.82],[152.1397,-30.8352],[152.1429,-30.84],[152.149,-30.8384],[152.154,-30.8465],[152.1507,-30.8543],[152.1495,-30.8669],[152.1558,-30.8758],[152.1576,-30.8872],[152.1628,-30.8889],[152.1648,-30.8968],[152.169,-30.8997],[152.1692,-30.9111],[152.1779,-30.9107],[152.1793,-30.9149],[152.1913,-30.9163],[152.2006,-30.9152],[152.2443,-30.9221],[152.2957,-30.931],[152.2932,-30.9362],[152.2854,-30.9439],[152.2843,-30.9491],[152.2907,-30.9613],[152.2912,-30.9754],[152.2887,-30.9809],[152.2824,-30.9857],[152.2698,-30.9991],[152.2751,-31.0087],[152.2852,-31.0103],[152.3079,-31.0252],[152.3153,-31.0278],[152.3244,-31.0248],[152.3264,-31.0301],[152.3341,-31.0355],[152.3403,-31.0364],[152.3446,-31.0424],[152.3452,-31.0506],[152.3315,-31.0556],[152.3313,-31.0576],[152.3406,-31.0682],[152.3342,-31.0757],[152.3374,-31.0801],[152.335,-31.0962],[152.3381,-31.106],[152.3482,-31.1092],[152.3496,-31.117],[152.3592,-31.1281],[152.3682,-31.1363],[152.3667,-31.1404],[152.3716,-31.1493],[152.3694,-31.1563],[152.3808,-31.1617],[152.3859,-31.1666],[152.3942,-31.1667],[152.4056,-31.1632],[152.4129,-31.1654],[152.421,-31.1609],[152.4249,-31.1626],[152.4313,-31.1586],[152.4498,-31.1599],[152.4558,-31.1558],[152.4708,-31.1663],[152.483,-31.1646],[152.4897,-31.1679],[152.5056,-31.1631],[152.5139,-31.1676],[152.5252,-31.1645],[152.5397,-31.1629],[152.5412,-31.152],[152.5478,-31.1484],[152.556,-31.1484],[152.5606,-31.1418],[152.5615,-31.1299],[152.5671,-31.1283],[152.5742,-31.1316],[152.5781,-31.128],[152.5885,-31.1282],[152.5976,-31.1237],[152.6149,-31.1361],[152.62,-31.1348],[152.6317,-31.1383],[152.6405,-31.1497],[152.6503,-31.1542],[152.6578,-31.1492],[152.6628,-31.1513],[152.6688,-31.149],[152.6717,-31.1531],[152.6791,-31.1484],[152.6811,-31.1409],[152.6931,-31.1412],[152.6983,-31.1503],[152.7069,-31.1515],[152.7041,-31.1652],[152.7094,-31.1634],[152.706,-31.1807],[152.7149,-31.182],[152.7231,-31.1869],[152.7239,-31.1957],[152.7215,-31.2011],[152.7269,-31.2132],[152.7464,-31.2164],[152.7481,-31.2139],[152.7517,-31.1947],[152.7559,-31.1953],[152.7644,-31.1517],[152.781,-31.1541],[152.7854,-31.1509],[152.7923,-31.1523],[152.8085,-31.149],[152.8148,-31.1379],[152.8241,-31.1409],[152.8316,-31.1466],[152.8439,-31.1501],[152.8734,-31.1684],[152.8696,-31.1743],[152.877,-31.178],[152.8739,-31.1846],[152.8785,-31.1942],[152.8804,-31.2077],[152.8704,-31.2124],[152.8753,-31.2152],[152.8741,-31.2205],[152.8798,-31.2232],[152.8826,-31.2314],[152.8896,-31.2336],[152.8937,-31.2398],[152.8859,-31.2439],[152.8838,-31.2505],[152.8741,-31.2539],[152.857,-31.2669],[152.8551,-31.2794],[152.8523,-31.286],[152.8642,-31.2877],[152.8645,-31.2959],[152.9666,-31.3105],[152.9644,-31.3048],[152.9653,-31.2917],[152.9689,-31.2789],[152.9667,-31.2746],[152.9706,-31.2606],[152.9675,-31.2506],[152.9604,-31.245],[152.9607,-31.233],[152.9642,-31.2187],[152.9749,-31.1971],[152.9827,-31.1921],[152.9756,-31.182],[152.9774,-31.1714],[152.9849,-31.1547],[152.9981,-31.1339],[153.0337,-31.0935],[153.0482,-31.0798],[153.0553,-31.0794],[153.0561,-31.0652],[153.0647,-31.0566],[153.0658,-31.0493],[153.0528,-31.0532],[153.0439,-31.0462],[153.0382,-31.0328],[153.0376,-31.0151],[153.0389,-31.0037],[153.0432,-30.9877],[153.0554,-30.9615],[153.0419,-30.9596],[153.0359,-30.9459],[153.0182,-30.9432],[153.0274,-30.9382],[153.028,-30.9331],[153.033,-30.9256],[153.0263,-30.919],[153.0182,-30.9223],[153.0097,-30.9191],[153.0087,-30.9104],[153.0118,-30.9012],[153.0118,-30.8937],[153.0002,-30.8863],[152.9943,-30.8845],[152.9972,-30.896],[152.9916,-30.8955],[152.9794,-30.8833],[152.9756,-30.8755],[152.9769,-30.8682],[152.9555,-30.8649],[152.9606,-30.8749],[152.9588,-30.8835],[152.9546,-30.8903],[152.9604,-30.8912],[152.9587,-30.9059],[152.9439,-30.9042],[152.9381,-30.9104],[152.9138,-30.9068],[152.9145,-30.9032],[152.9042,-30.9016],[152.9035,-30.9052],[152.8576,-30.8989],[152.8527,-30.9049],[152.8409,-30.9114],[152.8312,-30.9131],[152.8259,-30.9188],[152.8128,-30.9236],[152.8042,-30.9199],[152.794,-30.9219],[152.7879,-30.9265],[152.784,-30.9242],[152.7714,-30.9278],[152.764,-30.9244],[152.762,-30.9166],[152.7521,-30.9021],[152.7461,-30.8898],[152.7394,-30.8855],[152.7368,-30.8782],[152.7389,-30.8739],[152.7312,-30.8637]]]}},{"type":"Feature","properties":{"pc":"2443"},"geometry":{"type":"Polygon","coordinates":[[[152.7337,-31.8291],[152.7332,-31.8231],[152.7367,-31.8095],[152.7449,-31.7934],[152.7651,-31.7675],[152.7987,-31.7327],[152.8022,-31.7326],[152.8048,-31.7241],[152.7932,-31.7138],[152.7933,-31.7057],[152.7987,-31.6924],[152.8051,-31.6816],[152.8148,-31.6693],[152.8341,-31.6499],[152.8433,-31.6445],[152.8346,-31.6341],[152.8344,-31.6262],[152.8273,-31.6287],[152.7905,-31.624],[152.7867,-31.629],[152.7776,-31.6317],[152.7567,-31.6285],[152.7579,-31.6386],[152.7561,-31.6471],[152.7606,-31.6478],[152.7548,-31.6755],[152.7367,-31.6714],[152.7301,-31.6728],[152.7119,-31.6701],[152.7101,-31.6741],[152.7021,-31.6759],[152.6972,-31.6826],[152.6905,-31.6818],[152.6801,-31.6847],[152.6733,-31.6936],[152.666,-31.6894],[152.6558,-31.6947],[152.6551,-31.6994],[152.6393,-31.6956],[152.6169,-31.6931],[152.6013,-31.6927],[152.5768,-31.6889],[152.5671,-31.6853],[152.5677,-31.682],[152.5568,-31.68],[152.5578,-31.6747],[152.5465,-31.6745],[152.5358,-31.6711],[152.5369,-31.6652],[152.5149,-31.6628],[152.5129,-31.6725],[152.5086,-31.6781],[152.5101,-31.6839],[152.5181,-31.6807],[152.5284,-31.6924],[152.542,-31.6947],[152.5467,-31.6978],[152.5456,-31.704],[152.5582,-31.7073],[152.5535,-31.7118],[152.55,-31.7196],[152.5537,-31.7332],[152.5433,-31.736],[152.5558,-31.7408],[152.5706,-31.7382],[152.5857,-31.7394],[152.5911,-31.7153],[152.599,-31.7167],[152.5967,-31.7297],[152.6045,-31.7273],[152.6341,-31.7311],[152.6397,-31.7337],[152.6381,-31.7394],[152.6434,-31.7421],[152.6411,-31.7533],[152.6342,-31.7525],[152.6323,-31.7619],[152.6281,-31.7639],[152.6057,-31.7606],[152.6014,-31.7531],[152.5961,-31.7563],[152.5989,-31.7651],[152.6063,-31.7662],[152.6089,-31.7728],[152.6207,-31.7791],[152.6377,-31.782],[152.6324,-31.8098],[152.6383,-31.8142],[152.6466,-31.8157],[152.6471,-31.8264],[152.6615,-31.8282],[152.6609,-31.8453],[152.657,-31.8485],[152.6771,-31.8522],[152.6981,-31.855],[152.7022,-31.852],[152.7055,-31.8341],[152.7242,-31.8366],[152.7337,-31.8291]]]}},{"type":"Feature","properties":{"pc":"2444"},"geometry":{"type":"Polygon","coordinates":[[[152.9152,-31.4928],[152.938,-31.4717],[152.9342,-31.4672],[152.9362,-31.461],[152.9312,-31.4526],[152.9325,-31.4484],[152.9268,-31.4432],[152.9256,-31.4349],[152.9148,-31.4237],[152.9152,-31.408],[152.9221,-31.3884],[152.9376,-31.3611],[152.9585,-31.3325],[152.973,-31.3182],[152.9739,-31.3114],[152.9666,-31.3105],[152.8645,-31.2959],[152.8642,-31.2877],[152.8523,-31.286],[152.8523,-31.2928],[152.843,-31.2995],[152.8424,-31.3036],[152.8327,-31.3096],[152.8333,-31.3154],[152.8436,-31.3183],[152.8383,-31.3339],[152.8338,-31.339],[152.8348,-31.3466],[152.8098,-31.3427],[152.8065,-31.357],[152.794,-31.355],[152.8003,-31.3705],[152.8117,-31.3723],[152.8074,-31.3862],[152.8248,-31.4137],[152.8226,-31.429],[152.824,-31.4464],[152.8202,-31.4646],[152.815,-31.4768],[152.8395,-31.476],[152.8473,-31.4771],[152.8468,-31.4714],[152.8661,-31.4714],[152.8678,-31.4855],[152.8744,-31.4881],[152.8682,-31.4927],[152.8687,-31.4969],[152.8623,-31.5045],[152.8684,-31.5099],[152.8673,-31.5162],[152.8762,-31.5132],[152.875,-31.5015],[152.8799,-31.4988],[152.8817,-31.4845],[152.8876,-31.4789],[152.8952,-31.4786],[152.9033,-31.4921],[152.9152,-31.4928]]]}},{"type":"Feature","properties":{"pc":"2446"},"geometry":{"type":"Polygon","coordinates":[[[152.7902,-31.5451],[152.8035,-31.5393],[152.8092,-31.535],[152.8123,-31.5193],[152.8287,-31.5216],[152.8262,-31.5356],[152.8333,-31.5357],[152.8439,-31.5307],[152.8556,-31.5365],[152.8678,-31.5353],[152.8699,-31.5374],[152.9081,-31.4984],[152.9152,-31.4928],[152.9033,-31.4921],[152.8952,-31.4786],[152.8876,-31.4789],[152.8817,-31.4845],[152.8799,-31.4988],[152.875,-31.5015],[152.8762,-31.5132],[152.8673,-31.5162],[152.8684,-31.5099],[152.8623,-31.5045],[152.8687,-31.4969],[152.8682,-31.4927],[152.8744,-31.4881],[152.8678,-31.4855],[152.8661,-31.4714],[152.8468,-31.4714],[152.8473,-31.4771],[152.8395,-31.476],[152.815,-31.4768],[152.8202,-31.4646],[152.824,-31.4464],[152.8226,-31.429],[152.8248,-31.4137],[152.8074,-31.3862],[152.8117,-31.3723],[152.8003,-31.3705],[152.794,-31.355],[152.788,-31.3541],[152.7859,-31.3431],[152.7695,-31.3406],[152.7592,-31.3406],[152.7578,-31.3476],[152.7442,-31.3457],[152.7401,-31.3405],[152.7312,-31.3394],[152.7303,-31.3435],[152.722,-31.3423],[152.7193,-31.3364],[152.7052,-31.3378],[152.7021,-31.3403],[152.6935,-31.333],[152.6733,-31.3299],[152.6745,-31.3239],[152.6637,-31.3222],[152.6644,-31.3187],[152.6519,-31.3169],[152.6465,-31.3084],[152.6344,-31.3068],[152.6332,-31.3042],[152.6186,-31.3022],[152.6161,-31.2992],[152.6071,-31.3045],[152.5934,-31.3058],[152.5843,-31.3016],[152.5731,-31.3033],[152.5655,-31.2986],[152.563,-31.2933],[152.5533,-31.2987],[152.5453,-31.2996],[152.5394,-31.2943],[152.539,-31.289],[152.5308,-31.2872],[152.5212,-31.29],[152.5085,-31.2848],[152.4958,-31.286],[152.4869,-31.2828],[152.4814,-31.2626],[152.4762,-31.2577],[152.4724,-31.2435],[152.4766,-31.2313],[152.4892,-31.2223],[152.4894,-31.2175],[152.4977,-31.2109],[152.5078,-31.2096],[152.5111,-31.2051],[152.5198,-31.2026],[152.5215,-31.198],[152.5153,-31.1914],[152.5086,-31.1883],[152.5022,-31.1809],[152.4965,-31.1792],[152.4911,-31.1737],[152.4897,-31.1679],[152.483,-31.1646],[152.4708,-31.1663],[152.4558,-31.1558],[152.4498,-31.1599],[152.4313,-31.1586],[152.4249,-31.1626],[152.421,-31.1609],[152.4129,-31.1654],[152.4056,-31.1632],[152.3942,-31.1667],[152.3859,-31.1666],[152.3808,-31.1617],[152.3694,-31.1563],[152.3716,-31.1493],[152.3667,-31.1404],[152.3682,-31.1363],[152.3592,-31.1281],[152.3496,-31.117],[152.3419,-31.1145],[152.3366,-31.1163],[152.3435,-31.1243],[152.3427,-31.1276],[152.3309,-31.1275],[152.3166,-31.2029],[152.2547,-31.1945],[152.257,-31.1984],[152.2531,-31.2054],[152.2425,-31.2043],[152.2341,-31.1974],[152.2321,-31.2054],[152.2234,-31.2079],[152.2174,-31.2022],[152.2125,-31.202],[152.1997,-31.1936],[152.1883,-31.1972],[152.1756,-31.1985],[152.1702,-31.1906],[152.1671,-31.1912],[152.1572,-31.1863],[152.1529,-31.1873],[152.1476,-31.196],[152.1475,-31.2022],[152.1541,-31.2093],[152.1536,-31.219],[152.1496,-31.2238],[152.1526,-31.2275],[152.1607,-31.2304],[152.1609,-31.2409],[152.1523,-31.2686],[152.153,-31.2725],[152.1475,-31.2799],[152.1378,-31.2847],[152.1332,-31.2794],[152.1237,-31.2787],[152.1031,-31.3734],[152.0998,-31.392],[152.0872,-31.3917],[152.0769,-31.4013],[152.0691,-31.4032],[152.0656,-31.4091],[152.0619,-31.4292],[152.0647,-31.4386],[152.0755,-31.4455],[152.0853,-31.4498],[152.0877,-31.4558],[152.0797,-31.4627],[152.0822,-31.4748],[152.0808,-31.4801],[152.0821,-31.4905],[152.087,-31.496],[152.0838,-31.5005],[152.0858,-31.5072],[152.1641,-31.5171],[152.1634,-31.5078],[152.1657,-31.5002],[152.1606,-31.4915],[152.1586,-31.4818],[152.154,-31.4793],[152.1507,-31.4682],[152.1511,-31.4576],[152.1475,-31.4424],[152.154,-31.4456],[152.164,-31.4459],[152.1684,-31.4514],[152.1771,-31.4572],[152.1752,-31.4699],[152.1795,-31.4766],[152.1875,-31.4785],[152.1875,-31.4868],[152.1832,-31.4902],[152.181,-31.4992],[152.1821,-31.5085],[152.1782,-31.5191],[152.1904,-31.529],[152.1973,-31.5366],[152.2051,-31.5401],[152.2133,-31.5332],[152.2097,-31.5293],[152.2173,-31.5165],[152.2146,-31.5137],[152.2177,-31.5071],[152.23,-31.5095],[152.2379,-31.5085],[152.2507,-31.4981],[152.2546,-31.4872],[152.2674,-31.4938],[152.2701,-31.5026],[152.2812,-31.5174],[152.2788,-31.5217],[152.2926,-31.521],[152.297,-31.5237],[152.3053,-31.513],[152.32,-31.5122],[152.3309,-31.5137],[152.3318,-31.5248],[152.3429,-31.5253],[152.345,-31.531],[152.3366,-31.534],[152.3315,-31.5413],[152.3401,-31.5499],[152.3329,-31.5549],[152.3411,-31.5603],[152.3433,-31.5703],[152.3411,-31.5742],[152.3574,-31.5763],[152.3645,-31.5842],[152.3682,-31.5652],[152.3771,-31.5664],[152.3784,-31.5694],[152.3898,-31.5712],[152.397,-31.5751],[152.3969,-31.5855],[152.4264,-31.5893],[152.4263,-31.5845],[152.4202,-31.5741],[152.4202,-31.5632],[152.4153,-31.5626],[152.4189,-31.5494],[152.4361,-31.5494],[152.4546,-31.552],[152.4492,-31.538],[152.456,-31.5326],[152.4569,-31.5278],[152.48,-31.531],[152.4858,-31.5359],[152.4838,-31.5468],[152.496,-31.5487],[152.4954,-31.5514],[152.485,-31.5581],[152.4808,-31.5577],[152.4785,-31.5676],[152.4997,-31.5708],[152.5094,-31.5735],[152.5174,-31.5779],[152.528,-31.5795],[152.5248,-31.5964],[152.536,-31.5918],[152.5464,-31.5851],[152.551,-31.5789],[152.5537,-31.5676],[152.5627,-31.5688],[152.5743,-31.568],[152.5807,-31.5621],[152.5915,-31.558],[152.5995,-31.5642],[152.6066,-31.5604],[152.6071,-31.5505],[152.6045,-31.5441],[152.6128,-31.5399],[152.6248,-31.5412],[152.6331,-31.5361],[152.6621,-31.5428],[152.6665,-31.5452],[152.6783,-31.5455],[152.6814,-31.5292],[152.6846,-31.5243],[152.7204,-31.5293],[152.7242,-31.5074],[152.7296,-31.5119],[152.7311,-31.5189],[152.7416,-31.5187],[152.7492,-31.5226],[152.7765,-31.5267],[152.7758,-31.5305],[152.7849,-31.532],[152.7839,-31.5393],[152.7902,-31.5451]]]}},{"type":"Feature","properties":{"pc":"2447"},"geometry":{"type":"Polygon","coordinates":[[[152.7312,-30.8637],[152.7386,-30.8591],[152.7411,-30.8438],[152.7376,-30.8305],[152.7511,-30.8178],[152.7509,-30.8128],[152.759,-30.768],[152.7689,-30.7721],[152.7702,-30.7649],[152.7646,-30.7642],[152.7672,-30.75],[152.7774,-30.7515],[152.7787,-30.7447],[152.7859,-30.7477],[152.7859,-30.7607],[152.7935,-30.7618],[152.7949,-30.7542],[152.8213,-30.758],[152.817,-30.78],[152.8438,-30.7841],[152.8561,-30.7826],[152.8862,-30.7868],[152.8788,-30.7918],[152.8979,-30.7946],[152.8949,-30.8101],[152.9147,-30.8413],[152.9194,-30.8396],[152.9243,-30.831],[152.9168,-30.8245],[152.921,-30.8143],[152.9299,-30.8134],[152.9399,-30.8077],[152.9479,-30.7975],[152.955,-30.7978],[152.958,-30.7941],[152.9688,-30.7952],[152.9714,-30.779],[152.9739,-30.7753],[152.9829,-30.7734],[152.991,-30.769],[152.9989,-30.7615],[153.0017,-30.7489],[152.9985,-30.744],[152.9912,-30.7415],[152.9885,-30.7318],[152.9887,-30.7175],[152.9919,-30.6969],[153.0004,-30.6725],[153.0121,-30.6519],[152.9962,-30.6585],[152.9902,-30.6651],[152.985,-30.6777],[152.9708,-30.6808],[152.9563,-30.6826],[152.9517,-30.6802],[152.953,-30.6604],[152.9594,-30.6579],[152.9614,-30.6526],[152.9534,-30.6486],[152.9644,-30.6406],[152.9664,-30.6342],[152.9773,-30.6298],[152.9591,-30.6271],[152.9602,-30.6219],[152.9374,-30.6175],[152.9351,-30.6216],[152.9266,-30.6203],[152.9234,-30.6149],[152.925,-30.607],[152.9082,-30.6048],[152.9005,-30.6004],[152.8944,-30.6029],[152.8875,-30.6069],[152.8849,-30.6264],[152.8882,-30.6275],[152.8983,-30.6236],[152.9016,-30.6289],[152.9116,-30.6305],[152.9163,-30.6342],[152.9124,-30.6518],[152.9114,-30.6628],[152.9017,-30.6614],[152.8992,-30.6539],[152.8933,-30.6596],[152.8818,-30.6631],[152.8824,-30.6559],[152.875,-30.6558],[152.8695,-30.6608],[152.8625,-30.6565],[152.8492,-30.6546],[152.8485,-30.6586],[152.8414,-30.6624],[152.8396,-30.6721],[152.8348,-30.6759],[152.8301,-30.6863],[152.815,-30.6843],[152.8087,-30.6853],[152.8086,-30.693],[152.8015,-30.692],[152.7986,-30.6858],[152.7808,-30.6833],[152.7794,-30.6909],[152.7625,-30.6892],[152.7615,-30.6945],[152.7547,-30.6936],[152.7484,-30.7033],[152.747,-30.7105],[152.7394,-30.7206],[152.7333,-30.7245],[152.7397,-30.7386],[152.7311,-30.7373],[152.7318,-30.7332],[152.7213,-30.7317],[152.7198,-30.74],[152.7201,-30.7513],[152.7161,-30.7508],[152.7178,-30.7424],[152.6762,-30.7368],[152.6792,-30.7236],[152.662,-30.7219],[152.6548,-30.7132],[152.6563,-30.7033],[152.6459,-30.701],[152.6493,-30.6823],[152.6345,-30.6804],[152.6357,-30.673],[152.6191,-30.6709],[152.6218,-30.6556],[152.6099,-30.6541],[152.6006,-30.65],[152.6023,-30.6405],[152.5654,-30.608],[152.5578,-30.591],[152.5625,-30.5764],[152.5532,-30.5691],[152.5259,-30.5828],[152.5227,-30.5902],[152.5143,-30.5949],[152.5181,-30.6018],[152.5312,-30.6091],[152.5392,-30.6176],[152.5367,-30.6299],[152.5374,-30.6363],[152.5437,-30.6393],[152.5447,-30.6512],[152.5481,-30.6572],[152.549,-30.6662],[152.5548,-30.6741],[152.5504,-30.6854],[152.5563,-30.699],[152.5624,-30.7013],[152.57,-30.7102],[152.5806,-30.7115],[152.5898,-30.7192],[152.5914,-30.7319],[152.6004,-30.7378],[152.6197,-30.7585],[152.6286,-30.766],[152.6298,-30.7751],[152.6438,-30.7866],[152.6419,-30.7932],[152.6581,-30.7996],[152.6588,-30.807],[152.6652,-30.8123],[152.6798,-30.8115],[152.6849,-30.8169],[152.6814,-30.8262],[152.6819,-30.8327],[152.6787,-30.8426],[152.6652,-30.8629],[152.6735,-30.8668],[152.6801,-30.8738],[152.6923,-30.8764],[152.7066,-30.8739],[152.7076,-30.8592],[152.7169,-30.8624],[152.7312,-30.8637]]]}},{"type":"Feature","properties":{"pc":"2449"},"geometry":{"type":"Polygon","coordinates":[[[152.5143,-30.5949],[152.5227,-30.5902],[152.5259,-30.5828],[152.5532,-30.5691],[152.5625,-30.5764],[152.5578,-30.591],[152.5654,-30.608],[152.6023,-30.6405],[152.6006,-30.65],[152.6099,-30.6541],[152.6218,-30.6556],[152.6191,-30.6709],[152.6357,-30.673],[152.6345,-30.6804],[152.6493,-30.6823],[152.6459,-30.701],[152.6563,-30.7033],[152.6548,-30.7132],[152.662,-30.7219],[152.6792,-30.7236],[152.6762,-30.7368],[152.7178,-30.7424],[152.7161,-30.7508],[152.7201,-30.7513],[152.7198,-30.74],[152.7213,-30.7317],[152.7318,-30.7332],[152.7311,-30.7373],[152.7397,-30.7386],[152.7333,-30.7245],[152.7394,-30.7206],[152.747,-30.7105],[152.7484,-30.7033],[152.7547,-30.6936],[152.7615,-30.6945],[152.7625,-30.6892],[152.7794,-30.6909],[152.7808,-30.6833],[152.7986,-30.6858],[152.8015,-30.692],[152.8086,-30.693],[152.8087,-30.6853],[152.815,-30.6843],[152.8301,-30.6863],[152.8348,-30.6759],[152.8396,-30.6721],[152.8414,-30.6624],[152.8485,-30.6586],[152.8492,-30.6546],[152.8625,-30.6565],[152.8695,-30.6608],[152.875,-30.6558],[152.8824,-30.6559],[152.8818,-30.6631],[152.8933,-30.6596],[152.8992,-30.6539],[152.9017,-30.6614],[152.9114,-30.6628],[152.9124,-30.6518],[152.9163,-30.6342],[152.9116,-30.6305],[152.9016,-30.6289],[152.8983,-30.6236],[152.8882,-30.6275],[152.8849,-30.6264],[152.8875,-30.6069],[152.8944,-30.6029],[152.8959,-30.5955],[152.8921,-30.589],[152.8808,-30.5873],[152.8792,-30.596],[152.874,-30.5954],[152.8779,-30.5729],[152.8703,-30.575],[152.8579,-30.5734],[152.8607,-30.5639],[152.8614,-30.5508],[152.8708,-30.5521],[152.8701,-30.5456],[152.8574,-30.5463],[152.8398,-30.5425],[152.8414,-30.5325],[152.8314,-30.5313],[152.8293,-30.5212],[152.8258,-30.5185],[152.8209,-30.5085],[152.8167,-30.5081],[152.8119,-30.5142],[152.8071,-30.5146],[152.7981,-30.523],[152.7989,-30.5289],[152.793,-30.5349],[152.723,-30.5257],[152.6773,-30.5327],[152.671,-30.5371],[152.6627,-30.536],[152.6549,-30.5384],[152.6303,-30.5396],[152.5011,-30.5195],[152.4956,-30.5183],[152.4987,-30.5324],[152.4925,-30.5394],[152.4878,-30.5556],[152.4923,-30.5629],[152.5004,-30.5664],[152.4989,-30.5714],[152.5026,-30.5781],[152.504,-30.5869],[152.5143,-30.5949]]]}},{"type":"Feature","properties":{"pc":"2450"},"geometry":{"type":"Polygon","coordinates":[[[153.1079,-30.3549],[153.1135,-30.3406],[153.121,-30.3305],[153.1319,-30.3194],[153.1405,-30.3129],[153.1426,-30.3034],[153.1391,-30.2963],[153.1409,-30.2843],[153.145,-30.2814],[153.1431,-30.2716],[153.1383,-30.2627],[153.1453,-30.2455],[153.154,-30.2346],[153.1545,-30.2281],[153.1612,-30.2156],[153.1621,-30.208],[153.1669,-30.1983],[153.1805,-30.1817],[153.1741,-30.1807],[153.1761,-30.1704],[153.1673,-30.1757],[153.1483,-30.1706],[153.1471,-30.1764],[153.1232,-30.1744],[153.1262,-30.1672],[153.1333,-30.1642],[153.1349,-30.1566],[153.1283,-30.1506],[153.1306,-30.1392],[153.1215,-30.1342],[153.1164,-30.1262],[153.1311,-30.1159],[153.1384,-30.1068],[153.1372,-30.1043],[153.0769,-30.0956],[153.0824,-30.0674],[153.0745,-30.064],[153.0758,-30.0499],[153.0856,-30.061],[153.0882,-30.0588],[153.0938,-30.0312],[153.1021,-30.0292],[153.1053,-30.0173],[153.091,-30.0139],[153.0942,-29.9958],[153.0966,-29.9948],[153.0899,-29.9845],[153.0806,-29.9845],[153.0391,-29.9779],[153.0386,-29.9808],[153.0226,-29.9785],[153.023,-29.9841],[153.0105,-29.9823],[153.0065,-29.979],[152.9959,-29.9776],[152.9968,-29.9818],[152.9911,-29.9882],[152.9872,-29.9973],[152.9909,-30.0045],[152.9969,-30.0276],[152.9868,-30.0262],[152.9806,-30.0294],[152.9797,-30.0344],[152.9651,-30.0352],[152.9575,-30.0331],[152.9557,-30.0431],[152.9483,-30.0453],[152.9278,-30.0424],[152.9257,-30.0561],[152.9199,-30.0579],[152.9114,-30.0566],[152.9048,-30.0685],[152.9055,-30.0785],[152.9094,-30.0819],[152.9131,-30.104],[152.9134,-30.1147],[152.9055,-30.1182],[152.9039,-30.126],[152.9047,-30.1337],[152.8975,-30.1384],[152.8877,-30.134],[152.8828,-30.1267],[152.8724,-30.1289],[152.8733,-30.1329],[152.8622,-30.1413],[152.8619,-30.1457],[152.855,-30.1466],[152.8454,-30.1424],[152.8347,-30.1405],[152.829,-30.1445],[152.8193,-30.1392],[152.8229,-30.1298],[152.8081,-30.1257],[152.8084,-30.147],[152.8002,-30.151],[152.7957,-30.1559],[152.8005,-30.1624],[152.7993,-30.1686],[152.8057,-30.1734],[152.7996,-30.1784],[152.7992,-30.1841],[152.8038,-30.1857],[152.8093,-30.2006],[152.8176,-30.2069],[152.822,-30.2126],[152.8314,-30.2156],[152.8336,-30.2192],[152.8341,-30.229],[152.8448,-30.2358],[152.8439,-30.2403],[152.8522,-30.2524],[152.851,-30.2588],[152.8411,-30.2608],[152.8337,-30.2726],[152.8276,-30.2717],[152.8216,-30.2645],[152.8177,-30.2796],[152.8237,-30.2867],[152.8177,-30.2919],[152.817,-30.2963],[152.8341,-30.3116],[152.8388,-30.3138],[152.8481,-30.3112],[152.8551,-30.312],[152.8643,-30.3228],[152.8794,-30.3275],[152.8845,-30.3253],[152.8906,-30.3294],[152.8957,-30.3268],[152.9047,-30.3281],[152.9084,-30.3276],[152.9223,-30.3319],[152.9409,-30.3412],[152.9461,-30.3473],[152.9538,-30.3514],[152.9655,-30.3485],[152.9578,-30.3889],[152.9653,-30.39],[152.9784,-30.3974],[152.985,-30.4032],[152.9942,-30.4052],[153.0236,-30.4225],[153.0278,-30.4066],[153.0417,-30.4045],[153.0463,-30.3943],[153.0697,-30.3953],[153.0795,-30.3846],[153.0819,-30.3791],[153.0786,-30.3747],[153.0803,-30.366],[153.0759,-30.3606],[153.0678,-30.3589],[153.0639,-30.3554],[153.0665,-30.3472],[153.0795,-30.3358],[153.0858,-30.3321],[153.092,-30.3324],[153.0977,-30.3499],[153.1079,-30.3549]]]}},{"type":"Feature","properties":{"pc":"2452"},"geometry":{"type":"Polygon","coordinates":[[[153.1079,-30.3549],[153.0977,-30.3499],[153.092,-30.3324],[153.0858,-30.3321],[153.0795,-30.3358],[153.0665,-30.3472],[153.0639,-30.3554],[153.0678,-30.3589],[153.0759,-30.3606],[153.0803,-30.366],[153.0786,-30.3747],[153.0819,-30.3791],[153.0893,-30.3751],[153.0926,-30.3788],[153.0993,-30.3777],[153.1045,-30.377],[153.1032,-30.3686],[153.1079,-30.3549]]]}},{"type":"Feature","properties":{"pc":"2453"},"geometry":{"type":"Polygon","coordinates":[[[152.4003,-30.5009],[152.4084,-30.4892],[152.3946,-30.4795],[152.3929,-30.4725],[152.3951,-30.4682],[152.3897,-30.453],[152.3921,-30.4429],[152.3969,-30.4421],[152.4018,-30.435],[152.4175,-30.4365],[152.4197,-30.4266],[152.4251,-30.4237],[152.43,-30.4152],[152.4305,-30.4062],[152.4411,-30.3989],[152.4605,-30.3981],[152.4652,-30.3956],[152.4792,-30.3985],[152.4939,-30.3973],[152.507,-30.3993],[152.5084,-30.3938],[152.5202,-30.3925],[152.5258,-30.3897],[152.5326,-30.393],[152.5395,-30.4012],[152.5517,-30.406],[152.5589,-30.3954],[152.5733,-30.3831],[152.5778,-30.3839],[152.5963,-30.3756],[152.6138,-30.3742],[152.6154,-30.3804],[152.624,-30.3762],[152.6476,-30.3835],[152.6593,-30.3886],[152.6689,-30.3982],[152.6826,-30.4034],[152.6913,-30.4042],[152.7105,-30.4006],[152.7226,-30.4022],[152.7219,-30.4065],[152.7314,-30.4077],[152.743,-30.4003],[152.7605,-30.4028],[152.761,-30.4004],[152.7741,-30.4022],[152.7736,-30.3987],[152.7874,-30.4008],[152.785,-30.4132],[152.7926,-30.4142],[152.7945,-30.4043],[152.8029,-30.4054],[152.8108,-30.4033],[152.8251,-30.4053],[152.826,-30.401],[152.8347,-30.4022],[152.8355,-30.3976],[152.8441,-30.3988],[152.8459,-30.3893],[152.8419,-30.3887],[152.8458,-30.3673],[152.8568,-30.3672],[152.8654,-30.3716],[152.8707,-30.3418],[152.9072,-30.3467],[152.9028,-30.3401],[152.9047,-30.3281],[152.8957,-30.3268],[152.8906,-30.3294],[152.8845,-30.3253],[152.8794,-30.3275],[152.8643,-30.3228],[152.8551,-30.312],[152.8481,-30.3112],[152.8388,-30.3138],[152.8341,-30.3116],[152.817,-30.2963],[152.8177,-30.2919],[152.8237,-30.2867],[152.8177,-30.2796],[152.8216,-30.2645],[152.8276,-30.2717],[152.8337,-30.2726],[152.8411,-30.2608],[152.851,-30.2588],[152.8522,-30.2524],[152.8439,-30.2403],[152.8448,-30.2358],[152.8341,-30.229],[152.8336,-30.2192],[152.8314,-30.2156],[152.822,-30.2126],[152.8176,-30.2069],[152.8093,-30.2006],[152.8038,-30.1857],[152.7992,-30.1841],[152.7996,-30.1784],[152.8057,-30.1734],[152.7993,-30.1686],[152.8005,-30.1624],[152.7957,-30.1559],[152.8002,-30.151],[152.8084,-30.147],[152.8081,-30.1257],[152.7964,-30.123],[152.7904,-30.1236],[152.782,-30.1189],[152.7758,-30.1226],[152.7664,-30.1223],[152.7635,-30.117],[152.7685,-30.1113],[152.7578,-30.111],[152.749,-30.1133],[152.7495,-30.104],[152.7559,-30.0975],[152.7675,-30.0937],[152.7634,-30.0856],[152.7565,-30.0793],[152.7606,-30.0691],[152.7655,-30.0658],[152.7607,-30.0615],[152.7508,-30.0597],[152.7455,-30.0625],[152.7375,-30.0597],[152.7388,-30.0536],[152.7373,-30.0433],[152.6903,-30.0311],[152.6896,-30.0186],[152.6875,-30.0091],[152.6809,-30.0005],[152.6611,-30.0102],[152.632,-30.0064],[152.634,-29.9983],[152.6089,-29.9951],[152.6123,-29.9879],[152.6053,-29.9854],[152.5972,-29.9922],[152.5868,-29.9936],[152.5753,-29.993],[152.5623,-29.9904],[152.5549,-29.9942],[152.5581,-29.9993],[152.5547,-30.0052],[152.5444,-30.0124],[152.5513,-30.0146],[152.5439,-30.0347],[152.534,-30.0466],[152.5156,-30.0501],[152.5072,-30.0424],[152.4952,-30.0384],[152.4822,-30.0411],[152.4753,-30.0367],[152.4628,-30.0338],[152.4592,-30.0367],[152.4367,-30.0353],[152.4311,-30.0365],[152.4227,-30.0344],[152.4144,-30.0446],[152.4022,-30.0512],[152.3981,-30.057],[152.399,-30.0664],[152.4041,-30.0704],[152.4029,-30.0768],[152.3948,-30.0757],[152.3921,-30.0901],[152.3722,-30.087],[152.3663,-30.0903],[152.3595,-30.1005],[152.3506,-30.1018],[152.3458,-30.1092],[152.3474,-30.1233],[152.3573,-30.128],[152.3565,-30.1338],[152.3712,-30.1354],[152.3684,-30.142],[152.3606,-30.1516],[152.3535,-30.1513],[152.3503,-30.1684],[152.337,-30.169],[152.3338,-30.179],[152.321,-30.1876],[152.3155,-30.1932],[152.3044,-30.198],[152.3025,-30.2033],[152.3028,-30.2132],[152.2939,-30.2125],[152.2894,-30.2054],[152.2826,-30.2077],[152.2855,-30.2211],[152.29,-30.2253],[152.3031,-30.2238],[152.3062,-30.2168],[152.3117,-30.2195],[152.3128,-30.2328],[152.3227,-30.236],[152.3277,-30.2413],[152.3253,-30.2513],[152.3301,-30.2733],[152.3257,-30.2836],[152.3106,-30.2814],[152.3067,-30.3028],[152.2988,-30.2921],[152.28,-30.2995],[152.2725,-30.3056],[152.2762,-30.3188],[152.2685,-30.3226],[152.2658,-30.3329],[152.2615,-30.3359],[152.2559,-30.3446],[152.2541,-30.3518],[152.2448,-30.3581],[152.2426,-30.3681],[152.2338,-30.3607],[152.2253,-30.3579],[152.2155,-30.3612],[152.2062,-30.3525],[152.2034,-30.3679],[152.2095,-30.3687],[152.2105,-30.3734],[152.2055,-30.3876],[152.2159,-30.394],[152.2181,-30.4011],[152.2269,-30.4136],[152.2209,-30.4185],[152.2181,-30.4256],[152.2212,-30.4306],[152.2402,-30.438],[152.2457,-30.4486],[152.2443,-30.4546],[152.2484,-30.465],[152.2477,-30.472],[152.2773,-30.4759],[152.2778,-30.49],[152.2684,-30.4955],[152.2674,-30.5004],[152.2786,-30.5019],[152.2772,-30.5199],[152.3259,-30.5265],[152.3295,-30.5074],[152.3415,-30.5066],[152.3503,-30.5022],[152.3571,-30.5032],[152.3602,-30.5074],[152.3592,-30.5161],[152.3671,-30.5174],[152.373,-30.5242],[152.3882,-30.5264],[152.3826,-30.5193],[152.3858,-30.5052],[152.3919,-30.5009],[152.4003,-30.5009]]]}},{"type":"Feature","properties":{"pc":"2454"},"geometry":{"type":"Polygon","coordinates":[[[153.0324,-30.503],[153.0317,-30.499],[153.037,-30.4836],[153.0412,-30.4749],[153.0508,-30.4603],[153.0679,-30.4396],[153.076,-30.4319],[153.0724,-30.4266],[153.0739,-30.4155],[153.0785,-30.4045],[153.0888,-30.3892],[153.0993,-30.3777],[153.0926,-30.3788],[153.0893,-30.3751],[153.0819,-30.3791],[153.0795,-30.3846],[153.0697,-30.3953],[153.0463,-30.3943],[153.0417,-30.4045],[153.0278,-30.4066],[153.0236,-30.4225],[152.9942,-30.4052],[152.985,-30.4032],[152.9784,-30.3974],[152.9653,-30.39],[152.9578,-30.3889],[152.9655,-30.3485],[152.9538,-30.3514],[152.9461,-30.3473],[152.9409,-30.3412],[152.9223,-30.3319],[152.9084,-30.3276],[152.9047,-30.3281],[152.9028,-30.3401],[152.9072,-30.3467],[152.8707,-30.3418],[152.8654,-30.3716],[152.8568,-30.3672],[152.8458,-30.3673],[152.8419,-30.3887],[152.8459,-30.3893],[152.8441,-30.3988],[152.8355,-30.3976],[152.8347,-30.4022],[152.826,-30.401],[152.8251,-30.4053],[152.8108,-30.4033],[152.8029,-30.4054],[152.7945,-30.4043],[152.7926,-30.4142],[152.785,-30.4132],[152.7874,-30.4008],[152.7736,-30.3987],[152.7741,-30.4022],[152.761,-30.4004],[152.7605,-30.4028],[152.743,-30.4003],[152.7314,-30.4077],[152.7219,-30.4065],[152.7226,-30.4022],[152.7105,-30.4006],[152.6913,-30.4042],[152.6826,-30.4034],[152.6689,-30.3982],[152.6593,-30.3886],[152.6476,-30.3835],[152.624,-30.3762],[152.6154,-30.3804],[152.6138,-30.3742],[152.5963,-30.3756],[152.5778,-30.3839],[152.5733,-30.3831],[152.5589,-30.3954],[152.5517,-30.406],[152.5395,-30.4012],[152.5326,-30.393],[152.5258,-30.3897],[152.5202,-30.3925],[152.5084,-30.3938],[152.507,-30.3993],[152.4939,-30.3973],[152.4792,-30.3985],[152.4652,-30.3956],[152.4605,-30.3981],[152.4411,-30.3989],[152.4305,-30.4062],[152.43,-30.4152],[152.4251,-30.4237],[152.4197,-30.4266],[152.4175,-30.4365],[152.4018,-30.435],[152.3969,-30.4421],[152.3921,-30.4429],[152.3897,-30.453],[152.3951,-30.4682],[152.3929,-30.4725],[152.3946,-30.4795],[152.4084,-30.4892],[152.4003,-30.5009],[152.4045,-30.5073],[152.4119,-30.511],[152.4162,-30.5101],[152.4317,-30.5141],[152.4454,-30.5236],[152.447,-30.5292],[152.463,-30.5395],[152.4737,-30.5524],[152.4801,-30.5554],[152.4878,-30.5556],[152.4925,-30.5394],[152.4987,-30.5324],[152.4956,-30.5183],[152.5011,-30.5195],[152.6303,-30.5396],[152.6549,-30.5384],[152.6627,-30.536],[152.671,-30.5371],[152.6773,-30.5327],[152.723,-30.5257],[152.793,-30.5349],[152.7989,-30.5289],[152.7981,-30.523],[152.8071,-30.5146],[152.8119,-30.5142],[152.8167,-30.5081],[152.8209,-30.5085],[152.8258,-30.5185],[152.8293,-30.5212],[152.8314,-30.5313],[152.8414,-30.5325],[152.8398,-30.5425],[152.8574,-30.5463],[152.8701,-30.5456],[152.8708,-30.5521],[152.8614,-30.5508],[152.8607,-30.5639],[152.8579,-30.5734],[152.8703,-30.575],[152.8779,-30.5729],[152.874,-30.5954],[152.8792,-30.596],[152.8808,-30.5873],[152.8921,-30.589],[152.8981,-30.5704],[152.8997,-30.5582],[152.8956,-30.5524],[152.9066,-30.5494],[152.9279,-30.5374],[152.932,-30.5432],[152.9411,-30.5445],[152.9496,-30.5527],[152.9601,-30.5574],[152.9659,-30.5552],[152.9614,-30.5469],[152.9603,-30.5401],[152.9656,-30.5325],[152.9619,-30.5255],[152.9641,-30.5197],[152.9584,-30.5139],[152.9554,-30.5015],[152.9447,-30.493],[152.9502,-30.4872],[152.9552,-30.49],[152.9667,-30.4887],[152.9772,-30.4797],[152.9949,-30.4806],[153.0036,-30.4779],[153.0087,-30.4854],[153.0216,-30.4897],[153.026,-30.4992],[153.0324,-30.503]]]}},{"type":"Feature","properties":{"pc":"2456"},"geometry":{"type":"Polygon","coordinates":[[[153.1805,-30.1817],[153.1895,-30.1759],[153.1899,-30.1693],[153.202,-30.1557],[153.1996,-30.1409],[153.205,-30.1294],[153.2044,-30.1242],[153.2118,-30.1086],[153.2014,-30.1078],[153.1996,-30.0987],[153.2046,-30.0701],[153.2028,-30.0626],[153.197,-30.0562],[153.1959,-30.0459],[153.1976,-30.0389],[153.2118,-30.016],[153.2162,-30.007],[153.2279,-29.9901],[153.2335,-29.9802],[153.2314,-29.9769],[153.2216,-29.9763],[153.2145,-29.9889],[153.1977,-29.9855],[153.197,-29.9887],[153.1661,-29.9844],[153.1731,-29.979],[153.1741,-29.9684],[153.1618,-29.9752],[153.1454,-29.9727],[153.1442,-29.9805],[153.1224,-29.9763],[153.121,-29.9837],[153.1271,-29.9846],[153.1241,-30.0003],[153.1146,-29.999],[153.1072,-29.9957],[153.0999,-29.9986],[153.0966,-29.9948],[153.0942,-29.9958],[153.091,-30.0139],[153.1053,-30.0173],[153.1021,-30.0292],[153.0938,-30.0312],[153.0882,-30.0588],[153.0856,-30.061],[153.0758,-30.0499],[153.0745,-30.064],[153.0824,-30.0674],[153.0769,-30.0956],[153.1372,-30.1043],[153.1384,-30.1068],[153.1311,-30.1159],[153.1164,-30.1262],[153.1215,-30.1342],[153.1306,-30.1392],[153.1283,-30.1506],[153.1349,-30.1566],[153.1333,-30.1642],[153.1262,-30.1672],[153.1232,-30.1744],[153.1471,-30.1764],[153.1483,-30.1706],[153.1673,-30.1757],[153.1761,-30.1704],[153.1741,-30.1807],[153.1805,-30.1817]]]}},{"type":"Feature","properties":{"pc":"2460"},"geometry":{"type":"Polygon","coordinates":[[[153.2925,-29.6991],[153.2945,-29.6886],[153.2917,-29.6839],[153.28,-29.6816],[153.2727,-29.6724],[153.2726,-29.6693],[153.2354,-29.6641],[153.2336,-29.6697],[153.2198,-29.6908],[153.2161,-29.6943],[153.2073,-29.6958],[153.209,-29.7011],[153.2054,-29.7046],[153.198,-29.7059],[153.1957,-29.7158],[153.1971,-29.7241],[153.196,-29.7382],[153.1923,-29.7494],[153.1894,-29.7689],[153.1821,-29.7865],[153.1799,-29.7961],[153.1586,-29.7931],[153.1576,-29.7986],[153.1263,-29.7939],[153.1255,-29.7986],[153.1179,-29.7976],[153.1138,-29.7924],[153.0964,-29.7919],[153.0594,-29.7866],[153.06,-29.7836],[153.0711,-29.7852],[153.0722,-29.7798],[153.0836,-29.78],[153.0853,-29.7724],[153.1006,-29.7744],[153.1039,-29.7553],[153.097,-29.7593],[153.0821,-29.7547],[153.0826,-29.7501],[153.0781,-29.745],[153.0657,-29.7432],[153.0543,-29.7432],[153.0553,-29.7369],[153.0352,-29.7341],[153.0397,-29.7128],[153.0473,-29.7139],[153.0487,-29.7063],[153.0426,-29.702],[153.0612,-29.6906],[153.063,-29.6827],[153.0544,-29.6755],[153.0382,-29.6739],[153.0319,-29.6713],[153.0286,-29.6756],[153.027,-29.684],[153.0191,-29.6792],[153.0076,-29.6801],[152.9969,-29.6749],[152.9906,-29.6776],[152.9792,-29.6715],[152.9761,-29.6679],[152.9841,-29.6596],[152.9816,-29.655],[152.9911,-29.65],[153.02,-29.6327],[153.0258,-29.6279],[153.0298,-29.6206],[153.0343,-29.6013],[153.0412,-29.5896],[153.0488,-29.5803],[153.06,-29.5817],[153.0634,-29.5862],[153.0791,-29.5895],[153.0741,-29.5947],[153.0902,-29.5962],[153.1011,-29.5891],[153.1028,-29.5791],[153.1145,-29.5728],[153.1247,-29.5773],[153.1249,-29.5832],[153.1208,-29.5865],[153.1184,-29.597],[153.1111,-29.6015],[153.1183,-29.6116],[153.1322,-29.6137],[153.1348,-29.5995],[153.1369,-29.5964],[153.1498,-29.5983],[153.1511,-29.5918],[153.1906,-29.5975],[153.1932,-29.5835],[153.1887,-29.5799],[153.1875,-29.5625],[153.1893,-29.5605],[153.1914,-29.5455],[153.1953,-29.5463],[153.2003,-29.5353],[153.2074,-29.5317],[153.2064,-29.5225],[153.1958,-29.5172],[153.1902,-29.5061],[153.1971,-29.4878],[153.202,-29.4802],[153.204,-29.4731],[153.1936,-29.462],[153.1884,-29.4661],[153.1926,-29.4745],[153.1947,-29.486],[153.1851,-29.4895],[153.1883,-29.4929],[153.1832,-29.5002],[153.181,-29.5073],[153.1654,-29.5065],[153.1615,-29.5252],[153.1617,-29.5321],[153.1451,-29.5308],[153.1455,-29.5364],[153.1377,-29.536],[153.1341,-29.5548],[153.1395,-29.5591],[153.1276,-29.5644],[153.1078,-29.5627],[153.1018,-29.5633],[153.0958,-29.5518],[153.105,-29.5397],[153.1073,-29.5218],[153.1066,-29.4984],[153.1235,-29.4902],[153.1482,-29.4624],[153.1578,-29.4569],[153.1681,-29.4536],[153.1666,-29.4496],[153.1656,-29.4337],[153.1632,-29.4256],[153.1557,-29.4171],[153.1434,-29.4103],[153.1323,-29.4138],[153.1247,-29.4126],[153.1236,-29.4166],[153.1146,-29.4232],[153.0987,-29.427],[153.0943,-29.4256],[153.0846,-29.4271],[153.0805,-29.4224],[153.0735,-29.4202],[153.071,-29.4235],[153.0622,-29.417],[153.0601,-29.4098],[153.0544,-29.3998],[153.0553,-29.3911],[153.0494,-29.3891],[153.0458,-29.3794],[153.0354,-29.3782],[153.0304,-29.3721],[153.0302,-29.3568],[153.0257,-29.348],[153.0192,-29.3457],[153.0199,-29.3387],[153.0093,-29.3312],[152.9997,-29.3321],[152.9977,-29.3272],[153.0002,-29.3149],[152.962,-29.3093],[152.961,-29.3145],[152.9528,-29.3132],[152.9438,-29.3162],[152.9394,-29.3249],[152.9231,-29.3147],[152.9142,-29.3107],[152.9043,-29.3147],[152.8967,-29.321],[152.892,-29.3164],[152.8805,-29.3102],[152.8575,-29.3121],[152.8576,-29.316],[152.848,-29.3232],[152.8414,-29.3223],[152.8354,-29.3146],[152.825,-29.3143],[152.8195,-29.3177],[152.8179,-29.3258],[152.8105,-29.3246],[152.8036,-29.3267],[152.805,-29.3172],[152.8113,-29.3133],[152.8091,-29.299],[152.8166,-29.2897],[152.819,-29.2818],[152.8245,-29.2744],[152.8198,-29.2665],[152.7991,-29.2644],[152.7502,-29.2571],[152.7525,-29.2452],[152.7575,-29.2408],[152.7697,-29.2417],[152.7746,-29.244],[152.787,-29.2406],[152.7961,-29.2422],[152.7973,-29.2346],[152.7958,-29.2274],[152.7841,-29.2219],[152.7762,-29.2209],[152.773,-29.2164],[152.7736,-29.2032],[152.7622,-29.2003],[152.7597,-29.1952],[152.7534,-29.1978],[152.7191,-29.1933],[152.72,-29.188],[152.7169,-29.1828],[152.7175,-29.1675],[152.7146,-29.1612],[152.7047,-29.1537],[152.704,-29.1488],[152.6967,-29.142],[152.6939,-29.1356],[152.6873,-29.1347],[152.6899,-29.1196],[152.6863,-29.1191],[152.6831,-29.1366],[152.666,-29.1341],[152.6672,-29.1257],[152.651,-29.1235],[152.6403,-29.1126],[152.6448,-29.0866],[152.6547,-29.0879],[152.6546,-29.0697],[152.6343,-29.0668],[152.6329,-29.0746],[152.6242,-29.0744],[152.6135,-29.078],[152.6054,-29.077],[152.6002,-29.0709],[152.5961,-29.0731],[152.5904,-29.0817],[152.5763,-29.0883],[152.57,-29.0939],[152.5682,-29.1073],[152.5828,-29.1195],[152.5842,-29.1234],[152.5821,-29.1339],[152.5738,-29.1353],[152.557,-29.1259],[152.5545,-29.1212],[152.542,-29.1238],[152.5363,-29.1275],[152.5325,-29.1341],[152.5279,-29.136],[152.522,-29.133],[152.5142,-29.1355],[152.506,-29.1341],[152.499,-29.1382],[152.4867,-29.1369],[152.4875,-29.1316],[152.4837,-29.1285],[152.483,-29.1215],[152.4704,-29.1195],[152.4684,-29.125],[152.474,-29.1312],[152.462,-29.1352],[152.4467,-29.1326],[152.4442,-29.1442],[152.4352,-29.1452],[152.4296,-29.15],[152.4169,-29.1531],[152.4145,-29.1654],[152.4189,-29.1689],[152.425,-29.1786],[152.4217,-29.1807],[152.4183,-29.1904],[152.4102,-29.2009],[152.4052,-29.2121],[152.411,-29.2198],[152.4128,-29.2304],[152.3999,-29.2367],[152.3941,-29.2412],[152.3872,-29.2401],[152.379,-29.2453],[152.3658,-29.2461],[152.3575,-29.2506],[152.3513,-29.2491],[152.3402,-29.2577],[152.3389,-29.2618],[152.3287,-29.2685],[152.3232,-29.2699],[152.321,-29.2776],[152.3065,-29.2831],[152.3115,-29.2901],[152.3147,-29.2985],[152.3088,-29.3049],[152.3,-29.3044],[152.2983,-29.3074],[152.303,-29.3176],[152.3107,-29.3225],[152.3194,-29.3243],[152.3312,-29.3289],[152.3365,-29.3346],[152.3315,-29.3418],[152.4121,-29.3526],[152.4077,-29.3757],[152.4165,-29.3768],[152.4126,-29.3993],[152.4101,-29.4008],[152.4043,-29.4328],[152.3972,-29.4318],[152.3946,-29.4461],[152.3888,-29.4453],[152.4124,-29.5068],[152.4093,-29.5119],[152.4009,-29.5196],[152.3938,-29.5208],[152.3857,-29.5341],[152.3843,-29.5466],[152.3915,-29.5501],[152.3917,-29.5615],[152.3937,-29.569],[152.3852,-29.5711],[152.3948,-29.5795],[152.3977,-29.5872],[152.4024,-29.5857],[152.4073,-29.5901],[152.4139,-29.5898],[152.4272,-29.5972],[152.4281,-29.6026],[152.4397,-29.6116],[152.4477,-29.6103],[152.4613,-29.6128],[152.465,-29.6213],[152.4643,-29.6251],[152.4773,-29.6272],[152.4801,-29.6298],[152.4872,-29.6261],[152.5079,-29.6297],[152.5132,-29.635],[152.5127,-29.6463],[152.5258,-29.642],[152.5297,-29.6459],[152.5081,-29.654],[152.5097,-29.6659],[152.5139,-29.6709],[152.5263,-29.679],[152.5118,-29.6852],[152.5006,-29.6848],[152.5043,-29.6992],[152.4895,-29.6968],[152.4831,-29.6923],[152.4779,-29.6856],[152.4727,-29.686],[152.468,-29.6771],[152.4509,-29.6795],[152.4492,-29.6766],[152.4343,-29.6713],[152.4184,-29.6804],[152.4201,-29.6867],[152.4112,-29.6926],[152.4157,-29.6949],[152.4167,-29.7028],[152.4218,-29.7095],[152.4379,-29.7112],[152.4371,-29.7161],[152.4308,-29.7168],[152.4216,-29.7223],[152.4078,-29.726],[152.4052,-29.7305],[152.3933,-29.7383],[152.3968,-29.7493],[152.3962,-29.7607],[152.3983,-29.7656],[152.3956,-29.7713],[152.3884,-29.7748],[152.3904,-29.781],[152.3863,-29.8042],[152.3885,-29.8093],[152.3818,-29.8418],[152.3892,-29.8555],[152.3862,-29.86],[152.3748,-29.8655],[152.3683,-29.8706],[152.3647,-29.8772],[152.3513,-29.8797],[152.3429,-29.8768],[152.3389,-29.8845],[152.3265,-29.8946],[152.3194,-29.894],[152.3099,-29.8973],[152.3135,-29.91],[152.2969,-29.9309],[152.3008,-29.936],[152.2971,-29.9418],[152.2981,-29.9471],[152.3125,-29.9499],[152.3231,-29.9471],[152.3222,-29.9543],[152.3252,-29.9647],[152.3304,-29.9697],[152.3309,-29.9784],[152.3287,-29.9838],[152.333,-29.9928],[152.3567,-30.0114],[152.3593,-30.0179],[152.3578,-30.0222],[152.3612,-30.028],[152.3664,-30.0278],[152.3681,-30.0386],[152.3637,-30.048],[152.3605,-30.0484],[152.3542,-30.0633],[152.3627,-30.0695],[152.3675,-30.0789],[152.3663,-30.0903],[152.3722,-30.087],[152.3921,-30.0901],[152.3948,-30.0757],[152.4029,-30.0768],[152.4041,-30.0704],[152.399,-30.0664],[152.3981,-30.057],[152.4022,-30.0512],[152.4144,-30.0446],[152.4227,-30.0344],[152.4311,-30.0365],[152.4367,-30.0353],[152.4592,-30.0367],[152.4628,-30.0338],[152.4753,-30.0367],[152.4822,-30.0411],[152.4952,-30.0384],[152.5072,-30.0424],[152.5156,-30.0501],[152.534,-30.0466],[152.5439,-30.0347],[152.5513,-30.0146],[152.5444,-30.0124],[152.5547,-30.0052],[152.5581,-29.9993],[152.5549,-29.9942],[152.5623,-29.9904],[152.5753,-29.993],[152.5868,-29.9936],[152.5972,-29.9922],[152.6053,-29.9854],[152.6123,-29.9879],[152.6089,-29.9951],[152.634,-29.9983],[152.632,-30.0064],[152.6611,-30.0102],[152.6809,-30.0005],[152.6875,-30.0091],[152.6896,-30.0186],[152.6903,-30.0311],[152.7373,-30.0433],[152.7388,-30.0536],[152.7375,-30.0597],[152.7455,-30.0625],[152.7508,-30.0597],[152.7607,-30.0615],[152.7655,-30.0658],[152.7606,-30.0691],[152.7565,-30.0793],[152.7634,-30.0856],[152.7675,-30.0937],[152.7559,-30.0975],[152.7495,-30.104],[152.749,-30.1133],[152.7578,-30.111],[152.7685,-30.1113],[152.7635,-30.117],[152.7664,-30.1223],[152.7758,-30.1226],[152.782,-30.1189],[152.7904,-30.1236],[152.7964,-30.123],[152.8081,-30.1257],[152.8229,-30.1298],[152.8193,-30.1392],[152.829,-30.1445],[152.8347,-30.1405],[152.8454,-30.1424],[152.855,-30.1466],[152.8619,-30.1457],[152.8622,-30.1413],[152.8733,-30.1329],[152.8724,-30.1289],[152.8828,-30.1267],[152.8877,-30.134],[152.8975,-30.1384],[152.9047,-30.1337],[152.9039,-30.126],[152.9055,-30.1182],[152.9134,-30.1147],[152.9131,-30.104],[152.9094,-30.0819],[152.9055,-30.0785],[152.9048,-30.0685],[152.9114,-30.0566],[152.9199,-30.0579],[152.9257,-30.0561],[152.9278,-30.0424],[152.9483,-30.0453],[152.9557,-30.0431],[152.9575,-30.0331],[152.9651,-30.0352],[152.9797,-30.0344],[152.9806,-30.0294],[152.9868,-30.0262],[152.9969,-30.0276],[152.9909,-30.0045],[152.9872,-29.9973],[152.9911,-29.9882],[152.9968,-29.9818],[152.9959,-29.9776],[153.0065,-29.979],[153.0105,-29.9823],[153.023,-29.9841],[153.0226,-29.9785],[153.0386,-29.9808],[153.0391,-29.9779],[153.0806,-29.9845],[153.0899,-29.9845],[153.0966,-29.9948],[153.0999,-29.9986],[153.1072,-29.9957],[153.1146,-29.999],[153.1241,-30.0003],[153.1271,-29.9846],[153.121,-29.9837],[153.1224,-29.9763],[153.1442,-29.9805],[153.1454,-29.9727],[153.1618,-29.9752],[153.1741,-29.9684],[153.1731,-29.979],[153.1661,-29.9844],[153.197,-29.9887],[153.1977,-29.9855],[153.2145,-29.9889],[153.2216,-29.9763],[153.2314,-29.9769],[153.2335,-29.9802],[153.2539,-29.9525],[153.2605,-29.9483],[153.2582,-29.9421],[153.2618,-29.9399],[153.2613,-29.9304],[153.2718,-29.919],[153.2723,-29.9034],[153.2759,-29.8922],[153.2687,-29.8875],[153.264,-29.8906],[153.2616,-29.8707],[153.2624,-29.8624],[153.2581,-29.8551],[153.2531,-29.8531],[153.2504,-29.8471],[153.253,-29.8415],[153.2414,-29.8394],[153.2331,-29.8407],[153.2265,-29.8333],[153.2302,-29.8213],[153.2254,-29.8157],[153.2194,-29.8133],[153.2091,-29.8154],[153.1995,-29.8126],[153.2081,-29.7997],[153.2141,-29.769],[153.227,-29.7696],[153.2329,-29.7652],[153.2419,-29.7158],[153.2511,-29.7179],[153.2558,-29.7105],[153.2549,-29.7055],[153.2612,-29.7028],[153.2682,-29.7076],[153.2753,-29.7079],[153.2777,-29.7045],[153.2925,-29.6991]]]}},{"type":"Feature","properties":{"pc":"2463"},"geometry":{"type":"MultiPolygon","coordinates":[[[[153.314,-29.7019],[153.3207,-29.6927],[153.3305,-29.6849],[153.334,-29.6745],[153.3261,-29.6729],[153.3214,-29.6675],[153.3206,-29.6575],[153.323,-29.644],[153.3301,-29.6258],[153.3412,-29.6099],[153.3346,-29.6048],[153.3321,-29.5988],[153.3324,-29.5871],[153.335,-29.5791],[153.3235,-29.5774],[153.3183,-29.5725],[153.3091,-29.571],[153.2967,-29.5641],[153.3016,-29.5374],[153.3077,-29.5329],[153.3159,-29.5306],[153.3099,-29.5254],[153.305,-29.5264],[153.2918,-29.5215],[153.2835,-29.5143],[153.2755,-29.5004],[153.2801,-29.4915],[153.2874,-29.4867],[153.3,-29.482],[153.3082,-29.481],[153.313,-29.4844],[153.3191,-29.4766],[153.3058,-29.4629],[153.2996,-29.4525],[153.2944,-29.449],[153.2976,-29.4427],[153.2961,-29.4341],[153.2998,-29.4298],[153.3115,-29.4282],[153.3212,-29.4156],[153.3333,-29.4145],[153.3221,-29.3966],[153.3145,-29.3864],[153.2954,-29.3796],[153.2878,-29.3802],[153.2811,-29.3854],[153.2791,-29.3926],[153.2803,-29.4083],[153.2776,-29.419],[153.2726,-29.4255],[153.2607,-29.428],[153.2529,-29.4278],[153.2234,-29.4331],[153.2154,-29.4376],[153.2018,-29.4417],[153.208,-29.4292],[153.2132,-29.4122],[153.2151,-29.3949],[153.2078,-29.3925],[153.2011,-29.3854],[153.1926,-29.3869],[153.1898,-29.3782],[153.1809,-29.3785],[153.1685,-29.3704],[153.1622,-29.3633],[153.163,-29.3489],[153.1488,-29.3491],[153.1501,-29.3456],[153.1407,-29.3375],[153.1247,-29.3371],[153.1215,-29.3562],[153.09,-29.352],[153.0846,-29.3822],[153.0666,-29.3796],[153.0601,-29.4098],[153.0622,-29.417],[153.071,-29.4235],[153.0735,-29.4202],[153.0805,-29.4224],[153.0846,-29.4271],[153.0943,-29.4256],[153.0987,-29.427],[153.1146,-29.4232],[153.1236,-29.4166],[153.1247,-29.4126],[153.1323,-29.4138],[153.1434,-29.4103],[153.1557,-29.4171],[153.1632,-29.4256],[153.1656,-29.4337],[153.1666,-29.4496],[153.1681,-29.4536],[153.1578,-29.4569],[153.1482,-29.4624],[153.1235,-29.4902],[153.1066,-29.4984],[153.1073,-29.5218],[153.105,-29.5397],[153.0958,-29.5518],[153.1018,-29.5633],[153.1078,-29.5627],[153.1276,-29.5644],[153.1395,-29.5591],[153.1341,-29.5548],[153.1377,-29.536],[153.1455,-29.5364],[153.1451,-29.5308],[153.1617,-29.5321],[153.1615,-29.5252],[153.1654,-29.5065],[153.181,-29.5073],[153.1832,-29.5002],[153.1883,-29.4929],[153.1851,-29.4895],[153.1947,-29.486],[153.1926,-29.4745],[153.1884,-29.4661],[153.1936,-29.462],[153.204,-29.4731],[153.202,-29.4802],[153.1971,-29.4878],[153.1902,-29.5061],[153.1958,-29.5172],[153.2064,-29.5225],[153.2074,-29.5317],[153.2003,-29.5353],[153.1953,-29.5463],[153.1914,-29.5455],[153.1893,-29.5605],[153.1875,-29.5625],[153.1887,-29.5799],[153.1932,-29.5835],[153.1906,-29.5975],[153.2109,-29.6004],[153.2127,-29.6132],[153.218,-29.6179],[153.2167,-29.6253],[153.2521,-29.6303],[153.2471,-29.6404],[153.2414,-29.647],[153.24,-29.6584],[153.2354,-29.6641],[153.2726,-29.6693],[153.2727,-29.6724],[153.28,-29.6816],[153.2917,-29.6839],[153.2945,-29.6886],[153.2925,-29.6991],[153.314,-29.7019]]],[[[153.1658,-29.2504],[153.1422,-29.247],[153.1393,-29.2615],[153.1466,-29.2626],[153.144,-29.2818],[153.1276,-29.2795],[153.1282,-29.2767],[153.1114,-29.2742],[153.1039,-29.3135],[153.1111,-29.3195],[153.1208,-29.3197],[153.1285,-29.3146],[153.1331,-29.3172],[153.1471,-29.3169],[153.165,-29.315],[153.1714,-29.3204],[153.1778,-29.3143],[153.1761,-29.3052],[153.1885,-29.2996],[153.2032,-29.2998],[153.2129,-29.2969],[153.2429,-29.3009],[153.2567,-29.3002],[153.2648,-29.2552],[153.2792,-29.2572],[153.283,-29.2507],[153.2682,-29.2489],[153.2576,-29.249],[153.2071,-29.2418],[153.2067,-29.2634],[153.1805,-29.2599],[153.1819,-29.2528],[153.1658,-29.2504]]]]}},{"type":"Feature","properties":{"pc":"2464"},"geometry":{"type":"Polygon","coordinates":[[[153.335,-29.5791],[153.3387,-29.564],[153.3466,-29.5506],[153.351,-29.5371],[153.3598,-29.5291],[153.3576,-29.5194],[153.3629,-29.5051],[153.3587,-29.4961],[153.3636,-29.486],[153.3674,-29.4823],[153.3603,-29.4764],[153.3584,-29.4658],[153.3682,-29.4384],[153.3652,-29.4357],[153.3648,-29.4282],[153.3718,-29.4269],[153.3588,-29.4254],[153.3528,-29.4214],[153.3452,-29.4122],[153.3413,-29.4012],[153.3371,-29.3968],[153.3238,-29.3896],[153.3145,-29.3864],[153.3221,-29.3966],[153.3333,-29.4145],[153.3212,-29.4156],[153.3115,-29.4282],[153.2998,-29.4298],[153.2961,-29.4341],[153.2976,-29.4427],[153.2944,-29.449],[153.2996,-29.4525],[153.3058,-29.4629],[153.3191,-29.4766],[153.313,-29.4844],[153.3082,-29.481],[153.3,-29.482],[153.2874,-29.4867],[153.2801,-29.4915],[153.2755,-29.5004],[153.2835,-29.5143],[153.2918,-29.5215],[153.305,-29.5264],[153.3099,-29.5254],[153.3159,-29.5306],[153.3077,-29.5329],[153.3016,-29.5374],[153.2967,-29.5641],[153.3091,-29.571],[153.3183,-29.5725],[153.3235,-29.5774],[153.335,-29.5791]]]}},{"type":"Feature","properties":{"pc":"2470"},"geometry":{"type":"Polygon","coordinates":[[[153.073,-29.0955],[153.0762,-29.0803],[153.0727,-29.0799],[153.0751,-29.0668],[153.0936,-29.0694],[153.0976,-29.0728],[153.1091,-29.0745],[153.1072,-29.0847],[153.1249,-29.0873],[153.152,-29.0587],[153.1533,-29.0488],[153.1842,-29.0467],[153.1868,-29.0328],[153.1808,-29.0319],[153.1832,-29.0179],[153.1806,-29.012],[153.1629,-29.0094],[153.1666,-28.9896],[153.1698,-28.9824],[153.1719,-28.9708],[153.1586,-28.971],[153.1559,-28.9775],[153.1494,-28.9842],[153.1393,-28.9816],[153.1311,-28.9752],[153.1323,-28.9684],[153.1389,-28.9586],[153.1415,-28.9447],[153.1331,-28.9434],[153.1319,-28.9498],[153.1205,-28.9461],[153.1113,-28.9366],[153.0987,-28.9347],[153.0936,-28.9303],[153.0958,-28.9195],[153.0883,-28.9196],[153.0883,-28.9081],[153.0824,-28.9072],[153.0855,-28.891],[153.0907,-28.8918],[153.0949,-28.8769],[153.1064,-28.8767],[153.1129,-28.8839],[153.1253,-28.886],[153.1299,-28.8759],[153.1398,-28.8816],[153.1509,-28.883],[153.1546,-28.8811],[153.1604,-28.8537],[153.1661,-28.8545],[153.1676,-28.8456],[153.1743,-28.8465],[153.1761,-28.8374],[153.1716,-28.833],[153.1744,-28.8189],[153.179,-28.8196],[153.1807,-28.8115],[153.1656,-28.8076],[153.1638,-28.8147],[153.1493,-28.811],[153.1401,-28.7988],[153.124,-28.7966],[153.1243,-28.7947],[153.1079,-28.7923],[153.1073,-28.7853],[153.0966,-28.7865],[153.0927,-28.7783],[153.084,-28.7736],[153.0826,-28.7809],[153.0747,-28.7797],[153.0671,-28.7733],[153.0565,-28.7705],[153.0496,-28.771],[153.0428,-28.7686],[153.0431,-28.7608],[153.0486,-28.7587],[153.0508,-28.7502],[153.0483,-28.7461],[153.0511,-28.7398],[153.0479,-28.7265],[153.0165,-28.7218],[153.0158,-28.7254],[153.0057,-28.724],[153.0013,-28.7259],[152.9958,-28.7214],[152.9191,-28.7107],[152.9221,-28.7039],[152.9242,-28.6895],[152.9221,-28.6846],[152.9123,-28.6833],[152.9042,-28.6791],[152.8831,-28.6761],[152.8669,-28.6757],[152.8596,-28.6617],[152.8534,-28.664],[152.8508,-28.6603],[152.8307,-28.6507],[152.8261,-28.6452],[152.8031,-28.642],[152.8038,-28.6381],[152.7902,-28.6364],[152.7802,-28.6332],[152.7749,-28.6365],[152.7724,-28.6419],[152.7595,-28.6466],[152.7489,-28.657],[152.7361,-28.6641],[152.741,-28.6695],[152.748,-28.6731],[152.7583,-28.675],[152.755,-28.6851],[152.7485,-28.6989],[152.7451,-28.7145],[152.7498,-28.7261],[152.7581,-28.7347],[152.7648,-28.736],[152.7761,-28.7442],[152.7895,-28.7502],[152.7925,-28.744],[152.8041,-28.7457],[152.8024,-28.7558],[152.7943,-28.7547],[152.8001,-28.766],[152.8026,-28.7825],[152.817,-28.7899],[152.8223,-28.7958],[152.8256,-28.8082],[152.8323,-28.8157],[152.8276,-28.8284],[152.8407,-28.8308],[152.8483,-28.8364],[152.8513,-28.8426],[152.8504,-28.8541],[152.8563,-28.8642],[152.8706,-28.8663],[152.8674,-28.8844],[152.8608,-28.8844],[152.8577,-28.8999],[152.8643,-28.9025],[152.8597,-28.9287],[152.8577,-28.934],[152.8655,-28.9479],[152.8765,-28.9496],[152.876,-28.96],[152.8712,-28.9637],[152.8569,-28.9605],[152.8553,-28.9552],[152.8568,-28.9474],[152.8498,-28.9464],[152.849,-28.9353],[152.8338,-28.9313],[152.8252,-28.9309],[152.8225,-28.9248],[152.8086,-28.9229],[152.8079,-28.9271],[152.7883,-28.9244],[152.7862,-28.9267],[152.7747,-28.925],[152.7666,-28.9187],[152.7503,-28.9148],[152.7535,-28.924],[152.7528,-28.9291],[152.7435,-28.935],[152.7422,-28.9442],[152.749,-28.954],[152.7475,-28.9656],[152.7431,-28.973],[152.7459,-28.9799],[152.745,-28.9929],[152.7518,-28.9951],[152.769,-28.9975],[152.7661,-29.0118],[152.7712,-29.0121],[152.7742,-29.0068],[152.7845,-29.0073],[152.7874,-29.0042],[152.8044,-29.0072],[152.8092,-29.0109],[152.8251,-29.0108],[152.8333,-29.0093],[152.8355,-28.9991],[152.8476,-29.0029],[152.8585,-29.0098],[152.8598,-29.0034],[152.8704,-29.0055],[152.8723,-28.9955],[152.9042,-29.0002],[152.9034,-29.0053],[152.889,-29.0194],[152.8881,-29.0248],[152.8966,-29.0291],[152.9008,-29.0363],[152.9101,-29.0362],[152.9135,-29.0395],[152.9265,-29.0398],[152.9302,-29.0349],[152.9435,-29.0356],[152.9593,-29.0379],[152.9571,-29.0495],[152.9751,-29.05],[152.9723,-29.0651],[152.989,-29.0675],[152.9931,-29.0642],[153.0046,-29.0596],[153.0032,-29.0712],[152.9999,-29.0819],[153.0009,-29.0947],[153.0075,-29.0957],[153.018,-29.0858],[153.0208,-29.0785],[153.0443,-29.0809],[153.0424,-29.0914],[153.073,-29.0955]]]}},{"type":"Feature","properties":{"pc":"2471"},"geometry":{"type":"Polygon","coordinates":[[[153.073,-29.0955],[153.071,-29.1066],[153.0874,-29.1192],[153.0882,-29.1263],[153.0999,-29.1278],[153.0981,-29.1362],[153.0866,-29.1429],[153.1037,-29.1454],[153.1018,-29.156],[153.106,-29.1587],[153.1028,-29.1777],[153.1104,-29.1856],[153.1312,-29.1909],[153.1415,-29.1842],[153.1524,-29.1838],[153.1638,-29.1752],[153.161,-29.1671],[153.1736,-29.1568],[153.1751,-29.1513],[153.1737,-29.1408],[153.1592,-29.1372],[153.1581,-29.132],[153.1691,-29.1238],[153.1736,-29.116],[153.1796,-29.1129],[153.1731,-29.1068],[153.1817,-29.0949],[153.182,-29.0893],[153.1995,-29.0802],[153.2124,-29.0844],[153.2109,-29.0894],[153.2167,-29.0944],[153.2279,-29.0978],[153.2285,-29.0882],[153.2394,-29.077],[153.2477,-29.0736],[153.2457,-29.0671],[153.2549,-29.0581],[153.2486,-29.0521],[153.2541,-29.0464],[153.2549,-29.0414],[153.2623,-29.0392],[153.2632,-29.0315],[153.272,-29.0255],[153.2776,-29.0275],[153.2776,-29.0324],[153.2831,-29.0404],[153.2809,-29.052],[153.276,-29.0612],[153.2674,-29.06],[153.2632,-29.0649],[153.2581,-29.0935],[153.2572,-29.1044],[153.2594,-29.1083],[153.2788,-29.111],[153.2795,-29.1085],[153.3033,-29.1119],[153.3118,-29.1079],[153.3141,-29.1009],[153.3088,-29.0972],[153.3102,-29.0892],[153.3167,-29.0869],[153.3218,-29.0691],[153.3283,-29.07],[153.3305,-29.0651],[153.3376,-29.0713],[153.3482,-29.0688],[153.3542,-29.064],[153.3632,-29.0638],[153.365,-29.052],[153.362,-29.0486],[153.3546,-29.0476],[153.3534,-29.0535],[153.3443,-29.0557],[153.3345,-29.0543],[153.3348,-29.0447],[153.3274,-29.0391],[153.3291,-29.0295],[153.3253,-29.0288],[153.3273,-29.0179],[153.3321,-29.0166],[153.3474,-29.0181],[153.3505,-29.0109],[153.3529,-28.9985],[153.3486,-28.9939],[153.3541,-28.9909],[153.3607,-28.992],[153.3615,-28.9751],[153.3699,-28.9763],[153.3721,-28.9694],[153.3795,-28.9736],[153.3912,-28.9752],[153.3843,-28.9671],[153.3879,-28.9653],[153.3848,-28.9554],[153.3758,-28.9526],[153.3636,-28.9507],[153.3542,-28.9529],[153.3522,-28.9642],[153.3418,-28.9627],[153.339,-28.9682],[153.3198,-28.9655],[153.3062,-28.9651],[153.3028,-28.959],[153.2962,-28.9614],[153.2936,-28.9563],[153.3045,-28.9465],[153.3054,-28.9423],[153.2955,-28.9403],[153.2885,-28.9439],[153.2868,-28.9532],[153.2746,-28.9545],[153.2702,-28.9508],[153.2646,-28.9532],[153.2645,-28.9452],[153.2588,-28.9445],[153.247,-28.9311],[153.2391,-28.9384],[153.2275,-28.9348],[153.2241,-28.9282],[153.2176,-28.9312],[153.2053,-28.9291],[153.2002,-28.9217],[153.2017,-28.9085],[153.199,-28.9027],[153.1771,-28.8991],[153.1763,-28.9033],[153.169,-28.9024],[153.1711,-28.8962],[153.1447,-28.894],[153.1509,-28.883],[153.1398,-28.8816],[153.1299,-28.8759],[153.1253,-28.886],[153.1129,-28.8839],[153.1064,-28.8767],[153.0949,-28.8769],[153.0907,-28.8918],[153.0855,-28.891],[153.0824,-28.9072],[153.0883,-28.9081],[153.0883,-28.9196],[153.0958,-28.9195],[153.0936,-28.9303],[153.0987,-28.9347],[153.1113,-28.9366],[153.1205,-28.9461],[153.1319,-28.9498],[153.1331,-28.9434],[153.1415,-28.9447],[153.1389,-28.9586],[153.1323,-28.9684],[153.1311,-28.9752],[153.1393,-28.9816],[153.1494,-28.9842],[153.1559,-28.9775],[153.1586,-28.971],[153.1719,-28.9708],[153.1698,-28.9824],[153.1666,-28.9896],[153.1629,-29.0094],[153.1806,-29.012],[153.1832,-29.0179],[153.1808,-29.0319],[153.1868,-29.0328],[153.1842,-29.0467],[153.1533,-29.0488],[153.152,-29.0587],[153.1249,-29.0873],[153.1072,-29.0847],[153.1091,-29.0745],[153.0976,-29.0728],[153.0936,-29.0694],[153.0751,-29.0668],[153.0727,-29.0799],[153.0762,-29.0803],[153.073,-29.0955]]]}},{"type":"Feature","properties":{"pc":"2472"},"geometry":{"type":"Polygon","coordinates":[[[153.4046,-28.9803],[153.3984,-28.9813],[153.3958,-28.9989],[153.3843,-29.0045],[153.3768,-29.0014],[153.3683,-29.0052],[153.368,-29.0189],[153.3525,-29.0159],[153.3505,-29.0109],[153.3474,-29.0181],[153.3321,-29.0166],[153.3273,-29.0179],[153.3253,-29.0288],[153.3291,-29.0295],[153.3274,-29.0391],[153.3348,-29.0447],[153.3345,-29.0543],[153.3443,-29.0557],[153.3534,-29.0535],[153.3546,-29.0476],[153.362,-29.0486],[153.365,-29.052],[153.3632,-29.0638],[153.3542,-29.064],[153.3482,-29.0688],[153.3376,-29.0713],[153.3305,-29.0651],[153.3283,-29.07],[153.3218,-29.0691],[153.3167,-29.0869],[153.3102,-29.0892],[153.3088,-29.0972],[153.3141,-29.1009],[153.3118,-29.1079],[153.3033,-29.1119],[153.2795,-29.1085],[153.2788,-29.111],[153.2594,-29.1083],[153.2526,-29.1097],[153.251,-29.1179],[153.2356,-29.1141],[153.2333,-29.127],[153.2196,-29.1249],[153.2166,-29.1403],[153.2332,-29.1429],[153.2299,-29.1652],[153.1917,-29.1598],[153.1898,-29.1696],[153.1803,-29.1729],[153.1828,-29.1812],[153.1735,-29.1889],[153.1718,-29.1933],[153.1748,-29.2031],[153.1658,-29.2504],[153.1819,-29.2528],[153.1805,-29.2599],[153.2067,-29.2634],[153.2071,-29.2418],[153.2576,-29.249],[153.2682,-29.2489],[153.283,-29.2507],[153.3,-29.2505],[153.3057,-29.2534],[153.3098,-29.2593],[153.3166,-29.2582],[153.3244,-29.2617],[153.3238,-29.2696],[153.3193,-29.2734],[153.3114,-29.2915],[153.3092,-29.301],[153.3425,-29.3051],[153.3461,-29.2913],[153.3589,-29.265],[153.3732,-29.2426],[153.3877,-29.2246],[153.392,-29.2142],[153.401,-29.2007],[153.4188,-29.1777],[153.431,-29.1657],[153.4483,-29.1504],[153.4542,-29.1391],[153.4496,-29.1403],[153.4425,-29.1467],[153.44,-29.1409],[153.4313,-29.1362],[153.4051,-29.133],[153.4062,-29.1213],[153.4028,-29.1212],[153.4026,-29.1118],[153.3985,-29.1087],[153.3995,-29.1027],[153.3894,-29.0947],[153.3836,-29.0972],[153.3795,-29.095],[153.3705,-29.0985],[153.3604,-29.0943],[153.3501,-29.0958],[153.352,-29.0836],[153.366,-29.0855],[153.3684,-29.0724],[153.3836,-29.0717],[153.3892,-29.0688],[153.3871,-29.0808],[153.4239,-29.0848],[153.4339,-29.0913],[153.4394,-29.071],[153.4519,-29.0413],[153.464,-29.0187],[153.4835,-28.9907],[153.4672,-28.9941],[153.4599,-28.9918],[153.4359,-29.0011],[153.424,-29.0008],[153.4208,-28.9925],[153.4067,-28.9859],[153.4046,-28.9803]]]}},{"type":"Feature","properties":{"pc":"2474"},"geometry":{"type":"Polygon","coordinates":[[[153.0479,-28.7265],[153.0381,-28.7186],[153.0337,-28.7115],[153.0344,-28.7044],[153.0254,-28.704],[153.0292,-28.6792],[153.0257,-28.676],[153.024,-28.6627],[153.0355,-28.6664],[153.0481,-28.6652],[153.0496,-28.6559],[153.0468,-28.6441],[153.0469,-28.6371],[153.0498,-28.6286],[153.0613,-28.6302],[153.0605,-28.6334],[153.0851,-28.6366],[153.0986,-28.6373],[153.1011,-28.6216],[153.1226,-28.6236],[153.1233,-28.6183],[153.1185,-28.6127],[153.1199,-28.5977],[153.1321,-28.5885],[153.1432,-28.587],[153.1377,-28.5791],[153.1394,-28.5634],[153.1481,-28.5646],[153.1491,-28.5581],[153.1575,-28.5592],[153.1591,-28.5498],[153.1477,-28.5414],[153.1371,-28.54],[153.1354,-28.5306],[153.1413,-28.5284],[153.144,-28.5127],[153.1511,-28.5088],[153.1498,-28.503],[153.1545,-28.492],[153.1537,-28.4843],[153.1474,-28.4802],[153.141,-28.4708],[153.1439,-28.4627],[153.136,-28.4572],[153.1431,-28.4489],[153.1421,-28.4361],[153.124,-28.4306],[153.1275,-28.4193],[153.1208,-28.4153],[153.1277,-28.4059],[153.1126,-28.4012],[153.1181,-28.3964],[153.1108,-28.3885],[153.1105,-28.3783],[153.1126,-28.3725],[153.113,-28.3613],[153.1086,-28.3563],[153.1023,-28.3579],[153.0892,-28.3533],[153.0863,-28.3546],[153.0742,-28.3522],[153.0653,-28.3442],[153.0491,-28.342],[153.0449,-28.339],[153.0381,-28.3434],[153.0222,-28.338],[153.008,-28.3403],[152.9961,-28.34],[152.9889,-28.337],[152.9836,-28.3381],[152.9732,-28.3318],[152.9392,-28.3347],[152.9343,-28.3376],[152.9234,-28.3316],[152.9175,-28.331],[152.9062,-28.3258],[152.9002,-28.3255],[152.8891,-28.3154],[152.8781,-28.3117],[152.8658,-28.3136],[152.8596,-28.3115],[152.8494,-28.3112],[152.8437,-28.3195],[152.8388,-28.3221],[152.8314,-28.3197],[152.8186,-28.335],[152.8093,-28.3421],[152.8091,-28.3506],[152.8043,-28.3536],[152.7934,-28.354],[152.7817,-28.3467],[152.7774,-28.346],[152.7598,-28.3524],[152.7619,-28.3583],[152.7566,-28.3636],[152.751,-28.3639],[152.7403,-28.3592],[152.7309,-28.3523],[152.7231,-28.3441],[152.7132,-28.3415],[152.7083,-28.3443],[152.6986,-28.3357],[152.6884,-28.3348],[152.6864,-28.3291],[152.6795,-28.3306],[152.675,-28.3268],[152.6722,-28.3382],[152.6691,-28.341],[152.669,-28.3513],[152.6604,-28.3631],[152.6556,-28.3796],[152.6626,-28.3872],[152.6695,-28.3896],[152.6753,-28.3947],[152.6718,-28.4003],[152.6718,-28.4094],[152.6761,-28.415],[152.6757,-28.4215],[152.6794,-28.4277],[152.6786,-28.4356],[152.682,-28.4407],[152.6799,-28.4465],[152.6823,-28.4504],[152.6808,-28.4594],[152.6911,-28.4683],[152.691,-28.4725],[152.6951,-28.4744],[152.7032,-28.4695],[152.7085,-28.4692],[152.7172,-28.4772],[152.7147,-28.4839],[152.7214,-28.4968],[152.7227,-28.5163],[152.7205,-28.5226],[152.7268,-28.532],[152.726,-28.54],[152.733,-28.5498],[152.7375,-28.5686],[152.7312,-28.5845],[152.7222,-28.5883],[152.7133,-28.597],[152.7177,-28.6065],[152.715,-28.6151],[152.721,-28.6289],[152.7323,-28.6406],[152.7317,-28.6523],[152.7361,-28.6641],[152.7489,-28.657],[152.7595,-28.6466],[152.7724,-28.6419],[152.7749,-28.6365],[152.7802,-28.6332],[152.7902,-28.6364],[152.8038,-28.6381],[152.8031,-28.642],[152.8261,-28.6452],[152.8307,-28.6507],[152.8508,-28.6603],[152.8534,-28.664],[152.8596,-28.6617],[152.8669,-28.6757],[152.8831,-28.6761],[152.9042,-28.6791],[152.9123,-28.6833],[152.9221,-28.6846],[152.9242,-28.6895],[152.9221,-28.7039],[152.9191,-28.7107],[152.9958,-28.7214],[153.0013,-28.7259],[153.0057,-28.724],[153.0158,-28.7254],[153.0165,-28.7218],[153.0479,-28.7265]]]}},{"type":"Feature","properties":{"pc":"2477"},"geometry":{"type":"Polygon","coordinates":[[[153.5106,-28.9565],[153.4962,-28.9545],[153.5033,-28.9462],[153.5054,-28.9347],[153.4888,-28.9324],[153.4973,-28.921],[153.484,-28.9207],[153.4737,-28.9267],[153.4678,-28.9339],[153.4617,-28.933],[153.4627,-28.9274],[153.4541,-28.926],[153.4479,-28.9172],[153.4502,-28.9077],[153.4558,-28.8981],[153.4684,-28.8998],[153.474,-28.8908],[153.4743,-28.8786],[153.4856,-28.8801],[153.4874,-28.8696],[153.4937,-28.8641],[153.5016,-28.8678],[153.5026,-28.8538],[153.5005,-28.8475],[153.493,-28.8465],[153.4923,-28.8507],[153.4821,-28.8493],[153.4852,-28.845],[153.4885,-28.8326],[153.4833,-28.8146],[153.476,-28.8135],[153.4771,-28.8009],[153.4631,-28.7957],[153.4628,-28.7832],[153.4696,-28.7751],[153.472,-28.7621],[153.4647,-28.7605],[153.4477,-28.7594],[153.4371,-28.7657],[153.4292,-28.7755],[153.4211,-28.7766],[153.4249,-28.7828],[153.4267,-28.7948],[153.4202,-28.7992],[153.401,-28.7974],[153.3997,-28.804],[153.3886,-28.8025],[153.3854,-28.8096],[153.3898,-28.812],[153.3869,-28.8235],[153.3965,-28.8363],[153.3962,-28.8425],[153.3914,-28.8483],[153.3798,-28.8518],[153.3771,-28.8624],[153.3686,-28.8705],[153.3632,-28.8807],[153.3658,-28.888],[153.3626,-28.8919],[153.376,-28.8938],[153.3831,-28.8973],[153.3813,-28.9117],[153.3886,-28.9167],[153.3874,-28.9232],[153.3812,-28.9225],[153.3758,-28.9526],[153.3848,-28.9554],[153.3879,-28.9653],[153.3912,-28.9711],[153.4046,-28.9803],[153.4067,-28.9859],[153.4208,-28.9925],[153.424,-29.0008],[153.4359,-29.0011],[153.4599,-28.9918],[153.4672,-28.9941],[153.4835,-28.9907],[153.4992,-28.9699],[153.5106,-28.9565]]]}},{"type":"Feature","properties":{"pc":"2478"},"geometry":{"type":"Polygon","coordinates":[[[153.5106,-28.9565],[153.521,-28.944],[153.5474,-28.9143],[153.5609,-28.9],[153.5801,-28.8812],[153.5746,-28.878],[153.572,-28.8847],[153.5631,-28.8827],[153.5551,-28.878],[153.547,-28.8767],[153.5295,-28.8776],[153.527,-28.8729],[153.5331,-28.8701],[153.5487,-28.8678],[153.567,-28.8738],[153.5765,-28.8695],[153.5705,-28.864],[153.5717,-28.8475],[153.5774,-28.8573],[153.5784,-28.8651],[153.5843,-28.8716],[153.5897,-28.8739],[153.5985,-28.8552],[153.6071,-28.8428],[153.605,-28.8409],[153.6076,-28.8221],[153.6044,-28.8204],[153.6063,-28.809],[153.5962,-28.8007],[153.5945,-28.7934],[153.5958,-28.7751],[153.5988,-28.7641],[153.5642,-28.7587],[153.557,-28.7724],[153.5574,-28.7762],[153.5398,-28.7738],[153.539,-28.778],[153.5172,-28.7718],[153.5081,-28.7705],[153.5049,-28.7836],[153.502,-28.7893],[153.4919,-28.788],[153.4856,-28.7826],[153.4829,-28.7768],[153.4749,-28.7785],[153.4696,-28.7751],[153.4628,-28.7832],[153.4631,-28.7957],[153.4771,-28.8009],[153.476,-28.8135],[153.4833,-28.8146],[153.4885,-28.8326],[153.4852,-28.845],[153.4821,-28.8493],[153.4923,-28.8507],[153.493,-28.8465],[153.5005,-28.8475],[153.5026,-28.8538],[153.5016,-28.8678],[153.4937,-28.8641],[153.4874,-28.8696],[153.4856,-28.8801],[153.4743,-28.8786],[153.474,-28.8908],[153.4684,-28.8998],[153.4558,-28.8981],[153.4502,-28.9077],[153.4479,-28.9172],[153.4541,-28.926],[153.4627,-28.9274],[153.4617,-28.933],[153.4678,-28.9339],[153.4737,-28.9267],[153.484,-28.9207],[153.4973,-28.921],[153.4888,-28.9324],[153.5054,-28.9347],[153.5033,-28.9462],[153.4962,-28.9545],[153.5106,-28.9565]]]}},{"type":"Feature","properties":{"pc":"2480"},"geometry":{"type":"MultiPolygon","coordinates":[[[[153.3347,-28.5377],[153.3286,-28.5409],[153.3102,-28.5426],[153.2991,-28.5406],[153.2913,-28.5414],[153.2839,-28.5299],[153.2848,-28.5235],[153.2816,-28.5162],[153.2733,-28.522],[153.2548,-28.5271],[153.2477,-28.5159],[153.2392,-28.5183],[153.2264,-28.5177],[153.2196,-28.5228],[153.2057,-28.5265],[153.1978,-28.527],[153.186,-28.5213],[153.1603,-28.5241],[153.1595,-28.5189],[153.1511,-28.5088],[153.144,-28.5127],[153.1413,-28.5284],[153.1354,-28.5306],[153.1371,-28.54],[153.1477,-28.5414],[153.1591,-28.5498],[153.1575,-28.5592],[153.1491,-28.5581],[153.1481,-28.5646],[153.1394,-28.5634],[153.1377,-28.5791],[153.1432,-28.587],[153.1321,-28.5885],[153.1199,-28.5977],[153.1185,-28.6127],[153.1233,-28.6183],[153.1226,-28.6236],[153.1011,-28.6216],[153.0986,-28.6373],[153.0851,-28.6366],[153.0605,-28.6334],[153.0613,-28.6302],[153.0498,-28.6286],[153.0469,-28.6371],[153.0468,-28.6441],[153.0496,-28.6559],[153.0481,-28.6652],[153.0355,-28.6664],[153.024,-28.6627],[153.0257,-28.676],[153.0292,-28.6792],[153.0254,-28.704],[153.0344,-28.7044],[153.0337,-28.7115],[153.0381,-28.7186],[153.0479,-28.7265],[153.0511,-28.7398],[153.0483,-28.7461],[153.0508,-28.7502],[153.0486,-28.7587],[153.0431,-28.7608],[153.0428,-28.7686],[153.0496,-28.771],[153.0565,-28.7705],[153.0671,-28.7733],[153.0747,-28.7797],[153.0826,-28.7809],[153.084,-28.7736],[153.0927,-28.7783],[153.0966,-28.7865],[153.1073,-28.7853],[153.1079,-28.7923],[153.1243,-28.7947],[153.124,-28.7966],[153.1401,-28.7988],[153.1493,-28.811],[153.1638,-28.8147],[153.1656,-28.8076],[153.1807,-28.8115],[153.179,-28.8196],[153.1744,-28.8189],[153.1716,-28.833],[153.1761,-28.8374],[153.1743,-28.8465],[153.1676,-28.8456],[153.1661,-28.8545],[153.1604,-28.8537],[153.1546,-28.8811],[153.1509,-28.883],[153.1447,-28.894],[153.1711,-28.8962],[153.169,-28.9024],[153.1763,-28.9033],[153.1771,-28.8991],[153.199,-28.9027],[153.2017,-28.9085],[153.2002,-28.9217],[153.2053,-28.9291],[153.2176,-28.9312],[153.2241,-28.9282],[153.2275,-28.9348],[153.2391,-28.9384],[153.247,-28.9311],[153.2588,-28.9445],[153.2645,-28.9452],[153.2646,-28.9532],[153.2702,-28.9508],[153.2746,-28.9545],[153.2868,-28.9532],[153.2885,-28.9439],[153.2955,-28.9403],[153.3054,-28.9423],[153.3045,-28.9465],[153.2936,-28.9563],[153.2962,-28.9614],[153.3028,-28.959],[153.3062,-28.9651],[153.3198,-28.9655],[153.339,-28.9682],[153.3418,-28.9627],[153.3522,-28.9642],[153.3542,-28.9529],[153.3636,-28.9507],[153.3758,-28.9526],[153.3812,-28.9225],[153.3874,-28.9232],[153.3886,-28.9167],[153.3813,-28.9117],[153.3831,-28.8973],[153.376,-28.8938],[153.3626,-28.8919],[153.3658,-28.888],[153.3632,-28.8807],[153.3686,-28.8705],[153.3771,-28.8624],[153.3798,-28.8518],[153.3914,-28.8483],[153.3962,-28.8425],[153.3965,-28.8363],[153.3869,-28.8235],[153.3898,-28.812],[153.3854,-28.8096],[153.3886,-28.8025],[153.3997,-28.804],[153.401,-28.7974],[153.4202,-28.7992],[153.4267,-28.7948],[153.4249,-28.7828],[153.4211,-28.7766],[153.4292,-28.7755],[153.4371,-28.7657],[153.4477,-28.7594],[153.4647,-28.7605],[153.4663,-28.7447],[153.4609,-28.7437],[153.4622,-28.7374],[153.4559,-28.7339],[153.4451,-28.7312],[153.446,-28.7264],[153.4393,-28.7255],[153.4402,-28.7207],[153.4295,-28.7197],[153.4347,-28.7138],[153.4422,-28.7149],[153.4433,-28.7087],[153.4535,-28.7101],[153.4552,-28.7001],[153.4673,-28.7015],[153.4782,-28.6964],[153.4815,-28.6795],[153.4741,-28.6725],[153.4802,-28.6675],[153.4874,-28.6673],[153.4889,-28.6598],[153.4846,-28.6558],[153.4767,-28.6543],[153.472,-28.6506],[153.4665,-28.6423],[153.47,-28.6302],[153.4634,-28.6221],[153.4512,-28.6205],[153.4332,-28.6269],[153.4373,-28.6299],[153.4363,-28.6355],[153.4281,-28.6365],[153.4261,-28.6437],[153.4131,-28.6419],[153.4126,-28.6337],[153.4164,-28.6254],[153.4126,-28.6186],[153.397,-28.6168],[153.3918,-28.6094],[153.3912,-28.602],[153.3834,-28.5962],[153.3903,-28.591],[153.396,-28.5931],[153.3957,-28.5819],[153.3914,-28.5753],[153.3824,-28.5707],[153.3771,-28.5643],[153.378,-28.5609],[153.3678,-28.5589],[153.3554,-28.5517],[153.3479,-28.5539],[153.3426,-28.5518],[153.3459,-28.5458],[153.3336,-28.5441],[153.3347,-28.5377]]],[[[153.3505,-29.0109],[153.3525,-29.0159],[153.368,-29.0189],[153.3683,-29.0052],[153.3768,-29.0014],[153.3843,-29.0045],[153.3958,-28.9989],[153.3984,-28.9813],[153.4046,-28.9803],[153.3912,-28.9711],[153.3879,-28.9653],[153.3843,-28.9671],[153.3912,-28.9752],[153.3795,-28.9736],[153.3721,-28.9694],[153.3699,-28.9763],[153.3615,-28.9751],[153.3607,-28.992],[153.3541,-28.9909],[153.3486,-28.9939],[153.3529,-28.9985],[153.3505,-29.0109]]]]}},{"type":"Feature","properties":{"pc":"2481"},"geometry":{"type":"Polygon","coordinates":[[[153.5988,-28.7641],[153.6051,-28.7458],[153.6116,-28.7305],[153.6186,-28.7211],[153.6157,-28.7053],[153.6136,-28.7011],[153.6146,-28.6898],[153.6176,-28.6782],[153.6245,-28.6605],[153.6299,-28.6493],[153.6369,-28.6407],[153.6385,-28.6357],[153.6285,-28.636],[153.6235,-28.6419],[153.6092,-28.639],[153.6008,-28.634],[153.5903,-28.6238],[153.5822,-28.613],[153.5708,-28.5949],[153.5638,-28.5755],[153.5466,-28.5732],[153.5447,-28.5837],[153.5312,-28.577],[153.5305,-28.5628],[153.5242,-28.5667],[153.52,-28.5621],[153.5131,-28.5723],[153.5073,-28.5716],[153.5057,-28.5669],[153.4946,-28.5654],[153.4894,-28.5706],[153.4878,-28.5793],[153.4823,-28.5821],[153.4719,-28.5806],[153.4689,-28.5963],[153.4748,-28.6013],[153.486,-28.6055],[153.4851,-28.6101],[153.4916,-28.6128],[153.4866,-28.6198],[153.4895,-28.6256],[153.5071,-28.6275],[153.5094,-28.6322],[153.5154,-28.632],[153.5283,-28.6437],[153.5339,-28.6459],[153.556,-28.6493],[153.5616,-28.6565],[153.5615,-28.6601],[153.5681,-28.6654],[153.5699,-28.6547],[153.5814,-28.6561],[153.5803,-28.6621],[153.5695,-28.6695],[153.565,-28.6639],[153.5571,-28.6627],[153.5537,-28.6707],[153.5467,-28.6697],[153.5474,-28.6652],[153.5399,-28.6642],[153.5386,-28.6723],[153.5349,-28.6761],[153.5402,-28.6833],[153.5496,-28.679],[153.5634,-28.6783],[153.5719,-28.6839],[153.5749,-28.6814],[153.5904,-28.6814],[153.5937,-28.6747],[153.6007,-28.6771],[153.5975,-28.6868],[153.5966,-28.6981],[153.5814,-28.6959],[153.5802,-28.7033],[153.5737,-28.7188],[153.5797,-28.7198],[153.5788,-28.7251],[153.5816,-28.7306],[153.5738,-28.7332],[153.5672,-28.7393],[153.5642,-28.7587],[153.5988,-28.7641]]]}},{"type":"Feature","properties":{"pc":"2482"},"geometry":{"type":"Polygon","coordinates":[[[153.5305,-28.5628],[153.5272,-28.5586],[153.5273,-28.5472],[153.5295,-28.5434],[153.5253,-28.535],[153.5108,-28.533],[153.5167,-28.5288],[153.517,-28.5239],[153.5016,-28.5218],[153.4882,-28.5251],[153.4729,-28.5218],[153.4621,-28.5235],[153.4636,-28.5146],[153.4496,-28.5127],[153.4392,-28.5047],[153.4413,-28.489],[153.4329,-28.4878],[153.4345,-28.4793],[153.4299,-28.4786],[153.4341,-28.4693],[153.4198,-28.4672],[153.4193,-28.4702],[153.4084,-28.4687],[153.4044,-28.4756],[153.3735,-28.4719],[153.3745,-28.4803],[153.3687,-28.4925],[153.3687,-28.5018],[153.3591,-28.5093],[153.3523,-28.5174],[153.3419,-28.5174],[153.3397,-28.5212],[153.3425,-28.5305],[153.3347,-28.5377],[153.3336,-28.5441],[153.3459,-28.5458],[153.3426,-28.5518],[153.3479,-28.5539],[153.3554,-28.5517],[153.3678,-28.5589],[153.378,-28.5609],[153.3771,-28.5643],[153.3824,-28.5707],[153.3914,-28.5753],[153.3957,-28.5819],[153.396,-28.5931],[153.3903,-28.591],[153.3834,-28.5962],[153.3912,-28.602],[153.3918,-28.6094],[153.397,-28.6168],[153.4126,-28.6186],[153.4164,-28.6254],[153.4126,-28.6337],[153.4131,-28.6419],[153.4261,-28.6437],[153.4281,-28.6365],[153.4363,-28.6355],[153.4373,-28.6299],[153.4332,-28.6269],[153.4512,-28.6205],[153.4634,-28.6221],[153.4646,-28.6138],[153.4643,-28.5978],[153.4689,-28.5963],[153.4719,-28.5806],[153.4823,-28.5821],[153.4878,-28.5793],[153.4894,-28.5706],[153.4946,-28.5654],[153.5057,-28.5669],[153.5073,-28.5716],[153.5131,-28.5723],[153.52,-28.5621],[153.5242,-28.5667],[153.5305,-28.5628]]]}},{"type":"Feature","properties":{"pc":"2484"},"geometry":{"type":"Polygon","coordinates":[[[153.4084,-28.4687],[153.3967,-28.4688],[153.3886,-28.4567],[153.398,-28.4526],[153.4029,-28.4433],[153.4077,-28.4391],[153.4195,-28.4377],[153.4204,-28.4321],[153.4313,-28.4318],[153.4403,-28.4232],[153.4485,-28.4217],[153.4497,-28.4071],[153.4559,-28.3955],[153.4481,-28.3923],[153.45,-28.3823],[153.4896,-28.3876],[153.4879,-28.3972],[153.4785,-28.3958],[153.477,-28.4042],[153.4808,-28.4047],[153.479,-28.4142],[153.4889,-28.4135],[153.4985,-28.4086],[153.5081,-28.4059],[153.5175,-28.4072],[153.5185,-28.4036],[153.5414,-28.4065],[153.5417,-28.4048],[153.5453,-28.3857],[153.5548,-28.3824],[153.5558,-28.3768],[153.5471,-28.3757],[153.5491,-28.3645],[153.5544,-28.3584],[153.5651,-28.3599],[153.5662,-28.3539],[153.5726,-28.3548],[153.5702,-28.3497],[153.5641,-28.3484],[153.5614,-28.3439],[153.5467,-28.3385],[153.5425,-28.3488],[153.5249,-28.3464],[153.5213,-28.3333],[153.5282,-28.3253],[153.5256,-28.3203],[153.5145,-28.3189],[153.511,-28.3155],[153.5146,-28.307],[153.5159,-28.2972],[153.5017,-28.2953],[153.4977,-28.2972],[153.4912,-28.2892],[153.4724,-28.297],[153.4594,-28.2952],[153.4608,-28.2863],[153.4601,-28.274],[153.4564,-28.2677],[153.4474,-28.2683],[153.4446,-28.2713],[153.4284,-28.269],[153.4209,-28.2672],[153.4247,-28.2453],[153.4359,-28.2447],[153.4397,-28.2321],[153.4316,-28.231],[153.4302,-28.2381],[153.4164,-28.2381],[153.402,-28.2406],[153.3967,-28.2432],[153.3956,-28.2486],[153.3813,-28.2461],[153.3831,-28.2374],[153.3647,-28.2473],[153.3573,-28.2493],[153.3363,-28.249],[153.3319,-28.2461],[153.3298,-28.2369],[153.3146,-28.2372],[153.3048,-28.2397],[153.2968,-28.2343],[153.2866,-28.2354],[153.2772,-28.2342],[153.2742,-28.238],[153.2653,-28.2413],[153.264,-28.2435],[153.2497,-28.2475],[153.2439,-28.2473],[153.2356,-28.2566],[153.2328,-28.2651],[153.2188,-28.2634],[153.2074,-28.2529],[153.1995,-28.2565],[153.1885,-28.2476],[153.1767,-28.2496],[153.1715,-28.2592],[153.1752,-28.2742],[153.1612,-28.2798],[153.1665,-28.2851],[153.1692,-28.2931],[153.1644,-28.2979],[153.1552,-28.2961],[153.1529,-28.3019],[153.1433,-28.3046],[153.1433,-28.3122],[153.1358,-28.3121],[153.133,-28.3175],[153.1258,-28.3173],[153.1248,-28.3239],[153.1302,-28.3303],[153.1268,-28.3362],[153.1086,-28.3563],[153.113,-28.3613],[153.1126,-28.3725],[153.1105,-28.3783],[153.1108,-28.3885],[153.1181,-28.3964],[153.1126,-28.4012],[153.1277,-28.4059],[153.1208,-28.4153],[153.1275,-28.4193],[153.124,-28.4306],[153.1421,-28.4361],[153.1431,-28.4489],[153.136,-28.4572],[153.1439,-28.4627],[153.141,-28.4708],[153.1474,-28.4802],[153.1537,-28.4843],[153.1545,-28.492],[153.1498,-28.503],[153.1511,-28.5088],[153.1595,-28.5189],[153.1603,-28.5241],[153.186,-28.5213],[153.1978,-28.527],[153.2057,-28.5265],[153.2196,-28.5228],[153.2264,-28.5177],[153.2392,-28.5183],[153.2477,-28.5159],[153.2548,-28.5271],[153.2733,-28.522],[153.2816,-28.5162],[153.2848,-28.5235],[153.2839,-28.5299],[153.2913,-28.5414],[153.2991,-28.5406],[153.3102,-28.5426],[153.3286,-28.5409],[153.3347,-28.5377],[153.3425,-28.5305],[153.3397,-28.5212],[153.3419,-28.5174],[153.3523,-28.5174],[153.3591,-28.5093],[153.3687,-28.5018],[153.3687,-28.4925],[153.3745,-28.4803],[153.3735,-28.4719],[153.4044,-28.4756],[153.4084,-28.4687]]]}},{"type":"Feature","properties":{"pc":"2485"},"geometry":{"type":"Polygon","coordinates":[[[153.5522,-28.1644],[153.5415,-28.169],[153.5347,-28.1776],[153.5312,-28.1752],[153.5015,-28.1633],[153.4936,-28.1702],[153.4902,-28.1839],[153.479,-28.1938],[153.4907,-28.1932],[153.5008,-28.1946],[153.5,-28.1996],[153.5123,-28.2],[153.5116,-28.1894],[153.5226,-28.1883],[153.5291,-28.1904],[153.5383,-28.1826],[153.5427,-28.1856],[153.5486,-28.1811],[153.5467,-28.1732],[153.5516,-28.1691],[153.5522,-28.1644]]]}},{"type":"Feature","properties":{"pc":"2486"},"geometry":{"type":"Polygon","coordinates":[[[153.5376,-28.2407],[153.5447,-28.238],[153.5443,-28.2299],[153.5479,-28.2257],[153.5546,-28.2247],[153.5553,-28.2121],[153.5617,-28.2081],[153.5589,-28.1994],[153.5543,-28.1929],[153.5501,-28.1953],[153.5351,-28.1917],[153.5178,-28.1933],[153.5156,-28.1971],[153.5139,-28.2087],[153.5099,-28.2126],[153.5205,-28.2207],[153.504,-28.224],[153.4992,-28.2191],[153.498,-28.2081],[153.5,-28.1996],[153.5008,-28.1946],[153.4907,-28.1932],[153.479,-28.1938],[153.4902,-28.1839],[153.4936,-28.1702],[153.5015,-28.1633],[153.4955,-28.1609],[153.4859,-28.157],[153.477,-28.1569],[153.4685,-28.1624],[153.4526,-28.181],[153.4358,-28.1872],[153.4243,-28.1978],[153.4178,-28.2005],[153.4149,-28.2074],[153.4057,-28.211],[153.3976,-28.2189],[153.3909,-28.2279],[153.3897,-28.2348],[153.3831,-28.2374],[153.3813,-28.2461],[153.3956,-28.2486],[153.3967,-28.2432],[153.402,-28.2406],[153.4164,-28.2381],[153.4302,-28.2381],[153.4316,-28.231],[153.4397,-28.2321],[153.4359,-28.2447],[153.4247,-28.2453],[153.4209,-28.2672],[153.4284,-28.269],[153.4318,-28.2627],[153.4431,-28.2551],[153.4467,-28.2547],[153.4537,-28.247],[153.4648,-28.2492],[153.4633,-28.2577],[153.4723,-28.2589],[153.4788,-28.2495],[153.4846,-28.2542],[153.4898,-28.2527],[153.5078,-28.2537],[153.5154,-28.2488],[153.5311,-28.2419],[153.5376,-28.2407]]]}},{"type":"Feature","properties":{"pc":"2487"},"geometry":{"type":"Polygon","coordinates":[[[153.5722,-28.3178],[153.5762,-28.2948],[153.5857,-28.258],[153.5772,-28.2543],[153.5714,-28.2468],[153.5672,-28.2308],[153.567,-28.2171],[153.5699,-28.2017],[153.5611,-28.186],[153.5559,-28.1705],[153.5486,-28.1755],[153.5632,-28.199],[153.5644,-28.207],[153.5614,-28.218],[153.5539,-28.2281],[153.5555,-28.2337],[153.5507,-28.2392],[153.5413,-28.2434],[153.5376,-28.2407],[153.5311,-28.2419],[153.5154,-28.2488],[153.516,-28.2571],[153.5082,-28.2651],[153.4996,-28.2665],[153.4926,-28.2648],[153.486,-28.2712],[153.4892,-28.2755],[153.4967,-28.2783],[153.4991,-28.2856],[153.4912,-28.2892],[153.4977,-28.2972],[153.5017,-28.2953],[153.5159,-28.2972],[153.5146,-28.307],[153.511,-28.3155],[153.5145,-28.3189],[153.5256,-28.3203],[153.5282,-28.3253],[153.5343,-28.3267],[153.5428,-28.325],[153.5609,-28.3151],[153.5722,-28.3178]]]}},{"type":"Feature","properties":{"pc":"2489"},"geometry":{"type":"Polygon","coordinates":[[[153.5634,-28.4167],[153.568,-28.3947],[153.5746,-28.372],[153.5781,-28.3643],[153.5754,-28.3551],[153.5726,-28.3548],[153.5662,-28.3539],[153.5651,-28.3599],[153.5544,-28.3584],[153.5491,-28.3645],[153.5471,-28.3757],[153.5558,-28.3768],[153.5548,-28.3824],[153.5453,-28.3857],[153.5417,-28.4048],[153.5502,-28.4058],[153.5486,-28.4147],[153.5634,-28.4167]]]}},{"type":"Feature","properties":{"pc":"2500"},"geometry":{"type":"Polygon","coordinates":[[[150.8752,-34.4661],[150.8777,-34.4657],[150.8762,-34.4531],[150.8797,-34.444],[150.8874,-34.4417],[150.9004,-34.4425],[150.903,-34.4312],[150.9072,-34.4234],[150.902,-34.4144],[150.9025,-34.405],[150.9059,-34.397],[150.8988,-34.3961],[150.8899,-34.4052],[150.8791,-34.4014],[150.8623,-34.3989],[150.8582,-34.395],[150.8578,-34.3879],[150.8616,-34.3778],[150.8618,-34.3765],[150.8457,-34.3946],[150.8394,-34.4012],[150.8328,-34.402],[150.8361,-34.4142],[150.8476,-34.4134],[150.8576,-34.4187],[150.8613,-34.4254],[150.8601,-34.4304],[150.8683,-34.4343],[150.8603,-34.4467],[150.8589,-34.4536],[150.8701,-34.4653],[150.8752,-34.4661]]]}},{"type":"Feature","properties":{"pc":"2505"},"geometry":{"type":"Polygon","coordinates":[[[150.8978,-34.5007],[150.9092,-34.493],[150.9177,-34.491],[150.9141,-34.4825],[150.9145,-34.4756],[150.904,-34.4736],[150.9,-34.4649],[150.8957,-34.4639],[150.8855,-34.4564],[150.8863,-34.4536],[150.9012,-34.4599],[150.9004,-34.4425],[150.8874,-34.4417],[150.8797,-34.444],[150.8762,-34.4531],[150.8777,-34.4657],[150.8752,-34.4661],[150.8735,-34.4781],[150.8869,-34.4793],[150.8944,-34.4902],[150.8897,-34.4982],[150.8978,-34.5007]]]}},{"type":"Feature","properties":{"pc":"2526"},"geometry":{"type":"Polygon","coordinates":[[[150.8238,-34.4805],[150.837,-34.4692],[150.8521,-34.462],[150.8601,-34.4664],[150.8701,-34.4653],[150.8589,-34.4536],[150.8603,-34.4467],[150.854,-34.4492],[150.8451,-34.4459],[150.8318,-34.4338],[150.8361,-34.4142],[150.8328,-34.402],[150.8394,-34.4012],[150.8457,-34.3946],[150.841,-34.392],[150.8402,-34.3866],[150.8339,-34.3812],[150.8283,-34.3703],[150.8226,-34.363],[150.8149,-34.361],[150.8052,-34.3508],[150.798,-34.3477],[150.795,-34.3411],[150.7826,-34.3345],[150.7718,-34.3241],[150.7591,-34.3216],[150.749,-34.3145],[150.7457,-34.3374],[150.7079,-34.4076],[150.7536,-34.4142],[150.7547,-34.4197],[150.7519,-34.4342],[150.7652,-34.4354],[150.7641,-34.4465],[150.7832,-34.4446],[150.7874,-34.4469],[150.7716,-34.4655],[150.7692,-34.4791],[150.7828,-34.4817],[150.7978,-34.483],[150.8086,-34.4793],[150.8238,-34.4805]]]}},{"type":"Feature","properties":{"pc":"2529"},"geometry":{"type":"Polygon","coordinates":[[[150.8609,-34.6279],[150.856,-34.62],[150.8562,-34.6142],[150.8652,-34.6052],[150.8721,-34.6042],[150.8754,-34.608],[150.8841,-34.6064],[150.8899,-34.5982],[150.8952,-34.6012],[150.9043,-34.5967],[150.8984,-34.5926],[150.8835,-34.5942],[150.8751,-34.5893],[150.8733,-34.58],[150.8687,-34.5727],[150.8688,-34.5665],[150.8564,-34.5703],[150.848,-34.5662],[150.8438,-34.559],[150.8345,-34.5528],[150.8323,-34.5568],[150.815,-34.5576],[150.8068,-34.561],[150.8031,-34.5655],[150.8317,-34.5766],[150.845,-34.5862],[150.8432,-34.5954],[150.8294,-34.6041],[150.8195,-34.6026],[150.8204,-34.5983],[150.8043,-34.5963],[150.8025,-34.6056],[150.805,-34.6115],[150.8027,-34.6183],[150.7946,-34.621],[150.793,-34.6287],[150.7993,-34.6296],[150.797,-34.6413],[150.808,-34.6427],[150.815,-34.6408],[150.8327,-34.6389],[150.8359,-34.6329],[150.8501,-34.6283],[150.8463,-34.6219],[150.8384,-34.6152],[150.8492,-34.6146],[150.8587,-34.6281],[150.8609,-34.6279]]]}},{"type":"Feature","properties":{"pc":"2536"},"geometry":{"type":"Polygon","coordinates":[[[150.2049,-35.8307],[150.2175,-35.8307],[150.2251,-35.8281],[150.2278,-35.8167],[150.2243,-35.8085],[150.231,-35.8041],[150.2305,-35.7942],[150.2367,-35.787],[150.2345,-35.7753],[150.226,-35.7714],[150.2208,-35.7637],[150.2119,-35.76],[150.2121,-35.7525],[150.2168,-35.7457],[150.2044,-35.7319],[150.1992,-35.7296],[150.1985,-35.7191],[150.1798,-35.7087],[150.1823,-35.7047],[150.1931,-35.7054],[150.2023,-35.7008],[150.2103,-35.7023],[150.2089,-35.7108],[150.2288,-35.7025],[150.2377,-35.7048],[150.2415,-35.7095],[150.2484,-35.7103],[150.2621,-35.7211],[150.2777,-35.7193],[150.2768,-35.7111],[150.2803,-35.7044],[150.2862,-35.702],[150.2903,-35.6943],[150.2967,-35.696],[150.2971,-35.6864],[150.3006,-35.6832],[150.3029,-35.6679],[150.2974,-35.663],[150.2963,-35.654],[150.2994,-35.6472],[150.308,-35.6386],[150.3144,-35.6353],[150.3239,-35.6394],[150.3298,-35.6303],[150.3228,-35.6243],[150.3254,-35.6181],[150.3226,-35.6139],[150.3343,-35.6057],[150.3385,-35.6054],[150.3465,-35.5937],[150.3468,-35.5893],[150.3344,-35.5873],[150.3307,-35.5904],[150.3128,-35.5838],[150.3022,-35.5754],[150.2921,-35.565],[150.2871,-35.5576],[150.2708,-35.5556],[150.2625,-35.5581],[150.2557,-35.5677],[150.2518,-35.5666],[150.2345,-35.5542],[150.2242,-35.5455],[150.2202,-35.549],[150.2077,-35.5472],[150.198,-35.5502],[150.1972,-35.5543],[150.181,-35.553],[150.1772,-35.548],[150.1824,-35.5428],[150.1219,-35.5342],[150.1205,-35.5295],[150.1232,-35.5106],[150.1111,-35.5111],[150.11,-35.5074],[150.0982,-35.4972],[150.096,-35.5027],[150.0892,-35.5052],[150.0829,-35.5031],[150.077,-35.4971],[150.0723,-35.4976],[150.0693,-35.5035],[150.0623,-35.5076],[150.0635,-35.5146],[150.0562,-35.5155],[150.0429,-35.5084],[150.0272,-35.5097],[150.0207,-35.5254],[150.0144,-35.5344],[150.0069,-35.5397],[150.006,-35.5444],[150.0114,-35.5519],[150.0233,-35.5542],[150.025,-35.5602],[150.0367,-35.5613],[150.043,-35.566],[150.0387,-35.5746],[150.0347,-35.5748],[150.0266,-35.5668],[150.0113,-35.5594],[150.0028,-35.5508],[149.9914,-35.551],[149.9825,-35.5457],[149.9573,-35.5447],[149.9494,-35.5532],[149.9429,-35.5533],[149.9413,-35.5607],[149.9299,-35.5656],[149.929,-35.5786],[149.9363,-35.5949],[149.9334,-35.6018],[149.9341,-35.6116],[149.9274,-35.6139],[149.9201,-35.6231],[149.9217,-35.6348],[149.9157,-35.638],[149.9084,-35.637],[149.8904,-35.6663],[149.8992,-35.667],[149.908,-35.6826],[149.9096,-35.6926],[149.915,-35.694],[149.9243,-35.7116],[149.9304,-35.715],[149.9321,-35.726],[149.9364,-35.7307],[149.9467,-35.7347],[149.9522,-35.7436],[149.9617,-35.7437],[149.9667,-35.7566],[149.9716,-35.7614],[149.9789,-35.7599],[149.991,-35.7732],[149.9965,-35.7767],[149.9934,-35.7813],[149.9961,-35.7926],[150.005,-35.796],[150.0044,-35.8035],[150.0071,-35.813],[150.0149,-35.8107],[150.0255,-35.814],[150.0329,-35.8133],[150.0364,-35.8202],[150.0353,-35.8251],[150.0496,-35.827],[150.0567,-35.8318],[150.0515,-35.8502],[150.0712,-35.8546],[150.0671,-35.8634],[150.0806,-35.8686],[150.0854,-35.8467],[150.1032,-35.8493],[150.1003,-35.8618],[150.1196,-35.8643],[150.1288,-35.858],[150.1333,-35.8513],[150.1286,-35.8361],[150.1427,-35.8381],[150.1443,-35.8306],[150.1623,-35.8332],[150.1666,-35.8301],[150.1705,-35.8214],[150.1778,-35.8224],[150.1741,-35.813],[150.1752,-35.8082],[150.1822,-35.8094],[150.1821,-35.8165],[150.192,-35.8171],[150.2016,-35.8155],[150.2002,-35.8237],[150.2049,-35.8307]]]}},{"type":"Feature","properties":{"pc":"2541"},"geometry":{"type":"Polygon","coordinates":[[[150.6235,-34.8539],[150.6139,-34.8553],[150.6174,-34.8484],[150.6143,-34.8456],[150.6191,-34.8367],[150.6079,-34.8324],[150.5974,-34.8311],[150.5961,-34.8351],[150.5855,-34.8356],[150.5812,-34.84],[150.5572,-34.8373],[150.5541,-34.8295],[150.5476,-34.8287],[150.5446,-34.8413],[150.5373,-34.8395],[150.5245,-34.8479],[150.5346,-34.8499],[150.5337,-34.8553],[150.5462,-34.8514],[150.5539,-34.8515],[150.5554,-34.8554],[150.5511,-34.8632],[150.5406,-34.8642],[150.542,-34.87],[150.5535,-34.8668],[150.5599,-34.8678],[150.5685,-34.8738],[150.5723,-34.8682],[150.5798,-34.8707],[150.5756,-34.8869],[150.5806,-34.8953],[150.5888,-34.8966],[150.5732,-34.9113],[150.5766,-34.9164],[150.5921,-34.9185],[150.601,-34.918],[150.6038,-34.9245],[150.6143,-34.9214],[150.62,-34.9037],[150.6245,-34.8796],[150.6096,-34.8781],[150.6143,-34.8646],[150.6107,-34.8621],[150.6235,-34.8539]]]}},{"type":"Feature","properties":{"pc":"2550"},"geometry":{"type":"Polygon","coordinates":[[[149.8218,-36.8724],[149.8243,-36.8613],[149.8066,-36.8588],[149.8085,-36.8502],[149.8151,-36.8438],[149.8262,-36.8445],[149.8232,-36.8366],[149.8271,-36.829],[149.833,-36.8298],[149.8356,-36.8226],[149.84,-36.8232],[149.848,-36.8107],[149.8494,-36.8006],[149.8451,-36.8],[149.8463,-36.7921],[149.8413,-36.788],[149.8436,-36.7779],[149.8341,-36.7731],[149.8396,-36.7588],[149.8392,-36.7547],[149.8689,-36.7585],[149.8701,-36.7528],[149.8971,-36.7565],[149.893,-36.7682],[149.8866,-36.7673],[149.8841,-36.7789],[149.8957,-36.7826],[149.8971,-36.7866],[149.8956,-36.7997],[149.9068,-36.8013],[149.9093,-36.7921],[149.9251,-36.7948],[149.9357,-36.7928],[149.9457,-36.7965],[149.9542,-36.7919],[149.968,-36.7857],[149.9792,-36.7646],[149.9824,-36.7525],[149.9828,-36.739],[149.9911,-36.7299],[149.9837,-36.7272],[149.9793,-36.7222],[149.9792,-36.7112],[149.9832,-36.7015],[149.9875,-36.6994],[149.9929,-36.6902],[149.9955,-36.674],[149.9999,-36.665],[150.0123,-36.6458],[150.0222,-36.626],[150.0294,-36.619],[150.0305,-36.6123],[150.0472,-36.586],[150.0543,-36.5842],[150.058,-36.5794],[150.0555,-36.5716],[150.0294,-36.5692],[150.0233,-36.5644],[150.0244,-36.5587],[150.0189,-36.5557],[150.0052,-36.5536],[150.0043,-36.558],[149.9736,-36.5535],[149.9743,-36.544],[149.9555,-36.5411],[149.938,-36.5426],[149.9336,-36.5377],[149.9261,-36.539],[149.9198,-36.5351],[149.9124,-36.5198],[149.9122,-36.5135],[149.92,-36.5018],[149.9134,-36.4955],[149.913,-36.4876],[149.903,-36.4857],[149.905,-36.4763],[149.9021,-36.4697],[149.9124,-36.4687],[149.9164,-36.4656],[149.9274,-36.4644],[149.9401,-36.4671],[149.948,-36.4755],[149.9557,-36.4779],[149.9573,-36.4834],[149.966,-36.4915],[149.9792,-36.4934],[149.9836,-36.4913],[149.999,-36.5001],[150.0102,-36.4909],[150.0158,-36.4898],[150.016,-36.4814],[150.0192,-36.4657],[150.0095,-36.4633],[150.0039,-36.4664],[150.0069,-36.452],[149.9968,-36.449],[149.9967,-36.4384],[150.0035,-36.4351],[150.0038,-36.4219],[150.0133,-36.4179],[150.0186,-36.4063],[150.0291,-36.4038],[150.0318,-36.3906],[150.0218,-36.3867],[150.0158,-36.3803],[150.0102,-36.384],[149.9899,-36.3846],[149.9771,-36.3825],[149.9784,-36.3677],[149.9689,-36.3662],[149.9654,-36.3595],[149.9482,-36.3633],[149.9313,-36.3639],[149.9139,-36.3631],[149.917,-36.3488],[149.9122,-36.3464],[149.9165,-36.3399],[149.9218,-36.3396],[149.9245,-36.3338],[149.9234,-36.3281],[149.9308,-36.3269],[149.9285,-36.3219],[149.9087,-36.3146],[149.8975,-36.3083],[149.8875,-36.3051],[149.8837,-36.295],[149.8823,-36.2857],[149.8754,-36.2852],[149.8638,-36.2761],[149.8615,-36.265],[149.8571,-36.2626],[149.8495,-36.2653],[149.8402,-36.264],[149.831,-36.2506],[149.8297,-36.2417],[149.8203,-36.2352],[149.8152,-36.2261],[149.8201,-36.2137],[149.8169,-36.2101],[149.8051,-36.202],[149.7991,-36.2073],[149.7934,-36.2019],[149.7856,-36.2014],[149.7758,-36.1908],[149.77,-36.195],[149.7608,-36.1965],[149.7586,-36.2086],[149.7614,-36.2123],[149.7597,-36.2199],[149.7547,-36.2204],[149.7536,-36.228],[149.7498,-36.235],[149.7398,-36.2398],[149.7229,-36.2318],[149.7134,-36.2426],[149.7085,-36.2416],[149.6962,-36.245],[149.6968,-36.2495],[149.6866,-36.2572],[149.675,-36.2629],[149.6703,-36.2683],[149.6752,-36.2952],[149.672,-36.3123],[149.6649,-36.3227],[149.6634,-36.3283],[149.6525,-36.3355],[149.6462,-36.3361],[149.6457,-36.3424],[149.6521,-36.3512],[149.6504,-36.3568],[149.6447,-36.36],[149.6393,-36.3673],[149.6275,-36.3718],[149.6187,-36.3564],[149.6194,-36.3518],[149.6008,-36.341],[149.5888,-36.3425],[149.5817,-36.3499],[149.5738,-36.3544],[149.569,-36.3602],[149.5412,-36.3655],[149.5378,-36.3772],[149.5367,-36.3872],[149.5436,-36.3924],[149.5421,-36.3992],[149.5326,-36.4025],[149.5283,-36.4072],[149.5259,-36.4153],[149.5088,-36.4188],[149.503,-36.424],[149.4955,-36.4269],[149.4902,-36.4259],[149.4845,-36.4298],[149.4799,-36.4402],[149.4729,-36.448],[149.4751,-36.45],[149.4691,-36.4622],[149.474,-36.4675],[149.4652,-36.474],[149.4572,-36.4852],[149.4692,-36.4876],[149.4712,-36.5052],[149.4872,-36.5102],[149.4956,-36.5099],[149.4989,-36.5148],[149.508,-36.5134],[149.5087,-36.5079],[149.5267,-36.5127],[149.5222,-36.5449],[149.4661,-36.5375],[149.4648,-36.5463],[149.4607,-36.5566],[149.4518,-36.5636],[149.4505,-36.5691],[149.4396,-36.5761],[149.4382,-36.5814],[149.4201,-36.5773],[149.4126,-36.579],[149.4093,-36.595],[149.4036,-36.5943],[149.4001,-36.6104],[149.4014,-36.6175],[149.3982,-36.6233],[149.4112,-36.631],[149.4142,-36.6383],[149.4099,-36.6424],[149.4153,-36.6512],[149.4255,-36.646],[149.4405,-36.6489],[149.4521,-36.6458],[149.4609,-36.6465],[149.4646,-36.6554],[149.4542,-36.6692],[149.4585,-36.6722],[149.4544,-36.6774],[149.4559,-36.6859],[149.4507,-36.6893],[149.4452,-36.7032],[149.4504,-36.7099],[149.4595,-36.7111],[149.4597,-36.7166],[149.452,-36.7215],[149.4523,-36.7296],[149.4582,-36.7315],[149.4577,-36.7376],[149.4495,-36.7431],[149.4445,-36.7518],[149.4387,-36.7568],[149.4429,-36.7656],[149.4466,-36.768],[149.4379,-36.7735],[149.4416,-36.7803],[149.4505,-36.7797],[149.461,-36.783],[149.4673,-36.7803],[149.4687,-36.7881],[149.4726,-36.7938],[149.4856,-36.7895],[149.4869,-36.7956],[149.4805,-36.8094],[149.4865,-36.8204],[149.5027,-36.8213],[149.5125,-36.8299],[149.5169,-36.8206],[149.5278,-36.8112],[149.5339,-36.8104],[149.5437,-36.8173],[149.5594,-36.8233],[149.5629,-36.8293],[149.5794,-36.8222],[149.5863,-36.8142],[149.5939,-36.8171],[149.5924,-36.8247],[149.6092,-36.8268],[149.6078,-36.8342],[149.6205,-36.8337],[149.6503,-36.8372],[149.6475,-36.8466],[149.6408,-36.8508],[149.6434,-36.8644],[149.6277,-36.8622],[149.6257,-36.8724],[149.6349,-36.8737],[149.6341,-36.8832],[149.617,-36.8809],[149.6164,-36.8835],[149.5943,-36.8805],[149.595,-36.8773],[149.5752,-36.8764],[149.5681,-36.8743],[149.5692,-36.8685],[149.557,-36.8658],[149.5463,-36.8689],[149.544,-36.865],[149.5316,-36.8673],[149.5202,-36.8608],[149.5109,-36.8633],[149.5079,-36.8676],[149.5131,-36.8799],[149.5078,-36.8859],[149.4996,-36.8882],[149.5,-36.9042],[149.4918,-36.9041],[149.4903,-36.8959],[149.4858,-36.889],[149.4747,-36.8899],[149.4699,-36.9019],[149.4595,-36.8948],[149.4567,-36.9098],[149.4726,-36.9114],[149.4769,-36.9181],[149.4774,-36.9277],[149.4736,-36.9456],[149.4613,-36.9455],[149.45,-36.9412],[149.4427,-36.9403],[149.4335,-36.9349],[149.4284,-36.9382],[149.4201,-36.9355],[149.4145,-36.9375],[149.4106,-36.9327],[149.3826,-36.9289],[149.3824,-36.9396],[149.375,-36.9588],[149.3804,-36.9655],[149.3818,-36.9752],[149.3924,-36.978],[149.3976,-36.9927],[149.3943,-37.0006],[149.4021,-37.0021],[149.4093,-36.9997],[149.4171,-37.0003],[149.4169,-37.0093],[149.3979,-37.0206],[149.3988,-37.0252],[149.4012,-37.0958],[149.4134,-37.0988],[149.416,-37.103],[149.425,-37.1011],[149.4299,-37.1094],[149.4356,-37.1107],[149.4336,-37.1204],[149.4595,-37.1236],[149.4757,-37.1237],[149.4742,-37.1309],[149.487,-37.1328],[149.4834,-37.1488],[149.4792,-37.1509],[149.4818,-37.1626],[149.4894,-37.1637],[149.4862,-37.1814],[149.4968,-37.1828],[149.4953,-37.1931],[149.4925,-37.1967],[149.4942,-37.2141],[149.4933,-37.2207],[149.4975,-37.2248],[149.5105,-37.2226],[149.491,-37.3158],[149.5921,-37.3557],[149.6776,-37.389],[149.683,-37.3868],[149.6925,-37.3763],[149.7027,-37.371],[149.6987,-37.3648],[149.6933,-37.3641],[149.6958,-37.3525],[149.6728,-37.3428],[149.6707,-37.3385],[149.6758,-37.3315],[149.6695,-37.324],[149.6624,-37.324],[149.6605,-37.3173],[149.676,-37.3037],[149.6734,-37.2975],[149.679,-37.2939],[149.6798,-37.2851],[149.6727,-37.2739],[149.6778,-37.2633],[149.6878,-37.2534],[149.6849,-37.2517],[149.694,-37.2435],[149.6926,-37.2399],[149.6976,-37.2346],[149.6968,-37.2264],[149.6994,-37.2225],[149.6923,-37.2182],[149.6931,-37.2063],[149.6878,-37.2036],[149.6905,-37.1981],[149.6871,-37.189],[149.6902,-37.1777],[149.6981,-37.1746],[149.7181,-37.1748],[149.7315,-37.1806],[149.7381,-37.1764],[149.7492,-37.1754],[149.7633,-37.1649],[149.7711,-37.155],[149.7952,-37.1586],[149.8018,-37.1434],[149.8033,-37.1357],[149.7957,-37.1284],[149.7766,-37.124],[149.7598,-37.1221],[149.7618,-37.1121],[149.752,-37.1108],[149.7528,-37.1069],[149.7434,-37.1008],[149.7393,-37.1037],[149.7352,-37.095],[149.719,-37.0792],[149.7144,-37.0822],[149.7035,-37.0731],[149.7048,-37.0667],[149.6957,-37.0655],[149.6949,-37.0574],[149.6905,-37.0514],[149.6801,-37.0499],[149.6813,-37.0426],[149.6953,-37.0417],[149.6957,-37.0348],[149.7039,-37.0217],[149.6978,-37.016],[149.6961,-37.0085],[149.6981,-37.0009],[149.7054,-36.9928],[149.6964,-36.9802],[149.6981,-36.9718],[149.7054,-36.9727],[149.7069,-36.9659],[149.716,-36.9579],[149.7098,-36.9516],[149.7169,-36.9434],[149.7166,-36.9403],[149.726,-36.9322],[149.7318,-36.9325],[149.7352,-36.9125],[149.7402,-36.9145],[149.7579,-36.9109],[149.7795,-36.914],[149.7854,-36.8982],[149.7906,-36.902],[149.7991,-36.903],[149.8051,-36.9002],[149.8113,-36.9031],[149.8133,-36.8945],[149.8275,-36.895],[149.8303,-36.8816],[149.8199,-36.8801],[149.8218,-36.8724]]]}},{"type":"Feature","properties":{"pc":"2560"},"geometry":{"type":"Polygon","coordinates":[[[150.8595,-34.181],[150.855,-34.1841],[150.8409,-34.1765],[150.8166,-34.1732],[150.8154,-34.1668],[150.8221,-34.1623],[150.8289,-34.1667],[150.84,-34.1632],[150.8475,-34.1539],[150.8513,-34.146],[150.8486,-34.1431],[150.8496,-34.1315],[150.8529,-34.1275],[150.8508,-34.118],[150.8148,-34.113],[150.8278,-34.1051],[150.8333,-34.0925],[150.8465,-34.0812],[150.8487,-34.0849],[150.8639,-34.0827],[150.8692,-34.0727],[150.8787,-34.0626],[150.8823,-34.0551],[150.8946,-34.0481],[150.8925,-34.0431],[150.881,-34.0432],[150.8663,-34.0472],[150.8424,-34.042],[150.8368,-34.0499],[150.8295,-34.0455],[150.8242,-34.0324],[150.8216,-34.043],[150.8111,-34.0522],[150.7845,-34.0612],[150.7717,-34.0825],[150.774,-34.0856],[150.7729,-34.0958],[150.7769,-34.1017],[150.7744,-34.1071],[150.7621,-34.1069],[150.7561,-34.1206],[150.7559,-34.1248],[150.7501,-34.1323],[150.7552,-34.1361],[150.7563,-34.1413],[150.7498,-34.1521],[150.7547,-34.1618],[150.7519,-34.1638],[150.7471,-34.1701],[150.7472,-34.1809],[150.7424,-34.1831],[150.7312,-34.1793],[150.7221,-34.1898],[150.7235,-34.1956],[150.7218,-34.2031],[150.7245,-34.2098],[150.7324,-34.2165],[150.731,-34.223],[150.7435,-34.229],[150.7397,-34.2322],[150.7323,-34.2445],[150.7309,-34.2511],[150.7256,-34.2595],[150.727,-34.2679],[150.7212,-34.2758],[150.7187,-34.2858],[150.7325,-34.2933],[150.7348,-34.2979],[150.7389,-34.3363],[150.7457,-34.3374],[150.749,-34.3145],[150.7591,-34.3216],[150.7718,-34.3241],[150.7826,-34.3345],[150.795,-34.3411],[150.798,-34.3477],[150.8052,-34.3508],[150.8149,-34.361],[150.8226,-34.363],[150.8283,-34.3703],[150.8339,-34.3812],[150.8402,-34.3866],[150.841,-34.392],[150.8457,-34.3946],[150.8618,-34.3765],[150.8763,-34.3663],[150.8816,-34.3568],[150.8799,-34.3477],[150.8761,-34.3455],[150.881,-34.3353],[150.8768,-34.3288],[150.8786,-34.3245],[150.8885,-34.3207],[150.8971,-34.3119],[150.898,-34.3111],[150.903,-34.305],[150.9242,-34.2905],[150.9284,-34.2797],[150.9279,-34.264],[150.9345,-34.2515],[150.9293,-34.2483],[150.9219,-34.2391],[150.9073,-34.2364],[150.8912,-34.2284],[150.8936,-34.221],[150.8905,-34.2141],[150.8804,-34.2082],[150.8781,-34.2021],[150.8735,-34.1993],[150.8652,-34.2002],[150.8641,-34.193],[150.8575,-34.1925],[150.8595,-34.181]]]}},{"type":"Feature","properties":{"pc":"2564"},"geometry":{"type":"Polygon","coordinates":[[[150.911,-33.979],[150.9032,-33.983],[150.8959,-33.9837],[150.887,-33.9774],[150.871,-33.992],[150.8886,-34.0055],[150.8923,-34.0056],[150.8927,-34.0188],[150.8969,-34.0208],[150.9058,-34.0184],[150.9015,-34.0072],[150.9109,-34.0017],[150.9078,-33.9903],[150.911,-33.979]]]}},{"type":"Feature","properties":{"pc":"2565"},"geometry":{"type":"Polygon","coordinates":[[[150.8745,-33.9669],[150.8653,-33.9717],[150.8499,-33.9773],[150.8413,-33.9562],[150.8265,-33.9628],[150.8204,-33.9752],[150.8152,-33.9679],[150.8095,-33.9759],[150.8055,-33.9892],[150.8103,-33.9921],[150.8206,-33.9876],[150.8325,-34.007],[150.8287,-34.0107],[150.8595,-34.0156],[150.8679,-34.0143],[150.8746,-34.0215],[150.878,-34.0202],[150.8865,-34.0249],[150.8886,-34.0055],[150.871,-33.992],[150.887,-33.9774],[150.8789,-33.9813],[150.8728,-33.9749],[150.8745,-33.9669]]]}},{"type":"Feature","properties":{"pc":"2570"},"geometry":{"type":"Polygon","coordinates":[[[150.6935,-34.1271],[150.699,-34.1213],[150.696,-34.1117],[150.6977,-34.1082],[150.7094,-34.1122],[150.7108,-34.1088],[150.723,-34.1122],[150.7247,-34.1037],[150.7294,-34.0967],[150.7386,-34.0981],[150.7421,-34.0807],[150.7497,-34.0728],[150.7426,-34.0625],[150.7327,-34.0612],[150.7222,-34.0448],[150.724,-34.0396],[150.7196,-34.0346],[150.7213,-34.0303],[150.7111,-34.0197],[150.7094,-34.0149],[150.7167,-34.0135],[150.7333,-34.0147],[150.7413,-34.0134],[150.7464,-34.0177],[150.7612,-34.02],[150.7529,-34.0139],[150.7518,-34.007],[150.7557,-34.0001],[150.7567,-33.9901],[150.7547,-33.9804],[150.7558,-33.9681],[150.7526,-33.9633],[150.7388,-33.9615],[150.7355,-33.9794],[150.7321,-33.9891],[150.7231,-33.9853],[150.6953,-33.9815],[150.6986,-33.9642],[150.6967,-33.9539],[150.7002,-33.9466],[150.6882,-33.945],[150.6832,-33.9468],[150.6655,-33.9478],[150.6571,-33.9533],[150.6551,-33.9572],[150.6438,-33.9598],[150.6326,-33.9534],[150.6258,-33.9596],[150.6215,-33.9596],[150.6129,-33.9582],[150.5991,-33.9652],[150.546,-33.9582],[150.5504,-33.9685],[150.5579,-33.9733],[150.5542,-33.9778],[150.5588,-33.981],[150.5487,-33.9873],[150.5469,-34.0008],[150.541,-34.003],[150.5384,-34.012],[150.5437,-34.0172],[150.5387,-34.0226],[150.5305,-34.0254],[150.5255,-34.0209],[150.5291,-34.0144],[150.5058,-34.0103],[150.5022,-34.015],[150.4946,-34.0131],[150.4787,-34.0231],[150.4666,-34.0248],[150.461,-34.0181],[150.4597,-34.0075],[150.4509,-34.0056],[150.444,-34.0079],[150.431,-34.0054],[150.4312,-34.0094],[150.4236,-34.0168],[150.416,-34.0364],[150.4135,-34.0392],[150.4109,-34.0509],[150.4013,-34.0602],[150.4103,-34.0651],[150.4138,-34.0714],[150.4095,-34.0784],[150.4265,-34.0809],[150.4255,-34.0876],[150.4354,-34.0862],[150.4434,-34.0955],[150.4397,-34.1037],[150.45,-34.1132],[150.4532,-34.1219],[150.4567,-34.1248],[150.4518,-34.1337],[150.4699,-34.141],[150.4891,-34.1345],[150.5023,-34.1364],[150.5008,-34.1437],[150.5105,-34.1489],[150.523,-34.1458],[150.5329,-34.1497],[150.5345,-34.1412],[150.552,-34.1438],[150.5529,-34.139],[150.5674,-34.1409],[150.5808,-34.141],[150.5824,-34.1328],[150.5935,-34.1342],[150.5971,-34.132],[150.6017,-34.1215],[150.6104,-34.1241],[150.6151,-34.1205],[150.6346,-34.1232],[150.6402,-34.1145],[150.6491,-34.1194],[150.6541,-34.114],[150.6692,-34.1162],[150.6777,-34.1215],[150.6738,-34.1285],[150.6862,-34.1302],[150.6935,-34.1271]]]}},{"type":"Feature","properties":{"pc":"2577"},"geometry":{"type":"MultiPolygon","coordinates":[[[[150.6437,-34.5271],[150.6223,-34.5404],[150.6268,-34.5484],[150.6197,-34.5578],[150.6167,-34.5576],[150.6082,-34.5682],[150.5937,-34.5616],[150.5873,-34.5608],[150.586,-34.5679],[150.5778,-34.5668],[150.5757,-34.5773],[150.5626,-34.5787],[150.5485,-34.5714],[150.5305,-34.5742],[150.5198,-34.5635],[150.5013,-34.5517],[150.4935,-34.5525],[150.4943,-34.568],[150.4874,-34.5688],[150.4787,-34.5633],[150.4501,-34.5582],[150.4422,-34.5555],[150.438,-34.5509],[150.4424,-34.5336],[150.4375,-34.5113],[150.4197,-34.5174],[150.4116,-34.516],[150.4035,-34.5283],[150.3962,-34.5342],[150.3909,-34.5327],[150.3893,-34.5241],[150.3935,-34.5032],[150.3814,-34.4976],[150.3751,-34.5008],[150.3697,-34.4951],[150.3702,-34.4872],[150.3738,-34.4819],[150.3712,-34.4785],[150.3726,-34.4704],[150.3761,-34.4661],[150.3732,-34.4613],[150.384,-34.4573],[150.386,-34.4544],[150.3747,-34.453],[150.3579,-34.4466],[150.3603,-34.4306],[150.3214,-34.4256],[150.314,-34.4313],[150.3055,-34.4303],[150.3028,-34.4434],[150.3076,-34.444],[150.3126,-34.4514],[150.2904,-34.4493],[150.2891,-34.4568],[150.2828,-34.4577],[150.2787,-34.4787],[150.2737,-34.4818],[150.2636,-34.4817],[150.2593,-34.4873],[150.2486,-34.4859],[150.2375,-34.4788],[150.2249,-34.4784],[150.2263,-34.4704],[150.2331,-34.4663],[150.2298,-34.4621],[150.2222,-34.4647],[150.2233,-34.4701],[150.2111,-34.4722],[150.2055,-34.468],[150.1966,-34.468],[150.1906,-34.4588],[150.1787,-34.457],[150.1825,-34.449],[150.1746,-34.4473],[150.1691,-34.4404],[150.1721,-34.426],[150.1699,-34.4251],[150.1744,-34.3999],[150.1846,-34.3944],[150.1895,-34.3845],[150.1879,-34.3774],[150.1802,-34.3712],[150.1733,-34.3748],[150.1689,-34.3686],[150.1633,-34.3743],[150.1575,-34.3742],[150.1451,-34.3816],[150.1489,-34.3728],[150.1464,-34.3683],[150.1354,-34.3699],[150.1337,-34.3734],[150.1229,-34.3766],[150.1169,-34.38],[150.1067,-34.3897],[150.1101,-34.4036],[150.1157,-34.4102],[150.1077,-34.4179],[150.1055,-34.4249],[150.0982,-34.4328],[150.088,-34.433],[150.0885,-34.438],[150.0843,-34.4457],[150.0772,-34.4465],[150.0645,-34.4579],[150.0589,-34.4654],[150.0585,-34.4719],[150.0667,-34.4705],[150.0722,-34.4725],[150.0735,-34.479],[150.0675,-34.4839],[150.0718,-34.494],[150.0832,-34.4956],[150.093,-34.5105],[150.0922,-34.5131],[150.0779,-34.5173],[150.0685,-34.5111],[150.0629,-34.5176],[150.0577,-34.5193],[150.0455,-34.5274],[150.05,-34.5362],[150.0585,-34.5394],[150.0651,-34.5456],[150.0712,-34.5432],[150.0799,-34.5461],[150.0829,-34.5544],[150.0895,-34.5529],[150.0949,-34.5576],[150.0924,-34.5615],[150.0939,-34.5739],[150.0846,-34.5754],[150.0829,-34.5823],[150.0873,-34.5864],[150.0976,-34.5799],[150.099,-34.585],[150.0934,-34.5883],[150.0975,-34.5974],[150.0927,-34.6058],[150.0913,-34.6154],[150.0976,-34.6168],[150.0996,-34.6273],[150.094,-34.6297],[150.0871,-34.6367],[150.0784,-34.6396],[150.0788,-34.6456],[150.0883,-34.6536],[150.0941,-34.6508],[150.1066,-34.6518],[150.125,-34.6494],[150.1294,-34.6529],[150.1347,-34.6505],[150.1435,-34.6556],[150.1579,-34.6494],[150.1689,-34.6526],[150.1727,-34.6427],[150.1817,-34.6441],[150.1862,-34.6361],[150.1869,-34.6296],[150.1996,-34.6281],[150.2097,-34.6217],[150.233,-34.6032],[150.2469,-34.5905],[150.2497,-34.5864],[150.2689,-34.5864],[150.2757,-34.5851],[150.2885,-34.5868],[150.2872,-34.5939],[150.3054,-34.6032],[150.3089,-34.598],[150.3283,-34.5968],[150.3355,-34.5913],[150.3442,-34.5951],[150.3377,-34.603],[150.3482,-34.6079],[150.3459,-34.6166],[150.3539,-34.6269],[150.3542,-34.6301],[150.3466,-34.6393],[150.3506,-34.6488],[150.3507,-34.656],[150.3445,-34.6631],[150.3302,-34.669],[150.3269,-34.6745],[150.3168,-34.678],[150.3018,-34.6919],[150.2937,-34.6947],[150.2861,-34.694],[150.2738,-34.6997],[150.2702,-34.7102],[150.2681,-34.7192],[150.2718,-34.7276],[150.2781,-34.7338],[150.2931,-34.7364],[150.3022,-34.7338],[150.3141,-34.7407],[150.3258,-34.7443],[150.3335,-34.7524],[150.3384,-34.7483],[150.3587,-34.7483],[150.3761,-34.7417],[150.3818,-34.7485],[150.3965,-34.7543],[150.3986,-34.746],[150.4032,-34.7455],[150.407,-34.7522],[150.4173,-34.7575],[150.4142,-34.7733],[150.4082,-34.7822],[150.4156,-34.7832],[150.4197,-34.7799],[150.4316,-34.7831],[150.4505,-34.7764],[150.4738,-34.7822],[150.4693,-34.7923],[150.4623,-34.7913],[150.4594,-34.7965],[150.4522,-34.7933],[150.4531,-34.7888],[150.4455,-34.7858],[150.443,-34.797],[150.4312,-34.8049],[150.4238,-34.8057],[150.4223,-34.8127],[150.4164,-34.8136],[150.4121,-34.8287],[150.4138,-34.8368],[150.426,-34.8389],[150.4315,-34.8348],[150.4365,-34.8376],[150.4434,-34.8358],[150.4523,-34.8284],[150.4603,-34.8321],[150.4634,-34.828],[150.4711,-34.8327],[150.4834,-34.8341],[150.4902,-34.8399],[150.4981,-34.8336],[150.499,-34.8272],[150.4909,-34.8193],[150.4897,-34.8121],[150.5035,-34.8035],[150.504,-34.7958],[150.5112,-34.7954],[150.5142,-34.7883],[150.5043,-34.7815],[150.4921,-34.7842],[150.4812,-34.7812],[150.4879,-34.7723],[150.4935,-34.7722],[150.5207,-34.7757],[150.5324,-34.7785],[150.5368,-34.7848],[150.5478,-34.7867],[150.5441,-34.7955],[150.5506,-34.7967],[150.5561,-34.7897],[150.5681,-34.7909],[150.581,-34.7982],[150.5927,-34.7929],[150.6055,-34.7946],[150.6166,-34.7928],[150.6156,-34.7861],[150.6202,-34.7785],[150.6084,-34.7735],[150.6033,-34.7823],[150.5976,-34.7814],[150.5908,-34.7736],[150.5895,-34.766],[150.5934,-34.7471],[150.6014,-34.746],[150.6057,-34.7243],[150.5982,-34.7192],[150.6084,-34.7096],[150.6134,-34.702],[150.6339,-34.6997],[150.6322,-34.6883],[150.645,-34.6844],[150.6486,-34.6775],[150.6584,-34.6452],[150.6668,-34.6464],[150.67,-34.6303],[150.6675,-34.6228],[150.6785,-34.6241],[150.6889,-34.633],[150.7025,-34.6358],[150.7092,-34.6335],[150.718,-34.6247],[150.7249,-34.62],[150.7128,-34.6182],[150.7014,-34.611],[150.6985,-34.6007],[150.6939,-34.6033],[150.6794,-34.6003],[150.6696,-34.5929],[150.6619,-34.5803],[150.6566,-34.5815],[150.6512,-34.577],[150.6523,-34.5721],[150.6609,-34.5702],[150.6695,-34.5732],[150.6795,-34.5729],[150.6858,-34.5694],[150.687,-34.563],[150.6815,-34.5579],[150.6823,-34.5432],[150.6817,-34.543],[150.6789,-34.5481],[150.6806,-34.5533],[150.6711,-34.5527],[150.6664,-34.5487],[150.6493,-34.5456],[150.6363,-34.5461],[150.6351,-34.5432],[150.6437,-34.5271]]],[[[150.7308,-34.7167],[150.7332,-34.7122],[150.7369,-34.697],[150.7449,-34.6957],[150.7519,-34.691],[150.7614,-34.6922],[150.7696,-34.6911],[150.7571,-34.6847],[150.7277,-34.6779],[150.7227,-34.6719],[150.7104,-34.6683],[150.6982,-34.669],[150.6951,-34.6746],[150.6985,-34.692],[150.7126,-34.6892],[150.7195,-34.6902],[150.7171,-34.6957],[150.7031,-34.7042],[150.6978,-34.7099],[150.6987,-34.714],[150.7123,-34.7079],[150.7208,-34.7102],[150.7197,-34.7152],[150.7308,-34.7167]]]]}},{"type":"Feature","properties":{"pc":"2600"},"geometry":{"type":"MultiPolygon","coordinates":[[[[149.1021,-35.3283],[149.1088,-35.3259],[149.1212,-35.3115],[149.1287,-35.3107],[149.1367,-35.3169],[149.1449,-35.3075],[149.1487,-35.3104],[149.1529,-35.3048],[149.1541,-35.2972],[149.1351,-35.2857],[149.1279,-35.286],[149.1266,-35.2943],[149.1209,-35.2981],[149.1074,-35.296],[149.1044,-35.2991],[149.0966,-35.2974],[149.0893,-35.2911],[149.0814,-35.3023],[149.0726,-35.2998],[149.0732,-35.3047],[149.083,-35.313],[149.092,-35.3129],[149.0873,-35.3265],[149.1021,-35.3283]]],[[[149.1935,-35.3647],[149.2045,-35.3477],[149.2005,-35.3414],[149.1906,-35.3397],[149.1863,-35.3445],[149.1864,-35.3522],[149.1828,-35.3543],[149.1662,-35.3564],[149.1674,-35.3656],[149.1851,-35.3708],[149.1908,-35.3688],[149.1935,-35.3647]]]]}},{"type":"Feature","properties":{"pc":"2601"},"geometry":{"type":"Polygon","coordinates":[[[149.0726,-35.2998],[149.0814,-35.3023],[149.0893,-35.2911],[149.0966,-35.2974],[149.1044,-35.2991],[149.1074,-35.296],[149.1209,-35.2981],[149.1266,-35.2943],[149.1279,-35.286],[149.1351,-35.2857],[149.1375,-35.2826],[149.1332,-35.2761],[149.1251,-35.2752],[149.1132,-35.2689],[149.1085,-35.261],[149.0974,-35.2604],[149.0893,-35.257],[149.086,-35.2647],[149.0883,-35.2719],[149.0843,-35.2873],[149.0792,-35.2902],[149.0726,-35.2998]]]}},{"type":"Feature","properties":{"pc":"2602"},"geometry":{"type":"Polygon","coordinates":[[[149.1251,-35.2314],[149.1202,-35.2332],[149.114,-35.2437],[149.0974,-35.2604],[149.1085,-35.261],[149.1132,-35.2689],[149.1303,-35.2614],[149.136,-35.2631],[149.1436,-35.2762],[149.1514,-35.2716],[149.1523,-35.2672],[149.1592,-35.2601],[149.1656,-35.2583],[149.1699,-35.2527],[149.1705,-35.2418],[149.1688,-35.235],[149.1724,-35.2225],[149.1581,-35.2268],[149.1513,-35.231],[149.1439,-35.2258],[149.1251,-35.2314]]]}},{"type":"Feature","properties":{"pc":"2603"},"geometry":{"type":"Polygon","coordinates":[[[149.152,-35.3212],[149.1465,-35.3214],[149.1367,-35.3169],[149.1287,-35.3107],[149.1212,-35.3115],[149.1088,-35.3259],[149.1021,-35.3283],[149.1161,-35.3369],[149.1244,-35.3479],[149.1388,-35.3444],[149.1352,-35.3335],[149.1519,-35.3245],[149.152,-35.3212]]]}},{"type":"Feature","properties":{"pc":"2604"},"geometry":{"type":"MultiPolygon","coordinates":[[[[149.1388,-35.3444],[149.1476,-35.3452],[149.163,-35.3408],[149.1616,-35.3303],[149.1519,-35.3245],[149.1352,-35.3335],[149.1388,-35.3444]]],[[[149.1487,-35.3104],[149.1449,-35.3075],[149.1367,-35.3169],[149.1465,-35.3214],[149.152,-35.3212],[149.1544,-35.3129],[149.1487,-35.3104]]]]}},{"type":"Feature","properties":{"pc":"2605"},"geometry":{"type":"Polygon","coordinates":[[[149.1244,-35.3479],[149.1161,-35.3369],[149.1021,-35.3283],[149.0873,-35.3265],[149.092,-35.3129],[149.083,-35.313],[149.0629,-35.3204],[149.0637,-35.3335],[149.0725,-35.3314],[149.079,-35.3372],[149.0887,-35.3369],[149.0986,-35.3438],[149.1005,-35.3507],[149.1143,-35.3451],[149.1244,-35.3479]]]}},{"type":"Feature","properties":{"pc":"2606"},"geometry":{"type":"Polygon","coordinates":[[[149.1244,-35.3479],[149.1143,-35.3451],[149.1005,-35.3507],[149.0986,-35.3438],[149.0887,-35.3369],[149.079,-35.3372],[149.0725,-35.3314],[149.0637,-35.3335],[149.0698,-35.3495],[149.0689,-35.359],[149.073,-35.3601],[149.0865,-35.3557],[149.0923,-35.3572],[149.1006,-35.3549],[149.1054,-35.3623],[149.1124,-35.3547],[149.119,-35.3595],[149.1274,-35.3518],[149.1244,-35.3479]]]}},{"type":"Feature","properties":{"pc":"2607"},"geometry":{"type":"Polygon","coordinates":[[[149.119,-35.3595],[149.1124,-35.3547],[149.1054,-35.3623],[149.1006,-35.3549],[149.0923,-35.3572],[149.0865,-35.3557],[149.073,-35.3601],[149.0817,-35.372],[149.0816,-35.3779],[149.0968,-35.3776],[149.1055,-35.3842],[149.1185,-35.3821],[149.1252,-35.3805],[149.119,-35.3595]]]}},{"type":"Feature","properties":{"pc":"2611"},"geometry":{"type":"Polygon","coordinates":[[[149.0142,-35.3881],[149.0345,-35.3753],[149.0331,-35.3608],[149.0514,-35.366],[149.0633,-35.3664],[149.0689,-35.359],[149.0698,-35.3495],[149.0637,-35.3335],[149.0629,-35.3204],[149.083,-35.313],[149.0732,-35.3047],[149.0726,-35.2998],[149.0792,-35.2902],[149.0843,-35.2873],[149.0883,-35.2719],[149.086,-35.2647],[149.0812,-35.2636],[149.0659,-35.2669],[149.0544,-35.2572],[149.0347,-35.2542],[149.0272,-35.2473],[149.0285,-35.242],[149.022,-35.2348],[149.0071,-35.2297],[149.0027,-35.2301],[148.9977,-35.2371],[148.9881,-35.2434],[148.9822,-35.2441],[148.9687,-35.2311],[148.9617,-35.2183],[148.946,-35.2077],[148.9426,-35.2016],[148.9292,-35.1984],[148.921,-35.2019],[148.9095,-35.1991],[148.9039,-35.203],[148.8976,-35.1997],[148.8883,-35.1997],[148.8386,-35.1926],[148.8331,-35.1908],[148.8279,-35.182],[148.8302,-35.1775],[148.7679,-35.1683],[148.7652,-35.1717],[148.7705,-35.1874],[148.7559,-35.2582],[148.7307,-35.2549],[148.7255,-35.2436],[148.7168,-35.2389],[148.712,-35.2323],[148.7058,-35.217],[148.7007,-35.2153],[148.6991,-35.2063],[148.6887,-35.1975],[148.683,-35.1963],[148.68,-35.2013],[148.6712,-35.2038],[148.6747,-35.2102],[148.6722,-35.2184],[148.6747,-35.2222],[148.6666,-35.2269],[148.6521,-35.2248],[148.643,-35.2383],[148.6439,-35.2442],[148.636,-35.2476],[148.6166,-35.2449],[148.6158,-35.249],[148.5444,-35.2394],[148.5343,-35.2453],[148.5343,-35.2516],[148.5182,-35.2617],[148.5204,-35.2688],[148.516,-35.2779],[148.5066,-35.2805],[148.5039,-35.2901],[148.5081,-35.2951],[148.5061,-35.3021],[148.5136,-35.3121],[148.5093,-35.3192],[148.5094,-35.3242],[148.5021,-35.3305],[148.4975,-35.3405],[148.5016,-35.3499],[148.5016,-35.3558],[148.5093,-35.3543],[148.5185,-35.3486],[148.5275,-35.3498],[148.5343,-35.3471],[148.5395,-35.3486],[148.5517,-35.3451],[148.5616,-35.3308],[148.5702,-35.328],[148.5737,-35.324],[148.585,-35.3173],[148.5923,-35.3197],[148.5915,-35.3245],[148.602,-35.3301],[148.6114,-35.332],[148.6234,-35.3396],[148.6285,-35.3531],[148.6277,-35.3615],[148.6214,-35.3649],[148.6244,-35.3707],[148.6208,-35.3806],[148.6143,-35.3828],[148.6171,-35.3966],[148.6147,-35.4025],[148.6064,-35.4052],[148.6021,-35.4106],[148.6049,-35.4202],[148.6032,-35.4291],[148.6139,-35.4328],[148.6084,-35.4401],[148.6172,-35.4551],[148.6078,-35.4655],[148.6076,-35.4695],[148.6154,-35.4746],[148.6096,-35.4788],[148.6084,-35.4881],[148.6154,-35.4968],[148.6077,-35.5117],[148.6123,-35.5144],[148.6157,-35.527],[148.6262,-35.5289],[148.6264,-35.5337],[148.6152,-35.5401],[148.6123,-35.5494],[148.6077,-35.5527],[148.6063,-35.5649],[148.6083,-35.5678],[148.6108,-35.572],[148.6096,-35.5788],[148.6039,-35.5862],[148.6166,-35.6017],[148.6192,-35.6107],[148.6127,-35.6239],[148.6242,-35.6389],[148.6299,-35.6391],[148.6338,-35.6456],[148.6447,-35.6527],[148.6494,-35.6533],[148.668,-35.6605],[148.6777,-35.6564],[148.6984,-35.6602],[148.7062,-35.665],[148.72,-35.6674],[148.7308,-35.6767],[148.7359,-35.6781],[148.7409,-35.6842],[148.7535,-35.6878],[148.7576,-35.6991],[148.7666,-35.7028],[148.782,-35.7366],[148.794,-35.7241],[148.8019,-35.7228],[148.8042,-35.714],[148.7963,-35.7093],[148.7884,-35.6978],[148.7914,-35.6896],[148.7966,-35.6826],[148.7985,-35.667],[148.7906,-35.6593],[148.7817,-35.6558],[148.7735,-35.6555],[148.7709,-35.64],[148.7804,-35.633],[148.7874,-35.6362],[148.7971,-35.636],[148.8055,-35.64],[148.8088,-35.6382],[148.8191,-35.6423],[148.8276,-35.639],[148.8253,-35.6347],[148.824,-35.6232],[148.8267,-35.6176],[148.8356,-35.6163],[148.84,-35.6107],[148.8522,-35.6139],[148.8656,-35.6086],[148.8665,-35.6051],[148.876,-35.5971],[148.872,-35.5907],[148.8763,-35.5815],[148.8694,-35.5759],[148.8682,-35.5669],[148.8745,-35.5518],[148.8835,-35.5447],[148.8974,-35.5383],[148.9,-35.5329],[148.9125,-35.5269],[148.9041,-35.5177],[148.8858,-35.523],[148.8825,-35.5217],[148.882,-35.508],[148.8738,-35.5051],[148.8729,-35.4901],[148.8774,-35.4816],[148.8697,-35.4737],[148.8722,-35.4612],[148.8693,-35.4548],[148.8721,-35.449],[148.8691,-35.4442],[148.8809,-35.4384],[148.8838,-35.4328],[148.8896,-35.4319],[148.8952,-35.4209],[148.8954,-35.4135],[148.9022,-35.4091],[148.9039,-35.3991],[148.9022,-35.3881],[148.9115,-35.3814],[148.9119,-35.378],[148.9259,-35.3751],[148.9203,-35.3617],[148.9213,-35.3563],[148.9283,-35.3471],[148.9306,-35.3342],[148.9434,-35.3263],[148.9512,-35.3266],[148.9586,-35.3371],[148.9604,-35.3433],[148.9762,-35.3491],[148.9763,-35.3568],[148.9832,-35.3751],[148.9967,-35.3716],[149.0077,-35.3739],[149.0142,-35.3881]]]}},{"type":"Feature","properties":{"pc":"2612"},"geometry":{"type":"Polygon","coordinates":[[[149.1132,-35.2689],[149.1251,-35.2752],[149.1332,-35.2761],[149.1375,-35.2826],[149.1351,-35.2857],[149.1541,-35.2972],[149.1529,-35.3048],[149.1587,-35.3022],[149.1684,-35.3056],[149.1776,-35.2992],[149.1672,-35.2879],[149.1598,-35.2842],[149.1516,-35.2756],[149.1514,-35.2716],[149.1436,-35.2762],[149.136,-35.2631],[149.1303,-35.2614],[149.1132,-35.2689]]]}},{"type":"Feature","properties":{"pc":"2614"},"geometry":{"type":"Polygon","coordinates":[[[149.0579,-35.2359],[149.0473,-35.2308],[149.0349,-35.2279],[149.0332,-35.2358],[149.0285,-35.242],[149.0272,-35.2473],[149.0347,-35.2542],[149.0544,-35.2572],[149.0659,-35.2669],[149.0812,-35.2636],[149.086,-35.2647],[149.0893,-35.257],[149.0834,-35.2531],[149.0563,-35.2438],[149.0579,-35.2359]]]}},{"type":"Feature","properties":{"pc":"2615"},"geometry":{"type":"Polygon","coordinates":[[[149.0579,-35.2359],[149.0624,-35.2217],[149.0541,-35.22],[149.0631,-35.2083],[149.0689,-35.2058],[149.0737,-35.1999],[149.0675,-35.1936],[149.0585,-35.1901],[149.0426,-35.1865],[149.0372,-35.1826],[149.0328,-35.1846],[149.0178,-35.1853],[149.0071,-35.1916],[149.0075,-35.1982],[148.9968,-35.2052],[148.9991,-35.2212],[148.9937,-35.2216],[148.9829,-35.2058],[148.9617,-35.2183],[148.9687,-35.2311],[148.9822,-35.2441],[148.9881,-35.2434],[148.9977,-35.2371],[149.0027,-35.2301],[149.0071,-35.2297],[149.022,-35.2348],[149.0285,-35.242],[149.0332,-35.2358],[149.0349,-35.2279],[149.0473,-35.2308],[149.0579,-35.2359]]]}},{"type":"Feature","properties":{"pc":"2617"},"geometry":{"type":"Polygon","coordinates":[[[149.0974,-35.2604],[149.114,-35.2437],[149.1202,-35.2332],[149.1251,-35.2314],[149.1226,-35.2257],[149.12,-35.2209],[149.11,-35.2105],[149.0949,-35.2011],[149.0791,-35.1886],[149.0756,-35.184],[149.0623,-35.1741],[149.0461,-35.1687],[149.0178,-35.1853],[149.0328,-35.1846],[149.0372,-35.1826],[149.0426,-35.1865],[149.0585,-35.1901],[149.0675,-35.1936],[149.0737,-35.1999],[149.0689,-35.2058],[149.0631,-35.2083],[149.0541,-35.22],[149.0624,-35.2217],[149.0579,-35.2359],[149.0563,-35.2438],[149.0834,-35.2531],[149.0893,-35.257],[149.0974,-35.2604]]]}},{"type":"Feature","properties":{"pc":"2640"},"geometry":{"type":"MultiPolygon","coordinates":[[[[146.9141,-36.0066],[146.9151,-36.011],[146.9285,-36.0191],[146.9344,-36.0198],[146.9403,-36.0146],[146.9781,-36.0194],[146.9794,-36.023],[146.9701,-36.0409],[146.9608,-36.0499],[146.9595,-36.0559],[146.9177,-36.0505],[146.9196,-36.0418],[146.9086,-36.0404],[146.9041,-36.0421],[146.8855,-36.0405],[146.8719,-36.0462],[146.8763,-36.0245],[146.8736,-36.018],[146.8601,-36.0162],[146.8591,-36.0209],[146.8453,-36.0246],[146.8462,-36.02],[146.8384,-36.0191],[146.8348,-36.0156],[146.8371,-36.0034],[146.8302,-35.9996],[146.8209,-35.9978],[146.8245,-35.98],[146.8171,-35.9788],[146.8244,-35.9629],[146.8148,-35.9599],[146.8028,-35.9389],[146.794,-35.9353],[146.7988,-35.928],[146.8014,-35.9139],[146.7996,-35.9079],[146.787,-35.9063],[146.7879,-35.9017],[146.7735,-35.8998],[146.7766,-35.8833],[146.7595,-35.8823],[146.7608,-35.8754],[146.7533,-35.8744],[146.7481,-35.8786],[146.7262,-35.8758],[146.7193,-35.8726],[146.7178,-35.8798],[146.7091,-35.8787],[146.7102,-35.8737],[146.6992,-35.8723],[146.6902,-35.8914],[146.6748,-35.8895],[146.6728,-35.8865],[146.6632,-35.8852],[146.6619,-35.8915],[146.6747,-35.8947],[146.6706,-35.9088],[146.6701,-35.9171],[146.6572,-35.9154],[146.6538,-35.93],[146.6671,-35.9317],[146.6654,-35.9361],[146.676,-35.9405],[146.6763,-35.9321],[146.6888,-35.9372],[146.6871,-35.9487],[146.7058,-35.9513],[146.704,-35.9619],[146.7109,-35.9628],[146.708,-35.9775],[146.7105,-35.9813],[146.7078,-35.9957],[146.7046,-35.9953],[146.6981,-36.0253],[146.7017,-36.0297],[146.7083,-36.0308],[146.7166,-36.0265],[146.7287,-36.0298],[146.7324,-36.031],[146.7305,-36.0446],[146.7391,-36.0455],[146.7506,-36.0506],[146.747,-36.0585],[146.7504,-36.0614],[146.7602,-36.0582],[146.7716,-36.0581],[146.7769,-36.06],[146.7878,-36.0593],[146.787,-36.0643],[146.798,-36.0643],[146.7957,-36.0574],[146.8042,-36.0583],[146.8145,-36.0639],[146.8128,-36.0672],[146.8167,-36.0746],[146.8273,-36.0781],[146.8223,-36.0824],[146.8258,-36.0888],[146.8341,-36.086],[146.8364,-36.0822],[146.8487,-36.0866],[146.86,-36.0835],[146.86,-36.0793],[146.873,-36.0737],[146.8768,-36.0829],[146.8812,-36.0874],[146.8904,-36.088],[146.9019,-36.083],[146.9087,-36.0995],[146.9062,-36.1067],[146.9135,-36.1128],[146.9181,-36.1079],[146.9245,-36.1033],[146.9332,-36.1108],[146.9457,-36.1155],[146.9524,-36.1109],[146.9493,-36.1068],[146.9517,-36.1004],[146.9506,-36.0945],[146.9589,-36.0852],[146.9726,-36.0821],[146.9784,-36.0927],[146.9842,-36.0939],[146.989,-36.0871],[147.0151,-36.0888],[147.0167,-36.0797],[147.0201,-36.0735],[147.0322,-36.0798],[147.0517,-36.0816],[147.0575,-36.0867],[147.063,-36.0825],[147.0595,-36.074],[147.0615,-36.0667],[147.0683,-36.0606],[147.0745,-36.0641],[147.0851,-36.0525],[147.0955,-36.0527],[147.1003,-36.0358],[147.0972,-36.0226],[147.1047,-36.0187],[147.1104,-36.0091],[147.1163,-36.0076],[147.1136,-36.0006],[147.1215,-35.9996],[147.1225,-35.9949],[147.1251,-35.9951],[147.1136,-35.9939],[147.1058,-36.0008],[147.0983,-35.9992],[147.0854,-35.9877],[147.0873,-35.9731],[147.0661,-35.9704],[147.0708,-35.9453],[147.0841,-35.9372],[147.0804,-35.9328],[147.0986,-35.9215],[147.097,-35.9143],[147.1029,-35.9088],[147.1078,-35.8913],[147.1136,-35.8883],[147.1188,-35.8777],[147.1166,-35.8712],[147.119,-35.8674],[147.1111,-35.8551],[147.1047,-35.8546],[147.0987,-35.8457],[147.089,-35.837],[147.0803,-35.8346],[147.0734,-35.8337],[147.0716,-35.8429],[147.0748,-35.8496],[147.0688,-35.8645],[147.0711,-35.8671],[147.0651,-35.8751],[147.0622,-35.8842],[147.0547,-35.8834],[147.052,-35.8961],[147.0425,-35.8968],[147.0405,-35.9073],[146.9946,-35.9016],[146.9838,-35.9023],[146.9825,-35.9088],[146.9707,-35.9073],[146.9664,-35.9218],[146.9624,-35.9406],[146.9455,-35.9383],[146.9379,-35.9486],[146.9342,-35.9642],[146.947,-35.9754],[146.9446,-35.9936],[146.9298,-35.9911],[146.9247,-35.9938],[146.9194,-36.003],[146.9141,-36.0066]]],[[[147.5942,-35.9102],[147.5854,-35.9069],[147.5864,-35.9018],[147.5287,-35.8947],[147.5316,-35.8788],[147.5159,-35.8761],[147.5147,-35.8828],[147.495,-35.8805],[147.4926,-35.8949],[147.4792,-35.8991],[147.4637,-35.8972],[147.4645,-35.8927],[147.4174,-35.8871],[147.4199,-35.8728],[147.4019,-35.8706],[147.4069,-35.8627],[147.3972,-35.8631],[147.378,-35.8601],[147.3618,-35.8757],[147.3632,-35.884],[147.3551,-35.8897],[147.3475,-35.898],[147.3349,-35.8984],[147.3192,-35.9046],[147.314,-35.905],[147.3112,-35.9137],[147.3073,-35.9146],[147.3048,-35.9267],[147.3068,-35.9434],[147.2936,-35.9383],[147.2863,-35.9303],[147.2727,-35.9305],[147.2663,-35.9269],[147.249,-35.9245],[147.2448,-35.9413],[147.2384,-35.9404],[147.237,-35.9473],[147.2286,-35.9507],[147.2253,-35.9547],[147.2187,-35.9538],[147.2184,-35.96],[147.231,-35.9607],[147.2355,-35.9691],[147.2293,-35.9735],[147.2273,-35.9841],[147.224,-35.9838],[147.2212,-35.998],[147.2165,-36.006],[147.2083,-36.0089],[147.197,-36.0074],[147.1929,-36.0282],[147.1971,-36.029],[147.1944,-36.0429],[147.187,-36.0415],[147.1955,-36.0439],[147.2043,-36.0499],[147.2151,-36.0467],[147.2261,-36.0478],[147.2317,-36.0426],[147.239,-36.0432],[147.2422,-36.0385],[147.2491,-36.0411],[147.2636,-36.0393],[147.2803,-36.0431],[147.2857,-36.0396],[147.3003,-36.0453],[147.3067,-36.0572],[147.311,-36.0611],[147.318,-36.0603],[147.3279,-36.055],[147.3316,-36.0478],[147.3439,-36.0421],[147.3522,-36.0323],[147.3461,-36.0242],[147.3488,-36.0131],[147.355,-36.0101],[147.3533,-36.0004],[147.3608,-35.989],[147.3664,-35.9865],[147.3761,-35.9763],[147.3837,-35.9723],[147.3916,-35.9739],[147.3927,-35.954],[147.3954,-35.9491],[147.4043,-35.9435],[147.4084,-35.9482],[147.4156,-35.947],[147.431,-35.953],[147.4435,-35.9558],[147.4481,-35.9603],[147.4562,-35.9578],[147.4544,-35.9516],[147.4641,-35.9441],[147.479,-35.9427],[147.4813,-35.949],[147.4888,-35.9486],[147.4914,-35.9441],[147.4986,-35.9466],[147.5052,-35.9526],[147.5124,-35.9623],[147.5167,-35.9588],[147.5235,-35.9614],[147.5152,-35.976],[147.5259,-35.9862],[147.5376,-35.994],[147.5458,-35.997],[147.5488,-36.0033],[147.5553,-36.0032],[147.5693,-35.9913],[147.5839,-35.9857],[147.5803,-35.9777],[147.5652,-35.9785],[147.5594,-35.9726],[147.5482,-35.9788],[147.5476,-35.9746],[147.5528,-35.9668],[147.5664,-35.9699],[147.5749,-35.9751],[147.5823,-35.9678],[147.5941,-35.9698],[147.6007,-35.9791],[147.6165,-35.9707],[147.6184,-35.9612],[147.611,-35.9601],[147.603,-35.9496],[147.5976,-35.949],[147.5937,-35.9399],[147.5997,-35.9334],[147.5931,-35.9283],[147.5948,-35.9196],[147.5942,-35.9102]]],[[[147.9001,-35.9929],[147.9031,-35.9771],[147.9152,-35.9733],[147.9141,-35.9674],[147.9161,-35.9585],[147.922,-35.9557],[147.9308,-35.9462],[147.9239,-35.9373],[147.9053,-35.9206],[147.8983,-35.9194],[147.897,-35.9133],[147.8877,-35.9102],[147.8782,-35.9122],[147.8726,-35.9084],[147.8626,-35.9036],[147.8448,-35.9006],[147.8182,-35.8924],[147.8125,-35.8941],[147.7865,-35.8899],[147.7789,-35.91],[147.7826,-35.9156],[147.7801,-35.9285],[147.786,-35.9293],[147.7844,-35.9388],[147.7783,-35.938],[147.7736,-35.9599],[147.768,-35.9611],[147.777,-35.9686],[147.7832,-35.9657],[147.7882,-35.9672],[147.7964,-35.9638],[147.8112,-35.9673],[147.8159,-35.9727],[147.8175,-35.9797],[147.8321,-35.9801],[147.8411,-35.984],[147.8509,-35.9816],[147.8494,-35.9896],[147.8615,-35.9881],[147.8727,-35.991],[147.8847,-35.9988],[147.8946,-35.9988],[147.9001,-35.9929]]]]}},{"type":"Feature","properties":{"pc":"2650"},"geometry":{"type":"MultiPolygon","coordinates":[[[[147.1551,-35.5694],[147.1543,-35.5736],[147.1634,-35.5747],[147.1626,-35.5785],[147.1771,-35.5804],[147.175,-35.5912],[147.1988,-35.5943],[147.1964,-35.6027],[147.2008,-35.6059],[147.1998,-35.611],[147.2206,-35.6137],[147.2245,-35.6203],[147.2173,-35.6584],[147.2216,-35.659],[147.2299,-35.6559],[147.2288,-35.6522],[147.2389,-35.6493],[147.2473,-35.6502],[147.258,-35.6443],[147.266,-35.6453],[147.2763,-35.6316],[147.2803,-35.6316],[147.285,-35.6247],[147.2805,-35.6169],[147.2806,-35.6032],[147.2752,-35.6009],[147.2847,-35.592],[147.2796,-35.5841],[147.2812,-35.578],[147.2933,-35.5795],[147.2952,-35.5699],[147.2997,-35.5663],[147.302,-35.5538],[147.3256,-35.5557],[147.3261,-35.5535],[147.3425,-35.5557],[147.3466,-35.5352],[147.3344,-35.5347],[147.3357,-35.5312],[147.3474,-35.5157],[147.338,-35.5144],[147.3388,-35.5097],[147.3638,-35.5139],[147.3714,-35.5188],[147.384,-35.5298],[147.3879,-35.5379],[147.3823,-35.5508],[147.385,-35.5592],[147.3915,-35.5636],[147.3952,-35.5549],[147.4025,-35.5491],[147.4043,-35.5444],[147.412,-35.5405],[147.4194,-35.5335],[147.4301,-35.5371],[147.4382,-35.5374],[147.4446,-35.5301],[147.4563,-35.5309],[147.4675,-35.5392],[147.481,-35.5451],[147.4884,-35.5408],[147.4953,-35.53],[147.5005,-35.5285],[147.5017,-35.5221],[147.4982,-35.5138],[147.5002,-35.5087],[147.5062,-35.5064],[147.5182,-35.497],[147.5148,-35.4886],[147.5204,-35.4829],[147.5251,-35.4834],[147.5354,-35.4917],[147.5533,-35.4986],[147.5565,-35.5056],[147.569,-35.512],[147.5692,-35.5158],[147.5813,-35.5155],[147.5886,-35.5243],[147.6002,-35.5288],[147.6078,-35.5396],[147.6318,-35.5471],[147.6387,-35.5455],[147.6364,-35.5623],[147.6411,-35.5621],[147.6461,-35.5709],[147.6411,-35.5731],[147.6374,-35.5823],[147.6439,-35.5876],[147.6449,-35.596],[147.6416,-35.6016],[147.6465,-35.6052],[147.6401,-35.6153],[147.6437,-35.6228],[147.6388,-35.6319],[147.6431,-35.6348],[147.6406,-35.6408],[147.6448,-35.6472],[147.6421,-35.6535],[147.6433,-35.6623],[147.65,-35.6679],[147.6523,-35.6749],[147.6675,-35.6833],[147.6706,-35.6904],[147.6804,-35.6849],[147.6859,-35.6874],[147.6938,-35.685],[147.7071,-35.6757],[147.7189,-35.6722],[147.7326,-35.6749],[147.7428,-35.6719],[147.7919,-35.6763],[147.8017,-35.678],[147.8084,-35.675],[147.8109,-35.6644],[147.8046,-35.6636],[147.8126,-35.6285],[147.7936,-35.6258],[147.7966,-35.6114],[147.7888,-35.599],[147.7782,-35.5876],[147.7835,-35.5869],[147.7825,-35.5754],[147.7758,-35.5745],[147.7784,-35.5613],[147.7744,-35.5528],[147.7673,-35.5543],[147.7535,-35.5433],[147.7557,-35.5334],[147.7369,-35.531],[147.7414,-35.5376],[147.7383,-35.5411],[147.6856,-35.5342],[147.6812,-35.5567],[147.6687,-35.5471],[147.6611,-35.5447],[147.6691,-35.5333],[147.6674,-35.5209],[147.6579,-35.5135],[147.6635,-35.5091],[147.6645,-35.4965],[147.6732,-35.4921],[147.6771,-35.4843],[147.6815,-35.4816],[147.6839,-35.4698],[147.6939,-35.4636],[147.6965,-35.4574],[147.6662,-35.4532],[147.6698,-35.435],[147.6777,-35.4332],[147.6791,-35.4259],[147.688,-35.4271],[147.6925,-35.4035],[147.7007,-35.4058],[147.7034,-35.3916],[147.7067,-35.3893],[147.7002,-35.3823],[147.6933,-35.3712],[147.6709,-35.3687],[147.6626,-35.3693],[147.6472,-35.3809],[147.6356,-35.3824],[147.6104,-35.3837],[147.6123,-35.3739],[147.621,-35.3611],[147.6206,-35.3484],[147.6151,-35.3477],[147.6137,-35.3546],[147.5986,-35.3527],[147.6001,-35.3444],[147.5915,-35.3433],[147.5912,-35.3323],[147.5973,-35.3018],[147.5967,-35.2944],[147.5895,-35.285],[147.5743,-35.2814],[147.5789,-35.2664],[147.5524,-35.2629],[147.5527,-35.2542],[147.5581,-35.2386],[147.5488,-35.2419],[147.5452,-35.2339],[147.5394,-35.2306],[147.5307,-35.2351],[147.5193,-35.237],[147.5168,-35.2353],[147.5052,-35.2379],[147.5007,-35.2292],[147.5067,-35.2203],[147.5071,-35.2151],[147.4887,-35.2114],[147.4892,-35.217],[147.4766,-35.2154],[147.4754,-35.2212],[147.4588,-35.2191],[147.4543,-35.2125],[147.4557,-35.2049],[147.4628,-35.2058],[147.4597,-35.1979],[147.4615,-35.188],[147.4495,-35.1863],[147.4512,-35.1768],[147.4248,-35.1735],[147.4226,-35.1708],[147.4263,-35.1611],[147.4274,-35.1554],[147.4151,-35.1538],[147.4219,-35.1174],[147.4296,-35.1024],[147.4408,-35.1028],[147.4474,-35.1117],[147.4534,-35.1102],[147.4513,-35.0983],[147.4584,-35.0972],[147.4617,-35.1029],[147.4726,-35.1118],[147.4814,-35.1149],[147.4834,-35.1274],[147.4815,-35.1332],[147.4868,-35.1411],[147.5021,-35.1499],[147.5095,-35.1614],[147.495,-35.1577],[147.4929,-35.1686],[147.4886,-35.1792],[147.5115,-35.1821],[147.5118,-35.1863],[147.5255,-35.1881],[147.525,-35.1912],[147.5459,-35.1938],[147.552,-35.1818],[147.5686,-35.1839],[147.5666,-35.1942],[147.5696,-35.2008],[147.5959,-35.2041],[147.5979,-35.1934],[147.6182,-35.1948],[147.636,-35.1972],[147.6391,-35.1903],[147.6537,-35.1946],[147.6551,-35.1967],[147.6789,-35.1953],[147.6766,-35.1888],[147.7013,-35.1921],[147.7013,-35.1806],[147.7116,-35.1805],[147.7108,-35.1848],[147.7195,-35.186],[147.7209,-35.1909],[147.752,-35.1943],[147.7573,-35.2037],[147.764,-35.2105],[147.7788,-35.2176],[147.7805,-35.2091],[147.7897,-35.2065],[147.7984,-35.2076],[147.7951,-35.1992],[147.7885,-35.1989],[147.7793,-35.194],[147.7771,-35.1854],[147.7721,-35.185],[147.7663,-35.1656],[147.762,-35.1476],[147.7625,-35.1412],[147.7667,-35.1369],[147.7539,-35.1295],[147.751,-35.1253],[147.7541,-35.1193],[147.7406,-35.1106],[147.7357,-35.1101],[147.7342,-35.1031],[147.7368,-35.0959],[147.7327,-35.0914],[147.7197,-35.0905],[147.708,-35.0934],[147.6938,-35.0914],[147.6917,-35.0861],[147.6861,-35.0851],[147.688,-35.0787],[147.6967,-35.0741],[147.7055,-35.0745],[147.7073,-35.0675],[147.7261,-35.0636],[147.7335,-35.065],[147.7414,-35.0703],[147.7534,-35.07],[147.7523,-35.0753],[147.7591,-35.0893],[147.7789,-35.0924],[147.7883,-35.0973],[147.7909,-35.0932],[147.7871,-35.089],[147.7902,-35.0847],[147.8016,-35.0907],[147.8173,-35.0872],[147.8154,-35.0825],[147.8312,-35.0731],[147.832,-35.0659],[147.8399,-35.0642],[147.8428,-35.0496],[147.8401,-35.0453],[147.8457,-35.0416],[147.843,-35.0337],[147.8469,-35.0299],[147.8512,-35.0166],[147.846,-35.0133],[147.8488,-35.0089],[147.8461,-35.0041],[147.8085,-34.9988],[147.8077,-35.0054],[147.7896,-35.0034],[147.7925,-34.9899],[147.7883,-34.9899],[147.7751,-34.9776],[147.7652,-34.9767],[147.764,-34.9901],[147.7243,-34.9848],[147.7142,-34.9727],[147.7082,-34.9683],[147.7106,-34.9551],[147.726,-34.9572],[147.7304,-34.9332],[147.7062,-34.9302],[147.6986,-34.9303],[147.6666,-34.9211],[147.6608,-34.9116],[147.6559,-34.9073],[147.6529,-34.8994],[147.6173,-34.8895],[147.61,-34.8832],[147.6056,-34.8972],[147.5978,-34.8944],[147.5761,-34.8919],[147.5672,-34.8918],[147.5681,-34.8866],[147.5558,-34.8851],[147.5287,-34.8817],[147.528,-34.8854],[147.4978,-34.8815],[147.4992,-34.8732],[147.4613,-34.8683],[147.4531,-34.8706],[147.3943,-34.8631],[147.393,-34.87],[147.3832,-34.872],[147.3718,-34.8685],[147.365,-34.8759],[147.3672,-34.8822],[147.3598,-34.8883],[147.3583,-34.8974],[147.3411,-34.8952],[147.3335,-34.9022],[147.3236,-34.9073],[147.3161,-34.9064],[147.3127,-34.9244],[147.3176,-34.925],[147.3162,-34.9327],[147.2956,-34.93],[147.2895,-34.9229],[147.2536,-34.9184],[147.2548,-34.9122],[147.2392,-34.9102],[147.242,-34.8948],[147.227,-34.8929],[147.2258,-34.8994],[147.169,-34.8919],[147.1692,-34.8906],[147.0905,-34.8805],[147.0884,-34.8884],[147.0819,-34.8875],[147.0797,-34.8999],[147.0541,-34.8963],[147.0516,-34.9097],[147.0685,-34.9119],[147.0679,-34.9149],[147.0402,-34.9115],[147.0351,-34.9394],[147.0169,-34.9372],[147.0132,-34.9578],[146.9989,-34.9495],[146.9833,-34.9471],[146.9807,-34.9608],[146.9742,-34.9611],[146.9696,-34.9704],[146.9599,-34.9697],[146.9566,-34.9744],[146.9482,-34.9791],[146.9461,-34.9843],[146.934,-34.9828],[146.9278,-34.9797],[146.9319,-34.9756],[146.9118,-34.9677],[146.9228,-34.9597],[146.9145,-34.9495],[146.9188,-34.9388],[146.9114,-34.9386],[146.9042,-34.932],[146.9124,-34.9229],[146.9085,-34.9206],[146.8995,-34.9221],[146.8947,-34.9187],[146.8945,-34.9136],[146.9,-34.9094],[146.8926,-34.909],[146.87,-34.9001],[146.8667,-34.9018],[146.8713,-34.9122],[146.8633,-34.9138],[146.8482,-34.9082],[146.8469,-34.9031],[146.8358,-34.8884],[146.8419,-34.8852],[146.8408,-34.8803],[146.8311,-34.8809],[146.8282,-34.8724],[146.8185,-34.8755],[146.8165,-34.8799],[146.8084,-34.8762],[146.8139,-34.8685],[146.81,-34.8601],[146.8044,-34.8671],[146.8052,-34.871],[146.7969,-34.8747],[146.7927,-34.8982],[146.7768,-34.896],[146.7744,-34.9067],[146.7834,-34.9169],[146.7848,-34.9259],[146.7791,-34.9396],[146.7796,-34.947],[146.7936,-34.9586],[146.79,-34.9681],[146.7756,-34.9663],[146.7743,-34.9719],[146.7656,-34.9709],[146.7633,-34.9827],[146.7431,-34.9805],[146.7376,-34.983],[146.7414,-34.9887],[146.7374,-35.0061],[146.7316,-35.0332],[146.7298,-35.0471],[146.7391,-35.0483],[146.7372,-35.0595],[146.7404,-35.0599],[146.7378,-35.0737],[146.7615,-35.0764],[146.772,-35.0877],[146.7703,-35.0973],[146.7788,-35.0984],[146.7842,-35.0701],[146.7889,-35.0706],[146.7915,-35.0565],[146.8367,-35.0617],[146.8386,-35.0531],[146.8699,-35.0578],[146.867,-35.0718],[146.884,-35.0742],[146.8831,-35.0704],[146.8899,-35.0384],[146.9379,-35.062],[146.9751,-35.0765],[146.9734,-35.0687],[146.9833,-35.0636],[146.9877,-35.0423],[146.9959,-35.0459],[146.9992,-35.0314],[147.01,-35.0361],[147.016,-35.0366],[147.014,-35.0466],[147.0399,-35.0502],[147.0512,-35.0559],[147.0546,-35.061],[147.066,-35.0624],[147.0633,-35.0793],[147.0803,-35.0815],[147.0774,-35.0959],[147.0616,-35.0938],[147.0604,-35.0997],[147.0507,-35.0984],[147.0522,-35.1095],[147.0384,-35.1115],[147.0436,-35.126],[147.0628,-35.1228],[147.0852,-35.1359],[147.083,-35.1476],[147.0867,-35.1481],[147.0846,-35.1591],[147.0945,-35.1603],[147.092,-35.1735],[147.1493,-35.1809],[147.1539,-35.1563],[147.1583,-35.1451],[147.1758,-35.1474],[147.1749,-35.1518],[147.1836,-35.1537],[147.1856,-35.1434],[147.2055,-35.146],[147.2041,-35.1536],[147.213,-35.1547],[147.212,-35.1599],[147.2286,-35.1621],[147.2305,-35.152],[147.2459,-35.1538],[147.2465,-35.151],[147.2473,-35.1466],[147.2565,-35.1409],[147.2599,-35.1356],[147.2668,-35.1383],[147.2751,-35.1375],[147.2977,-35.1404],[147.2969,-35.1454],[147.3099,-35.147],[147.3038,-35.159],[147.2924,-35.1672],[147.284,-35.1679],[147.2758,-35.1726],[147.2898,-35.1745],[147.2886,-35.1809],[147.2963,-35.1819],[147.2955,-35.1934],[147.3054,-35.1947],[147.3037,-35.2027],[147.2978,-35.2019],[147.2948,-35.2161],[147.29,-35.2155],[147.2873,-35.2302],[147.2799,-35.2293],[147.2725,-35.2611],[147.2628,-35.2585],[147.2604,-35.2712],[147.2501,-35.2699],[147.2464,-35.29],[147.2321,-35.2909],[147.2315,-35.3038],[147.2452,-35.3054],[147.244,-35.3107],[147.2567,-35.3124],[147.2561,-35.3153],[147.282,-35.3181],[147.2878,-35.3218],[147.3061,-35.3242],[147.3003,-35.3363],[147.2964,-35.3389],[147.3183,-35.3417],[147.3173,-35.3471],[147.3306,-35.3489],[147.3275,-35.3646],[147.3345,-35.3685],[147.3334,-35.3738],[147.3259,-35.3729],[147.3227,-35.379],[147.3193,-35.3962],[147.3241,-35.3968],[147.3205,-35.4148],[147.3268,-35.415],[147.3254,-35.4271],[147.3204,-35.4388],[147.31,-35.4375],[147.3085,-35.45],[147.302,-35.4848],[147.2891,-35.4966],[147.2632,-35.4885],[147.2515,-35.4911],[147.2468,-35.4881],[147.2382,-35.471],[147.2265,-35.4737],[147.2157,-35.4714],[147.2162,-35.4757],[147.2035,-35.4747],[147.1999,-35.4806],[147.1848,-35.4865],[147.184,-35.5036],[147.1892,-35.5143],[147.1901,-35.5211],[147.1858,-35.525],[147.1832,-35.5383],[147.1795,-35.5378],[147.1749,-35.5537],[147.1717,-35.559],[147.1575,-35.5571],[147.1551,-35.5694]],[[147.3757,-35.061],[147.3783,-35.0683],[147.3599,-35.0658],[147.359,-35.0689],[147.3465,-35.0672],[147.3492,-35.0468],[147.3565,-35.0497],[147.3616,-35.0593],[147.3757,-35.061]]],[[[147.9118,-35.5562],[147.9298,-35.5585],[147.9314,-35.5502],[147.922,-35.5486],[147.9231,-35.5427],[147.9078,-35.5383],[147.908,-35.5262],[147.9256,-35.5285],[147.928,-35.5163],[147.9048,-35.5133],[147.9046,-35.5049],[147.9072,-35.4903],[147.8838,-35.4885],[147.8831,-35.4786],[147.886,-35.4641],[147.8815,-35.4581],[147.873,-35.457],[147.8751,-35.4466],[147.8728,-35.4421],[147.8894,-35.4443],[147.8932,-35.4243],[147.9077,-35.4262],[147.9085,-35.4214],[147.8976,-35.4125],[147.8941,-35.4023],[147.8945,-35.3945],[147.8997,-35.3805],[147.8903,-35.3774],[147.8843,-35.3574],[147.873,-35.3576],[147.8653,-35.3557],[147.8592,-35.3398],[147.8543,-35.3399],[147.8528,-35.3338],[147.8464,-35.3303],[147.8306,-35.3311],[147.8315,-35.3265],[147.7952,-35.3217],[147.7945,-35.3255],[147.786,-35.3291],[147.772,-35.3274],[147.7703,-35.3306],[147.7794,-35.3557],[147.7754,-35.3632],[147.7817,-35.364],[147.7849,-35.3706],[147.7906,-35.375],[147.7888,-35.3798],[147.7977,-35.381],[147.7946,-35.3982],[147.8054,-35.4023],[147.8013,-35.4136],[147.7981,-35.4292],[147.8003,-35.4328],[147.8086,-35.4339],[147.8178,-35.4516],[147.8226,-35.4546],[147.8268,-35.4651],[147.8238,-35.4727],[147.8261,-35.4767],[147.8222,-35.486],[147.8259,-35.4905],[147.8268,-35.4978],[147.8238,-35.5031],[147.8226,-35.5137],[147.8229,-35.5294],[147.8274,-35.5364],[147.829,-35.5484],[147.8352,-35.5533],[147.8454,-35.5546],[147.8473,-35.5449],[147.8622,-35.5469],[147.8633,-35.5406],[147.8927,-35.5443],[147.891,-35.5533],[147.9118,-35.5562]]]]}},{"type":"Feature","properties":{"pc":"2651"},"geometry":{"type":"Polygon","coordinates":[[[147.4512,-35.1768],[147.4825,-35.1808],[147.4871,-35.1564],[147.495,-35.1577],[147.5095,-35.1614],[147.5021,-35.1499],[147.4868,-35.1411],[147.4815,-35.1332],[147.4834,-35.1274],[147.4814,-35.1149],[147.4726,-35.1118],[147.4617,-35.1029],[147.4584,-35.0972],[147.4513,-35.0983],[147.4534,-35.1102],[147.4474,-35.1117],[147.4457,-35.113],[147.4426,-35.1287],[147.4398,-35.1312],[147.4452,-35.1385],[147.4428,-35.1509],[147.4376,-35.1597],[147.4263,-35.1611],[147.4226,-35.1708],[147.4248,-35.1735],[147.4512,-35.1768]]]}},{"type":"Feature","properties":{"pc":"2675"},"geometry":{"type":"Polygon","coordinates":[[[146.0951,-33.6031],[146.0669,-33.5165],[146.054,-33.4758],[146.0671,-33.371],[146.0709,-33.3688],[146.0669,-33.3591],[146.0726,-33.3555],[146.071,-33.3501],[146.0761,-33.3389],[146.0833,-33.3345],[146.0878,-33.3209],[146.0816,-33.3091],[146.0892,-33.3033],[146.0845,-33.2999],[146.0871,-33.2896],[146.0943,-33.2841],[146.0951,-33.2762],[146.0766,-33.2443],[146.0589,-33.2118],[146.0689,-33.204],[146.0936,-33.1891],[146.0317,-33.0936],[145.9053,-33.0877],[145.9068,-33.0786],[145.8726,-33.0748],[145.8709,-33.0863],[145.7547,-33.0827],[145.6863,-33.082],[145.6453,-33.0803],[145.6685,-32.9359],[145.6518,-32.9353],[145.6719,-32.8057],[145.5865,-32.7962],[145.5957,-32.7378],[145.5566,-32.7333],[145.5544,-32.736],[145.5526,-32.7558],[145.5489,-32.7652],[145.5575,-32.7661],[145.5611,-32.7569],[145.5691,-32.7579],[145.5606,-32.7814],[145.5508,-32.7916],[145.5379,-32.7832],[145.5449,-32.7754],[145.5044,-32.7701],[145.5063,-32.753],[145.5104,-32.7278],[145.4675,-32.7225],[145.415,-32.7614],[145.4126,-32.7759],[145.3306,-32.7667],[145.3443,-32.6825],[145.2573,-32.6712],[145.2494,-32.7244],[145.165,-32.7148],[145.1596,-32.7472],[145.1484,-32.8188],[145.1273,-32.9547],[145.1188,-32.9537],[145.1076,-33.0337],[145.0277,-33.0219],[145.027,-33.0263],[145.0103,-33.0244],[145.008,-33.0355],[144.9917,-33.0336],[144.9875,-33.0263],[144.9823,-33.0633],[144.9859,-33.0705],[144.9809,-33.073],[144.9794,-33.0838],[144.9635,-33.082],[144.9628,-33.0873],[144.9411,-33.0848],[144.9423,-33.0783],[144.9089,-33.0744],[144.8899,-33.188],[144.8639,-33.1847],[144.8511,-33.2644],[144.9307,-33.2735],[144.9335,-33.2582],[144.979,-33.2626],[144.9609,-33.3725],[144.953,-33.3715],[144.9457,-33.4193],[145.0543,-33.4322],[145.0693,-33.4233],[145.0966,-33.4541],[145.1277,-33.4446],[145.1374,-33.4667],[145.1309,-33.4687],[145.1493,-33.5106],[145.1468,-33.5184],[145.184,-33.6021],[145.1798,-33.6282],[145.1976,-33.6304],[145.195,-33.6448],[145.178,-33.6426],[145.1751,-33.6582],[145.179,-33.6573],[145.1975,-33.6598],[145.1959,-33.6689],[145.2064,-33.6722],[145.2283,-33.6746],[145.2335,-33.6828],[145.2412,-33.6738],[145.2393,-33.6673],[145.2471,-33.6641],[145.2507,-33.6578],[145.2484,-33.6547],[145.2578,-33.6489],[145.2599,-33.6433],[145.2739,-33.6429],[145.2797,-33.6331],[145.2911,-33.6232],[145.2953,-33.6235],[145.3954,-33.7356],[145.4134,-33.7379],[145.4182,-33.7102],[145.4268,-33.7113],[145.4283,-33.7025],[145.4782,-33.7086],[145.4707,-33.7198],[145.4686,-33.726],[145.4699,-33.7347],[145.4999,-33.7384],[145.5141,-33.7294],[145.5171,-33.7327],[145.526,-33.727],[145.527,-33.7201],[145.5591,-33.7239],[145.5613,-33.7095],[145.5787,-33.7116],[145.5736,-33.7049],[145.5817,-33.7025],[145.5975,-33.7045],[145.6444,-33.6746],[145.6384,-33.7113],[145.6831,-33.6839],[145.6895,-33.687],[145.7367,-33.6926],[145.7334,-33.7125],[145.7925,-33.7194],[145.8103,-33.7211],[145.8114,-33.7143],[145.8036,-33.709],[145.8084,-33.6798],[145.8179,-33.6738],[145.9163,-33.6855],[145.9176,-33.6806],[145.9164,-33.6694],[145.9276,-33.667],[145.9422,-33.6687],[145.9415,-33.6731],[145.9574,-33.6749],[145.9636,-33.6769],[145.9791,-33.6729],[145.9863,-33.6884],[146.0205,-33.6773],[146.0268,-33.677],[146.0489,-33.6795],[146.0483,-33.6834],[146.0816,-33.6873],[146.0951,-33.6031]]]}},{"type":"Feature","properties":{"pc":"2680"},"geometry":{"type":"Polygon","coordinates":[[[146.0282,-34.5657],[146.036,-34.5701],[146.0376,-34.5627],[146.0754,-34.567],[146.0902,-34.4838],[146.1105,-34.4888],[146.1124,-34.4779],[146.1088,-34.4724],[146.1107,-34.4619],[146.1198,-34.4631],[146.1224,-34.4596],[146.1265,-34.4373],[146.1469,-34.4399],[146.1533,-34.4051],[146.1429,-34.4013],[146.1362,-34.3905],[146.1492,-34.3895],[146.1567,-34.3836],[146.1774,-34.3736],[146.2022,-34.3766],[146.2065,-34.3542],[146.2151,-34.3639],[146.23,-34.3718],[146.2363,-34.3369],[146.218,-34.3346],[146.2206,-34.3203],[146.1879,-34.3163],[146.1886,-34.3123],[146.1995,-34.3054],[146.2072,-34.3039],[146.2142,-34.3065],[146.2215,-34.3019],[146.2249,-34.2964],[146.2289,-34.2756],[146.1838,-34.2499],[146.1663,-34.2459],[146.1469,-34.2435],[146.1254,-34.2426],[146.14,-34.2229],[146.1386,-34.216],[146.1051,-34.2121],[146.1036,-34.2076],[146.0921,-34.2124],[146.0778,-34.2091],[146.0748,-34.2031],[146.0773,-34.1932],[146.0654,-34.1761],[146.0626,-34.1678],[146.0652,-34.1629],[146.0597,-34.1546],[146.0612,-34.1485],[146.0569,-34.1424],[146.0447,-34.141],[146.0474,-34.1254],[146.0424,-34.1248],[146.0257,-34.1228],[146.0249,-34.1272],[145.9901,-34.1228],[145.8773,-34.1094],[145.8656,-34.1759],[145.8482,-34.1737],[145.839,-34.1774],[145.8339,-34.1746],[145.8254,-34.1767],[145.8102,-34.1774],[145.7989,-34.1709],[145.7931,-34.1775],[145.778,-34.1903],[145.7649,-34.1887],[145.7573,-34.2325],[145.6546,-34.2203],[145.6367,-34.3223],[145.6238,-34.3947],[145.7071,-34.4047],[145.7036,-34.4243],[145.7233,-34.4267],[145.7067,-34.5223],[145.7148,-34.5184],[145.7228,-34.523],[145.726,-34.5286],[145.7494,-34.5276],[145.7479,-34.5356],[145.759,-34.5367],[145.7678,-34.5416],[145.772,-34.547],[145.7806,-34.5476],[145.7874,-34.5505],[145.7907,-34.5585],[145.798,-34.563],[145.8002,-34.5586],[145.8093,-34.5519],[145.8152,-34.5597],[145.8205,-34.5604],[145.8249,-34.5518],[145.8404,-34.5644],[145.8507,-34.5626],[145.8516,-34.5711],[145.8492,-34.5775],[145.8561,-34.5795],[145.869,-34.5745],[145.8828,-34.559],[145.8893,-34.5565],[145.8993,-34.5583],[145.9168,-34.553],[145.9326,-34.563],[145.946,-34.5577],[145.9508,-34.5524],[145.9581,-34.5594],[145.9666,-34.5587],[145.9774,-34.5632],[145.9798,-34.5573],[145.9856,-34.5561],[145.9897,-34.5481],[145.9995,-34.5449],[146.0064,-34.5534],[146.0188,-34.5617],[146.0282,-34.5657]]]}},{"type":"Feature","properties":{"pc":"2700"},"geometry":{"type":"Polygon","coordinates":[[[146.5064,-34.3779],[146.5055,-34.3829],[146.4976,-34.3827],[146.4949,-34.3987],[146.4506,-34.3938],[146.4389,-34.4552],[146.4685,-34.4594],[146.4827,-34.4631],[146.481,-34.4735],[146.4914,-34.4705],[146.5101,-34.4715],[146.5316,-34.4742],[146.5293,-34.4878],[146.5394,-34.4891],[146.5387,-34.4995],[146.5345,-34.5203],[146.5384,-34.5208],[146.5349,-34.5398],[146.5489,-34.5415],[146.547,-34.5517],[146.5629,-34.5562],[146.5587,-34.5799],[146.5534,-34.5792],[146.5513,-34.5909],[146.5366,-34.5891],[146.5361,-34.5916],[146.5188,-34.5895],[146.5162,-34.6036],[146.5119,-34.6031],[146.5103,-34.612],[146.5059,-34.6114],[146.4948,-34.6711],[146.484,-34.6672],[146.465,-34.6433],[146.4513,-34.6399],[146.4467,-34.6403],[146.4439,-34.6597],[146.4381,-34.6596],[146.4324,-34.6686],[146.4236,-34.676],[146.4188,-34.6735],[146.4127,-34.6653],[146.4118,-34.6595],[146.4055,-34.659],[146.3992,-34.654],[146.4004,-34.6493],[146.3834,-34.6391],[146.3761,-34.6413],[146.3731,-34.637],[146.3612,-34.6319],[146.3575,-34.6343],[146.3422,-34.6319],[146.3397,-34.6288],[146.3319,-34.6385],[146.3232,-34.6312],[146.3052,-34.6267],[146.3011,-34.6286],[146.3027,-34.6355],[146.2879,-34.6347],[146.2838,-34.6252],[146.2723,-34.6208],[146.2613,-34.6185],[146.2536,-34.6197],[146.254,-34.6125],[146.2448,-34.6101],[146.2403,-34.6138],[146.2383,-34.6201],[146.2297,-34.6171],[146.2113,-34.7154],[146.198,-34.788],[146.1794,-34.7857],[146.1744,-34.7906],[146.1524,-34.9017],[146.1456,-34.898],[146.1377,-34.9078],[146.0748,-34.8982],[146.069,-34.9158],[146.0809,-34.9184],[146.0736,-34.9286],[146.0659,-34.9274],[146.061,-34.9416],[146.0653,-34.9478],[146.0528,-34.9946],[146.0593,-35.0015],[146.0491,-35.0179],[146.0581,-35.0329],[146.0427,-35.0567],[146.0369,-35.0579],[146.0303,-35.0546],[146.0179,-35.1238],[146.0092,-35.1349],[146.0141,-35.1363],[146.0146,-35.1419],[146.0097,-35.1667],[146.0394,-35.1952],[146.0449,-35.1919],[146.0492,-35.195],[146.0538,-35.1839],[146.0654,-35.1846],[146.0734,-35.1818],[146.0794,-35.1727],[146.0897,-35.1768],[146.1001,-35.1777],[146.1015,-35.1667],[146.1242,-35.1677],[146.129,-35.1641],[146.146,-35.1562],[146.1502,-35.1599],[146.1568,-35.16],[146.1632,-35.1554],[146.1701,-35.1592],[146.1792,-35.1575],[146.2724,-35.2062],[146.2731,-35.2034],[146.3065,-35.1755],[146.3325,-35.1536],[146.401,-35.0941],[146.41,-35.0859],[146.3949,-35.077],[146.4283,-35.0391],[146.433,-35.0419],[146.4469,-34.9606],[146.432,-34.9589],[146.4403,-34.9117],[146.4461,-34.9138],[146.4736,-34.9169],[146.4738,-34.9157],[146.502,-34.9192],[146.5014,-34.9252],[146.4947,-34.9372],[146.5114,-34.9394],[146.5148,-34.921],[146.5425,-34.924],[146.537,-34.9584],[146.5679,-34.9614],[146.5676,-34.9635],[146.5849,-34.9657],[146.5836,-34.973],[146.6233,-34.9775],[146.6243,-34.9722],[146.641,-34.9616],[146.6798,-34.9944],[146.6825,-34.989],[146.689,-34.987],[146.7065,-34.989],[146.7058,-34.993],[146.7174,-34.9944],[146.7157,-35.0034],[146.7374,-35.0061],[146.7414,-34.9887],[146.7376,-34.983],[146.7431,-34.9805],[146.7633,-34.9827],[146.7656,-34.9709],[146.7743,-34.9719],[146.7756,-34.9663],[146.79,-34.9681],[146.7936,-34.9586],[146.7796,-34.947],[146.7791,-34.9396],[146.7848,-34.9259],[146.7834,-34.9169],[146.7744,-34.9067],[146.7768,-34.896],[146.7927,-34.8982],[146.7969,-34.8747],[146.7934,-34.8644],[146.7857,-34.8662],[146.7836,-34.862],[146.7895,-34.8554],[146.7903,-34.8472],[146.7833,-34.8456],[146.7799,-34.8363],[146.7724,-34.8349],[146.7749,-34.823],[146.7611,-34.8231],[146.7556,-34.8176],[146.7492,-34.8201],[146.7412,-34.8175],[146.7341,-34.8113],[146.7297,-34.8158],[146.7241,-34.8079],[146.7184,-34.8106],[146.712,-34.809],[146.708,-34.8144],[146.6985,-34.8128],[146.6963,-34.8077],[146.6867,-34.8152],[146.6796,-34.8106],[146.6802,-34.8065],[146.6705,-34.8029],[146.6651,-34.8037],[146.6614,-34.7976],[146.6719,-34.7413],[146.6729,-34.7411],[146.6828,-34.6889],[146.6856,-34.6687],[146.6904,-34.6652],[146.6924,-34.6541],[146.7024,-34.6554],[146.7062,-34.6342],[146.7127,-34.6351],[146.7155,-34.6201],[146.6907,-34.617],[146.686,-34.6234],[146.6644,-34.6208],[146.6601,-34.637],[146.6522,-34.6313],[146.6386,-34.6063],[146.629,-34.5967],[146.6148,-34.5782],[146.6391,-34.581],[146.6409,-34.5702],[146.6486,-34.5711],[146.6549,-34.5424],[146.6441,-34.541],[146.6463,-34.5289],[146.6498,-34.5294],[146.6546,-34.5031],[146.6678,-34.5047],[146.6765,-34.4542],[146.6832,-34.416],[146.6452,-34.4114],[146.6482,-34.3938],[146.6456,-34.3869],[146.6496,-34.385],[146.5995,-34.379],[146.5984,-34.385],[146.5596,-34.3801],[146.5588,-34.3842],[146.5064,-34.3779]]]}},{"type":"Feature","properties":{"pc":"2747"},"geometry":{"type":"Polygon","coordinates":[[[150.7651,-33.7834],[150.7591,-33.7765],[150.7611,-33.77],[150.768,-33.7672],[150.7638,-33.7497],[150.7574,-33.7458],[150.7618,-33.7352],[150.769,-33.7331],[150.7777,-33.7378],[150.7755,-33.7278],[150.7838,-33.7212],[150.8135,-33.7239],[150.8168,-33.7072],[150.785,-33.7028],[150.7843,-33.6939],[150.7773,-33.6895],[150.7631,-33.6874],[150.7571,-33.6953],[150.7449,-33.6937],[150.7465,-33.6859],[150.7392,-33.683],[150.7278,-33.69],[150.7272,-33.6981],[150.7223,-33.7093],[150.7259,-33.7159],[150.7176,-33.7351],[150.71,-33.7635],[150.7119,-33.7757],[150.7147,-33.7737],[150.7406,-33.7777],[150.7395,-33.783],[150.7651,-33.7834]]]}},{"type":"Feature","properties":{"pc":"2749"},"geometry":{"type":"Polygon","coordinates":[[[150.7176,-33.7351],[150.7259,-33.7159],[150.7223,-33.7093],[150.7272,-33.6981],[150.7278,-33.69],[150.715,-33.6862],[150.7159,-33.6816],[150.6972,-33.6788],[150.7001,-33.6712],[150.7039,-33.6516],[150.709,-33.6482],[150.6917,-33.6458],[150.679,-33.6428],[150.6731,-33.6398],[150.6662,-33.6541],[150.6671,-33.6664],[150.6608,-33.6697],[150.6579,-33.677],[150.659,-33.6855],[150.6598,-33.6929],[150.658,-33.7137],[150.6554,-33.7169],[150.6533,-33.7195],[150.66,-33.7328],[150.6653,-33.7262],[150.706,-33.7317],[150.7176,-33.7351]]]}},{"type":"Feature","properties":{"pc":"2750"},"geometry":{"type":"Polygon","coordinates":[[[150.7119,-33.7757],[150.71,-33.7635],[150.7176,-33.7351],[150.706,-33.7317],[150.6653,-33.7262],[150.66,-33.7328],[150.6533,-33.7195],[150.6554,-33.7169],[150.652,-33.7164],[150.6441,-33.7212],[150.6425,-33.7302],[150.6442,-33.7341],[150.6406,-33.748],[150.6428,-33.7492],[150.6417,-33.7576],[150.6432,-33.7666],[150.6424,-33.7761],[150.6396,-33.7791],[150.6426,-33.7805],[150.6599,-33.7647],[150.6707,-33.7732],[150.6816,-33.7797],[150.7038,-33.7855],[150.7101,-33.7807],[150.7119,-33.7757]]]}},{"type":"Feature","properties":{"pc":"2753"},"geometry":{"type":"Polygon","coordinates":[[[150.786,-33.6416],[150.7822,-33.6375],[150.7708,-33.6337],[150.7722,-33.6272],[150.7816,-33.63],[150.7817,-33.616],[150.7745,-33.6099],[150.7819,-33.6069],[150.7938,-33.6091],[150.7989,-33.6071],[150.7881,-33.596],[150.7922,-33.586],[150.7836,-33.5795],[150.7697,-33.5766],[150.7718,-33.5668],[150.7597,-33.5651],[150.742,-33.5705],[150.7338,-33.5799],[150.7046,-33.5959],[150.6915,-33.5867],[150.6864,-33.5801],[150.6864,-33.5746],[150.6817,-33.572],[150.6808,-33.5695],[150.6545,-33.5649],[150.6479,-33.5664],[150.6432,-33.5627],[150.6446,-33.5548],[150.6381,-33.5565],[150.628,-33.5505],[150.6104,-33.5468],[150.6095,-33.5512],[150.5992,-33.5499],[150.5971,-33.567],[150.605,-33.572],[150.6038,-33.5779],[150.6083,-33.5814],[150.6072,-33.5993],[150.6214,-33.6119],[150.616,-33.6141],[150.6068,-33.6594],[150.616,-33.662],[150.6328,-33.6631],[150.6337,-33.6587],[150.6576,-33.6617],[150.6534,-33.6772],[150.6536,-33.6847],[150.659,-33.6855],[150.6579,-33.677],[150.6608,-33.6697],[150.6671,-33.6664],[150.6662,-33.6541],[150.6731,-33.6398],[150.679,-33.6428],[150.6917,-33.6458],[150.709,-33.6482],[150.7039,-33.6516],[150.7001,-33.6712],[150.6972,-33.6788],[150.7159,-33.6816],[150.715,-33.6862],[150.7278,-33.69],[150.7392,-33.683],[150.7649,-33.6591],[150.7692,-33.6573],[150.786,-33.6416]]]}},{"type":"Feature","properties":{"pc":"2756"},"geometry":{"type":"Polygon","coordinates":[[[151.0245,-33.4687],[151.0167,-33.4663],[151.02,-33.4551],[151.0104,-33.4511],[151.0149,-33.4446],[151.0152,-33.4371],[151.0039,-33.4354],[151.007,-33.4285],[150.9981,-33.4272],[150.9983,-33.4099],[150.9931,-33.4115],[150.9799,-33.4116],[150.968,-33.4199],[150.971,-33.4404],[150.9545,-33.4434],[150.938,-33.4376],[150.9408,-33.4335],[150.937,-33.4268],[150.9316,-33.426],[150.934,-33.4152],[150.9246,-33.4079],[150.8931,-33.4037],[150.877,-33.4027],[150.8701,-33.3994],[150.8715,-33.3926],[150.852,-33.3893],[150.8683,-33.3171],[150.8727,-33.296],[150.8532,-33.2932],[150.8548,-33.2851],[150.8744,-33.2879],[150.8808,-33.2566],[150.8863,-33.2574],[150.8878,-33.2503],[150.8779,-33.2486],[150.8717,-33.2395],[150.8657,-33.2265],[150.8537,-33.2265],[150.8452,-33.2233],[150.8543,-33.1721],[150.8446,-33.1707],[150.8465,-33.1608],[150.8588,-33.1625],[150.8659,-33.1579],[150.8674,-33.153],[150.8605,-33.1437],[150.8658,-33.1386],[150.8655,-33.1317],[150.8812,-33.1264],[150.8861,-33.1192],[150.8734,-33.1142],[150.8725,-33.1043],[150.8581,-33.0939],[150.8483,-33.0928],[150.8484,-33.0745],[150.8556,-33.0706],[150.8513,-33.0662],[150.8551,-33.0563],[150.8537,-33.0436],[150.8579,-33.0399],[150.849,-33.0338],[150.8316,-33.0333],[150.8265,-33.0261],[150.82,-33.0238],[150.8123,-33.0119],[150.8067,-33.0111],[150.8048,-33.006],[150.7638,-33.0003],[150.758,-33.0308],[150.6741,-33.0195],[150.6724,-33.0268],[150.679,-33.0277],[150.6819,-33.0315],[150.6821,-33.0447],[150.6948,-33.0421],[150.7056,-33.0447],[150.7052,-33.0543],[150.7074,-33.0588],[150.7166,-33.0653],[150.7181,-33.0686],[150.7279,-33.072],[150.6302,-33.0586],[150.6283,-33.061],[150.6107,-33.0661],[150.6125,-33.0722],[150.6098,-33.0833],[150.6136,-33.0892],[150.6109,-33.0987],[150.6168,-33.1036],[150.6117,-33.1194],[150.5987,-33.1246],[150.5995,-33.1279],[150.6105,-33.135],[150.6102,-33.1429],[150.6045,-33.1473],[150.5957,-33.1452],[150.5879,-33.1474],[150.5864,-33.1517],[150.5898,-33.1603],[150.5811,-33.1684],[150.571,-33.1687],[150.5727,-33.1568],[150.5668,-33.1572],[150.5631,-33.1623],[150.5541,-33.1627],[150.5554,-33.1743],[150.5524,-33.1837],[150.539,-33.1878],[150.5368,-33.1919],[150.528,-33.194],[150.5306,-33.2022],[150.5341,-33.2115],[150.5395,-33.2131],[150.543,-33.2222],[150.5325,-33.2233],[150.5271,-33.2401],[150.5332,-33.2402],[150.5439,-33.256],[150.5492,-33.2573],[150.5553,-33.2542],[150.5604,-33.2569],[150.5629,-33.264],[150.5554,-33.2654],[150.5524,-33.2718],[150.5574,-33.2806],[150.5756,-33.2896],[150.5661,-33.2908],[150.5616,-33.2891],[150.5563,-33.2933],[150.5654,-33.2987],[150.5668,-33.3057],[150.5603,-33.3124],[150.5535,-33.311],[150.5542,-33.3183],[150.5746,-33.3224],[150.5806,-33.3207],[150.5856,-33.3253],[150.5832,-33.3325],[150.5913,-33.3374],[150.5906,-33.3426],[150.5828,-33.343],[150.581,-33.3514],[150.5923,-33.3628],[150.611,-33.3718],[150.6258,-33.3744],[150.6308,-33.3816],[150.6377,-33.3832],[150.6601,-33.3731],[150.6603,-33.3804],[150.664,-33.4026],[150.6551,-33.451],[150.6743,-33.4502],[150.6865,-33.4476],[150.6986,-33.4425],[150.7163,-33.4422],[150.7281,-33.4323],[150.7372,-33.4373],[150.7475,-33.436],[150.7512,-33.4377],[150.7618,-33.434],[150.7726,-33.4263],[150.777,-33.4293],[150.776,-33.4365],[150.7936,-33.4385],[150.7951,-33.4307],[150.801,-33.4248],[150.8071,-33.4279],[150.8138,-33.425],[150.827,-33.4319],[150.8415,-33.4368],[150.8523,-33.4432],[150.8526,-33.448],[150.8446,-33.4494],[150.8379,-33.4552],[150.8371,-33.4627],[150.8458,-33.4641],[150.8438,-33.4746],[150.8456,-33.4816],[150.8515,-33.4811],[150.8643,-33.4856],[150.8612,-33.5042],[150.8681,-33.5076],[150.8618,-33.5147],[150.8518,-33.5114],[150.847,-33.5045],[150.8351,-33.5023],[150.8334,-33.5114],[150.8251,-33.5113],[150.8232,-33.5155],[150.816,-33.5145],[150.814,-33.5231],[150.8072,-33.5243],[150.7983,-33.5182],[150.7772,-33.5153],[150.7762,-33.5202],[150.7661,-33.523],[150.7654,-33.5263],[150.7557,-33.527],[150.7544,-33.5335],[150.7476,-33.5326],[150.7466,-33.5385],[150.7532,-33.5395],[150.7519,-33.5472],[150.7554,-33.5517],[150.7597,-33.5651],[150.7718,-33.5668],[150.7697,-33.5766],[150.7836,-33.5795],[150.7922,-33.586],[150.7881,-33.596],[150.7989,-33.6071],[150.7938,-33.6091],[150.7819,-33.6069],[150.7745,-33.6099],[150.7817,-33.616],[150.7816,-33.63],[150.7722,-33.6272],[150.7708,-33.6337],[150.7822,-33.6375],[150.786,-33.6416],[150.7917,-33.6492],[150.7964,-33.6602],[150.8124,-33.6776],[150.8134,-33.6676],[150.8178,-33.662],[150.8267,-33.658],[150.8305,-33.6518],[150.8262,-33.6424],[150.8413,-33.635],[150.8357,-33.6229],[150.8433,-33.6213],[150.8556,-33.6125],[150.8571,-33.6048],[150.8632,-33.596],[150.8768,-33.6017],[150.8754,-33.607],[150.8916,-33.6204],[150.895,-33.6127],[150.9067,-33.6021],[150.9061,-33.5967],[150.9098,-33.5876],[150.8946,-33.5868],[150.8888,-33.5808],[150.8897,-33.5728],[150.8942,-33.5707],[150.9036,-33.5745],[150.9124,-33.574],[150.9172,-33.5711],[150.9186,-33.5625],[150.9259,-33.5588],[150.9379,-33.5648],[150.9446,-33.5539],[150.9468,-33.5425],[150.9578,-33.5507],[150.9658,-33.5443],[150.9793,-33.5381],[150.9817,-33.5217],[150.9798,-33.5194],[150.9819,-33.5084],[150.9937,-33.5103],[151.0048,-33.5054],[151.0153,-33.5078],[151.0225,-33.5048],[151.0281,-33.4916],[151.0246,-33.4856],[151.0263,-33.4727],[151.0245,-33.4687]]]}},{"type":"Feature","properties":{"pc":"2760"},"geometry":{"type":"Polygon","coordinates":[[[150.8119,-33.7907],[150.8081,-33.7813],[150.7957,-33.7642],[150.789,-33.7513],[150.7892,-33.7473],[150.784,-33.741],[150.7973,-33.7326],[150.7838,-33.7212],[150.7755,-33.7278],[150.7777,-33.7378],[150.769,-33.7331],[150.7618,-33.7352],[150.7574,-33.7458],[150.7638,-33.7497],[150.768,-33.7672],[150.7611,-33.77],[150.7591,-33.7765],[150.7651,-33.7834],[150.7711,-33.7841],[150.8009,-33.7901],[150.8115,-33.7911],[150.8119,-33.7907]]]}},{"type":"Feature","properties":{"pc":"2761"},"geometry":{"type":"Polygon","coordinates":[[[150.865,-33.7164],[150.8519,-33.7164],[150.8443,-33.7177],[150.8454,-33.7285],[150.831,-33.7261],[150.8255,-33.7573],[150.8308,-33.7581],[150.8557,-33.7618],[150.8571,-33.7575],[150.8651,-33.7472],[150.8662,-33.7415],[150.8663,-33.7375],[150.8724,-33.7289],[150.8666,-33.7261],[150.865,-33.7164]]]}},{"type":"Feature","properties":{"pc":"2763"},"geometry":{"type":"Polygon","coordinates":[[[150.8798,-33.7473],[150.8868,-33.7402],[150.8909,-33.7432],[150.897,-33.7375],[150.9043,-33.7362],[150.9179,-33.7385],[150.9214,-33.7312],[150.9094,-33.7261],[150.9108,-33.7192],[150.9027,-33.7147],[150.8932,-33.7129],[150.8753,-33.7098],[150.868,-33.7115],[150.865,-33.7164],[150.8666,-33.7261],[150.8724,-33.7289],[150.8663,-33.7375],[150.8662,-33.7415],[150.8798,-33.7473]]]}},{"type":"Feature","properties":{"pc":"2765"},"geometry":{"type":"Polygon","coordinates":[[[150.9272,-33.655],[150.928,-33.6491],[150.9365,-33.6496],[150.9358,-33.6415],[150.9272,-33.6419],[150.9279,-33.6365],[150.9236,-33.6295],[150.9318,-33.63],[150.9366,-33.6232],[150.9328,-33.605],[150.9301,-33.5995],[150.9359,-33.5924],[150.9338,-33.5881],[150.9423,-33.5846],[150.9418,-33.577],[150.9379,-33.5648],[150.9259,-33.5588],[150.9186,-33.5625],[150.9172,-33.5711],[150.9124,-33.574],[150.9036,-33.5745],[150.8942,-33.5707],[150.8897,-33.5728],[150.8888,-33.5808],[150.8946,-33.5868],[150.9098,-33.5876],[150.9061,-33.5967],[150.9067,-33.6021],[150.895,-33.6127],[150.8916,-33.6204],[150.8754,-33.607],[150.8768,-33.6017],[150.8632,-33.596],[150.8571,-33.6048],[150.8556,-33.6125],[150.8433,-33.6213],[150.8357,-33.6229],[150.8413,-33.635],[150.8262,-33.6424],[150.8305,-33.6518],[150.8267,-33.658],[150.8178,-33.662],[150.8134,-33.6676],[150.8124,-33.6776],[150.7964,-33.6602],[150.7917,-33.6492],[150.786,-33.6416],[150.7692,-33.6573],[150.7649,-33.6591],[150.7392,-33.683],[150.7465,-33.6859],[150.7449,-33.6937],[150.7571,-33.6953],[150.7631,-33.6874],[150.7773,-33.6895],[150.7843,-33.6939],[150.785,-33.7028],[150.8168,-33.7072],[150.8135,-33.7239],[150.831,-33.7261],[150.8454,-33.7285],[150.8443,-33.7177],[150.8519,-33.7164],[150.8484,-33.7109],[150.8448,-33.6953],[150.8668,-33.6918],[150.8885,-33.6828],[150.8789,-33.6702],[150.893,-33.6624],[150.9063,-33.6726],[150.9154,-33.6661],[150.9229,-33.657],[150.9272,-33.655]]]}},{"type":"Feature","properties":{"pc":"2767"},"geometry":{"type":"Polygon","coordinates":[[[150.8711,-33.7923],[150.8725,-33.7832],[150.8821,-33.781],[150.8873,-33.7522],[150.8798,-33.7473],[150.8662,-33.7415],[150.8651,-33.7472],[150.8571,-33.7575],[150.8557,-33.7618],[150.8612,-33.7659],[150.8653,-33.7764],[150.861,-33.7845],[150.863,-33.7908],[150.8711,-33.7923]]]}},{"type":"Feature","properties":{"pc":"2768"},"geometry":{"type":"Polygon","coordinates":[[[150.9401,-33.7255],[150.9303,-33.7042],[150.9236,-33.7051],[150.9176,-33.7161],[150.9108,-33.7192],[150.9094,-33.7261],[150.9214,-33.7312],[150.9179,-33.7385],[150.9177,-33.7393],[150.9313,-33.7426],[150.9404,-33.7464],[150.9532,-33.7546],[150.9401,-33.7255]]]}},{"type":"Feature","properties":{"pc":"2770"},"geometry":{"type":"Polygon","coordinates":[[[150.7838,-33.7212],[150.7973,-33.7326],[150.784,-33.741],[150.7892,-33.7473],[150.789,-33.7513],[150.7957,-33.7642],[150.8081,-33.7813],[150.8119,-33.7907],[150.8276,-33.7905],[150.8527,-33.7965],[150.8543,-33.7887],[150.8271,-33.7822],[150.8294,-33.7713],[150.8332,-33.7676],[150.8308,-33.7581],[150.8255,-33.7573],[150.831,-33.7261],[150.8135,-33.7239],[150.7838,-33.7212]]]}},{"type":"Feature","properties":{"pc":"2780"},"geometry":{"type":"Polygon","coordinates":[[[150.2822,-33.7323],[150.3001,-33.7361],[150.3019,-33.7266],[150.3114,-33.7313],[150.3182,-33.7251],[150.3316,-33.7265],[150.3366,-33.72],[150.343,-33.7296],[150.3491,-33.7266],[150.3521,-33.7138],[150.3511,-33.7092],[150.3546,-33.7],[150.3453,-33.6974],[150.3472,-33.6829],[150.3384,-33.6817],[150.3373,-33.6871],[150.3275,-33.6851],[150.3289,-33.6784],[150.3086,-33.6746],[150.3036,-33.6692],[150.297,-33.6753],[150.289,-33.6779],[150.2844,-33.6695],[150.28,-33.6692],[150.2709,-33.672],[150.2743,-33.6818],[150.2795,-33.6825],[150.2768,-33.6988],[150.2681,-33.6976],[150.2631,-33.7039],[150.2608,-33.7157],[150.2733,-33.7173],[150.2746,-33.7105],[150.2878,-33.7132],[150.2824,-33.7183],[150.2803,-33.7256],[150.2822,-33.7323]],[[150.2931,-33.7047],[150.2907,-33.7005],[150.2909,-33.6878],[150.3044,-33.6833],[150.2996,-33.6954],[150.3049,-33.6994],[150.2995,-33.7053],[150.2931,-33.7047]]]}},{"type":"Feature","properties":{"pc":"2790"},"geometry":{"type":"Polygon","coordinates":[[[150.171,-33.7891],[150.1779,-33.7862],[150.1779,-33.778],[150.1904,-33.7749],[150.1957,-33.7663],[150.1955,-33.7574],[150.1906,-33.7497],[150.1858,-33.7508],[150.1797,-33.7435],[150.1989,-33.7288],[150.2101,-33.7258],[150.2123,-33.721],[150.2063,-33.7141],[150.1955,-33.7129],[150.1907,-33.7191],[150.1818,-33.7225],[150.178,-33.7153],[150.1845,-33.71],[150.1815,-33.7065],[150.1804,-33.6909],[150.176,-33.684],[150.1815,-33.6785],[150.1704,-33.6768],[150.1648,-33.6812],[150.162,-33.6888],[150.1567,-33.6859],[150.1622,-33.6814],[150.1571,-33.6761],[150.1655,-33.6694],[150.163,-33.6646],[150.1682,-33.6609],[150.175,-33.6602],[150.1873,-33.6631],[150.1947,-33.6631],[150.2044,-33.6682],[150.2097,-33.6741],[150.2289,-33.676],[150.2314,-33.663],[150.2483,-33.6636],[150.2483,-33.6583],[150.2378,-33.6512],[150.2405,-33.6386],[150.2619,-33.6417],[150.2641,-33.6312],[150.2675,-33.6293],[150.2665,-33.6223],[150.259,-33.6175],[150.2603,-33.6107],[150.249,-33.6091],[150.2503,-33.6034],[150.2432,-33.6024],[150.2448,-33.5944],[150.2369,-33.5933],[150.2394,-33.5818],[150.2353,-33.576],[150.2255,-33.5717],[150.2275,-33.5635],[150.2248,-33.5603],[150.2137,-33.5576],[150.2156,-33.548],[150.2269,-33.5495],[150.2261,-33.5605],[150.2354,-33.562],[150.2413,-33.5568],[150.2507,-33.558],[150.2577,-33.5187],[150.2533,-33.5182],[150.2557,-33.5055],[150.2313,-33.5013],[150.2289,-33.4946],[150.2448,-33.4837],[150.2449,-33.4781],[150.2389,-33.4722],[150.2423,-33.4677],[150.2494,-33.4711],[150.2514,-33.4617],[150.2544,-33.4576],[150.2607,-33.4664],[150.2779,-33.4675],[150.288,-33.4663],[150.2985,-33.4682],[150.3063,-33.4762],[150.3118,-33.4741],[150.3212,-33.4824],[150.3176,-33.4851],[150.3243,-33.4903],[150.331,-33.4868],[150.3452,-33.4846],[150.3544,-33.4894],[150.364,-33.4892],[150.3758,-33.4863],[150.3818,-33.4877],[150.3842,-33.4799],[150.3894,-33.4815],[150.3931,-33.4871],[150.4025,-33.4769],[150.4192,-33.4865],[150.423,-33.4823],[150.4474,-33.4814],[150.4478,-33.4734],[150.4508,-33.4666],[150.4512,-33.459],[150.4654,-33.4565],[150.4658,-33.4513],[150.4603,-33.4491],[150.4728,-33.4386],[150.477,-33.4275],[150.4802,-33.4085],[150.4759,-33.3994],[150.4801,-33.3967],[150.4877,-33.3863],[150.4898,-33.3775],[150.5091,-33.3791],[150.5282,-33.3707],[150.5388,-33.3677],[150.5425,-33.364],[150.5494,-33.3687],[150.5591,-33.366],[150.5601,-33.3616],[150.5741,-33.358],[150.581,-33.3514],[150.5828,-33.343],[150.5906,-33.3426],[150.5913,-33.3374],[150.5832,-33.3325],[150.5856,-33.3253],[150.5806,-33.3207],[150.5746,-33.3224],[150.5542,-33.3183],[150.5535,-33.311],[150.5603,-33.3124],[150.5668,-33.3057],[150.5654,-33.2987],[150.5563,-33.2933],[150.5616,-33.2891],[150.5661,-33.2908],[150.5756,-33.2896],[150.5574,-33.2806],[150.5524,-33.2718],[150.5554,-33.2654],[150.5629,-33.264],[150.5604,-33.2569],[150.5553,-33.2542],[150.5492,-33.2573],[150.5439,-33.256],[150.5332,-33.2402],[150.5271,-33.2401],[150.5325,-33.2233],[150.543,-33.2222],[150.5395,-33.2131],[150.5341,-33.2115],[150.5306,-33.2022],[150.5249,-33.2077],[150.5096,-33.2056],[150.5059,-33.2013],[150.4932,-33.202],[150.4854,-33.2007],[150.4724,-33.1959],[150.4713,-33.2021],[150.4653,-33.2085],[150.4581,-33.2117],[150.4575,-33.2156],[150.4484,-33.2222],[150.4364,-33.2234],[150.4312,-33.2264],[150.4213,-33.2226],[150.4088,-33.225],[150.4019,-33.2313],[150.3831,-33.2263],[150.3838,-33.2213],[150.38,-33.2053],[150.3715,-33.2027],[150.365,-33.1948],[150.3517,-33.1944],[150.3422,-33.2008],[150.332,-33.1986],[150.3269,-33.1939],[150.3242,-33.1862],[150.3208,-33.185],[150.3184,-33.1766],[150.2921,-33.1674],[150.2811,-33.1724],[150.2738,-33.1711],[150.2656,-33.1738],[150.2596,-33.1731],[150.2564,-33.168],[150.2515,-33.1679],[150.2432,-33.1728],[150.2354,-33.166],[150.2291,-33.1632],[150.2056,-33.1682],[150.193,-33.1671],[150.1887,-33.1828],[150.1896,-33.1877],[150.1769,-33.2028],[150.1766,-33.213],[150.169,-33.2241],[150.1647,-33.2276],[150.1595,-33.222],[150.141,-33.2256],[150.1312,-33.2168],[150.1027,-33.2364],[150.0953,-33.2371],[150.0862,-33.223],[150.0787,-33.2194],[150.071,-33.2266],[150.0708,-33.231],[150.0576,-33.2321],[150.0595,-33.227],[150.0681,-33.2212],[150.0675,-33.2174],[150.0597,-33.2163],[150.0584,-33.1944],[150.035,-33.1905],[150.0361,-33.1853],[150.0245,-33.1836],[150.0219,-33.1801],[150.0045,-33.1779],[149.9955,-33.1823],[149.9857,-33.1809],[149.9799,-33.2103],[149.9655,-33.2077],[149.9543,-33.2168],[149.9538,-33.2227],[149.9473,-33.2322],[149.9423,-33.2535],[149.9586,-33.2557],[149.9543,-33.2689],[149.9603,-33.2832],[149.9631,-33.2956],[149.9613,-33.3022],[149.9608,-33.3049],[149.975,-33.3068],[149.9732,-33.3001],[150.0047,-33.3044],[150.0025,-33.3188],[150.0382,-33.3235],[150.0364,-33.3425],[150.0223,-33.3491],[150.0189,-33.3648],[150.0664,-33.3699],[150.0629,-33.3867],[150.059,-33.3899],[150.071,-33.3937],[150.0835,-33.3955],[150.0843,-33.3982],[150.0965,-33.4004],[150.0996,-33.4034],[150.0961,-33.4241],[150.0828,-33.4223],[150.0833,-33.427],[150.0757,-33.4307],[150.0726,-33.4505],[150.0896,-33.4527],[150.09,-33.4575],[150.0797,-33.4727],[150.0684,-33.484],[150.0389,-33.4798],[150.0348,-33.4766],[150.0383,-33.461],[150.0369,-33.4544],[150.0431,-33.4396],[150.0453,-33.4284],[150.0149,-33.4242],[150.0155,-33.4173],[150.0048,-33.4135],[149.9996,-33.4293],[149.9933,-33.4285],[149.9943,-33.4231],[149.9851,-33.4213],[149.9822,-33.4265],[149.971,-33.4258],[149.9651,-33.4318],[149.9615,-33.4472],[149.9538,-33.4463],[149.9545,-33.453],[149.9506,-33.4608],[149.9463,-33.4768],[149.9623,-33.4804],[149.9593,-33.4987],[149.9607,-33.5065],[149.9525,-33.5064],[149.9406,-33.5112],[149.942,-33.5232],[149.9357,-33.5232],[149.9304,-33.5503],[149.9338,-33.5587],[149.9422,-33.5687],[149.9415,-33.5764],[149.9371,-33.5795],[149.9377,-33.5902],[149.9493,-33.5947],[149.9515,-33.6039],[149.9647,-33.6138],[149.9739,-33.6148],[149.975,-33.6206],[149.9706,-33.6284],[149.9741,-33.6338],[149.9738,-33.6399],[149.9794,-33.6433],[149.9782,-33.6481],[149.9865,-33.6548],[149.9838,-33.6609],[149.9852,-33.6657],[149.9719,-33.6654],[149.9775,-33.6738],[149.9783,-33.679],[149.9844,-33.6884],[149.9747,-33.6957],[149.9673,-33.7035],[149.9684,-33.7145],[149.966,-33.7233],[149.9788,-33.7341],[149.9841,-33.7433],[149.9828,-33.7511],[149.9893,-33.7636],[149.9908,-33.7762],[149.9949,-33.7804],[149.9612,-33.7762],[149.9594,-33.7858],[149.9528,-33.7886],[149.9547,-33.7951],[149.9606,-33.8024],[149.9626,-33.8105],[149.9588,-33.8176],[149.9608,-33.8239],[149.9668,-33.8323],[149.9801,-33.8305],[149.9916,-33.8337],[149.9984,-33.8327],[150.002,-33.8369],[150.0121,-33.8346],[150.0159,-33.8455],[150.0232,-33.8488],[150.0257,-33.8537],[150.0394,-33.8531],[150.0483,-33.872],[150.0439,-33.8851],[150.0474,-33.8886],[150.0483,-33.8982],[150.0508,-33.902],[150.0513,-33.9147],[150.0643,-33.9101],[150.0715,-33.9107],[150.0756,-33.8995],[150.0807,-33.8953],[150.0889,-33.8969],[150.0895,-33.8905],[150.0967,-33.8866],[150.1069,-33.8782],[150.1192,-33.8751],[150.1246,-33.8636],[150.1376,-33.8569],[150.1422,-33.8572],[150.1523,-33.8483],[150.1508,-33.8358],[150.1643,-33.8192],[150.1736,-33.8165],[150.1804,-33.8058],[150.1794,-33.7969],[150.172,-33.7987],[150.1687,-33.7951],[150.171,-33.7891]]]}},{"type":"Feature","properties":{"pc":"2794"},"geometry":{"type":"Polygon","coordinates":[[[148.7572,-33.6849],[148.7515,-33.6897],[148.7396,-33.6898],[148.7244,-33.6878],[148.723,-33.6955],[148.7164,-33.6917],[148.709,-33.6907],[148.7099,-33.6858],[148.6867,-33.6887],[148.6853,-33.6831],[148.6718,-33.6813],[148.6667,-33.7135],[148.6602,-33.7134],[148.6617,-33.7051],[148.6355,-33.7015],[148.6345,-33.707],[148.6248,-33.705],[148.5996,-33.7021],[148.6003,-33.6963],[148.5859,-33.6942],[148.568,-33.6878],[148.5664,-33.6804],[148.5533,-33.6739],[148.5464,-33.6731],[148.5444,-33.6835],[148.4958,-33.6775],[148.4917,-33.6856],[148.4706,-33.6827],[148.4685,-33.6902],[148.4608,-33.7332],[148.459,-33.7481],[148.4527,-33.7475],[148.4504,-33.7593],[148.4505,-33.7712],[148.4441,-33.7741],[148.4407,-33.7925],[148.4231,-33.7906],[148.4176,-33.7868],[148.4171,-33.7809],[148.3678,-33.7744],[148.3669,-33.7794],[148.3575,-33.7783],[148.3548,-33.7831],[148.3474,-33.7822],[148.3461,-33.79],[148.3369,-33.8013],[148.3323,-33.8109],[148.325,-33.8212],[148.3122,-33.8195],[148.3092,-33.8363],[148.3159,-33.8359],[148.3233,-33.8257],[148.3287,-33.8303],[148.3473,-33.8358],[148.3469,-33.8422],[148.3572,-33.8428],[148.3636,-33.8348],[148.38,-33.8339],[148.3802,-33.8436],[148.3778,-33.858],[148.3699,-33.857],[148.3637,-33.8682],[148.3639,-33.8745],[148.36,-33.8823],[148.3702,-33.8836],[148.3685,-33.8934],[148.3557,-33.8918],[148.3526,-33.9085],[148.345,-33.9076],[148.3397,-33.9333],[148.3301,-33.9336],[148.3305,-33.9405],[148.3276,-33.9563],[148.3306,-33.9641],[148.3444,-33.9659],[148.3616,-33.9672],[148.3652,-33.9566],[148.3832,-33.9572],[148.4018,-33.9595],[148.3993,-33.9533],[148.4364,-33.9578],[148.4605,-33.9598],[148.4681,-33.9642],[148.4781,-33.9621],[148.4796,-33.9545],[148.4855,-33.9552],[148.4887,-33.945],[148.4938,-33.9365],[148.5004,-33.9326],[148.5031,-33.927],[148.515,-33.9297],[148.5125,-33.9424],[148.567,-33.9498],[148.5812,-33.9509],[148.5794,-33.959],[148.5752,-33.9642],[148.575,-33.9726],[148.5832,-33.9763],[148.5843,-33.9713],[148.6635,-33.9822],[148.6736,-33.985],[148.6756,-34.0023],[148.6812,-34.0041],[148.6831,-34.0097],[148.6785,-34.015],[148.7518,-34.0244],[148.7574,-34.0343],[148.7631,-34.0382],[148.7589,-34.0489],[148.748,-34.0518],[148.7477,-34.0589],[148.7418,-34.0581],[148.7392,-34.0699],[148.7322,-34.07],[148.731,-34.0787],[148.7487,-34.0809],[148.7507,-34.083],[148.7632,-34.0845],[148.7621,-34.0903],[148.7807,-34.0932],[148.785,-34.0844],[148.8032,-34.0867],[148.8026,-34.0922],[148.8101,-34.0963],[148.8062,-34.1035],[148.8168,-34.1049],[148.8145,-34.1138],[148.821,-34.1204],[148.8134,-34.1345],[148.8159,-34.1415],[148.8389,-34.1444],[148.8467,-34.1466],[148.8561,-34.1461],[148.8556,-34.1355],[148.893,-34.1408],[148.8963,-34.1312],[148.9002,-34.1097],[148.9093,-34.111],[148.9138,-34.0875],[148.9114,-34.0817],[148.916,-34.0665],[148.9205,-34.0447],[148.9006,-34.0423],[148.9013,-34.0388],[148.8871,-34.0371],[148.8873,-34.0271],[148.89,-34.0234],[148.8808,-34.0133],[148.8764,-34.0026],[148.8689,-33.9993],[148.8543,-33.9972],[148.8504,-33.9931],[148.8542,-33.9725],[148.8341,-33.9697],[148.8359,-33.9629],[148.8342,-33.947],[148.8272,-33.942],[148.8176,-33.9379],[148.8191,-33.9298],[148.8163,-33.927],[148.8216,-33.9024],[148.8073,-33.9004],[148.8038,-33.8925],[148.8103,-33.8923],[148.8115,-33.8863],[148.8177,-33.8871],[148.8202,-33.8722],[148.8238,-33.8661],[148.8302,-33.8618],[148.8333,-33.8471],[148.807,-33.8432],[148.8084,-33.8366],[148.8007,-33.8355],[148.8005,-33.8272],[148.8038,-33.8099],[148.7967,-33.8097],[148.7775,-33.802],[148.7683,-33.7967],[148.7701,-33.7901],[148.7768,-33.7816],[148.7816,-33.7716],[148.7663,-33.7695],[148.7691,-33.7497],[148.7365,-33.7453],[148.7377,-33.7402],[148.7445,-33.736],[148.7618,-33.7338],[148.767,-33.7098],[148.7643,-33.7019],[148.7607,-33.7014],[148.7629,-33.688],[148.7572,-33.6849]]]}},{"type":"Feature","properties":{"pc":"2795"},"geometry":{"type":"Polygon","coordinates":[[[149.9877,-33.4133],[149.9856,-33.4095],[149.9766,-33.4083],[149.9776,-33.3999],[149.9719,-33.3991],[149.969,-33.4073],[149.9616,-33.4064],[149.9601,-33.4112],[149.9514,-33.4105],[149.9397,-33.4051],[149.9377,-33.4009],[149.9297,-33.3991],[149.9174,-33.4019],[149.9115,-33.3995],[149.915,-33.3836],[149.9137,-33.3771],[149.9272,-33.3677],[149.9188,-33.3639],[149.9233,-33.3559],[149.9309,-33.353],[149.9358,-33.3473],[149.9359,-33.3374],[149.9269,-33.3333],[149.9366,-33.3246],[149.936,-33.3175],[149.941,-33.2993],[149.9613,-33.3022],[149.9631,-33.2956],[149.9603,-33.2832],[149.9543,-33.2689],[149.9586,-33.2557],[149.9423,-33.2535],[149.9473,-33.2322],[149.9538,-33.2227],[149.9543,-33.2168],[149.9655,-33.2077],[149.9599,-33.1999],[149.9534,-33.1992],[149.9546,-33.1935],[149.9448,-33.1893],[149.9413,-33.1938],[149.9315,-33.1887],[149.9225,-33.1794],[149.9118,-33.1795],[149.9133,-33.1746],[149.9046,-33.1731],[149.8996,-33.1633],[149.9043,-33.1544],[149.8981,-33.1477],[149.9005,-33.1415],[149.8946,-33.1429],[149.8818,-33.1322],[149.8845,-33.1245],[149.8758,-33.1237],[149.8774,-33.1295],[149.8701,-33.1298],[149.8674,-33.1248],[149.8551,-33.1165],[149.8528,-33.1198],[149.8356,-33.1228],[149.836,-33.1135],[149.8269,-33.105],[149.8083,-33.1],[149.8028,-33.1069],[149.7973,-33.1013],[149.7885,-33.106],[149.7832,-33.1113],[149.7726,-33.1163],[149.7687,-33.1119],[149.7624,-33.0988],[149.7528,-33.1032],[149.737,-33.0997],[149.7297,-33.0952],[149.735,-33.0696],[149.7458,-33.0624],[149.7484,-33.0481],[149.7162,-33.0439],[149.7219,-33.0389],[149.7239,-33.0333],[149.7197,-33.0254],[149.7214,-33.0159],[149.7206,-33.0038],[149.7261,-32.9974],[149.7227,-32.9925],[149.7116,-32.9911],[149.7128,-32.984],[149.6989,-32.9823],[149.7035,-32.975],[149.7053,-32.9655],[149.731,-32.9688],[149.7328,-32.9597],[149.7415,-32.961],[149.7439,-32.9575],[149.7449,-32.9471],[149.7384,-32.9425],[149.7401,-32.9334],[149.7445,-32.9257],[149.7515,-32.9246],[149.7556,-32.9121],[149.7471,-32.9108],[149.7544,-32.8991],[149.7554,-32.8928],[149.7444,-32.8861],[149.7333,-32.8846],[149.7312,-32.8952],[149.7326,-32.9005],[149.7302,-32.9081],[149.7249,-32.9112],[149.7052,-32.9088],[149.7017,-32.9107],[149.6925,-32.9096],[149.691,-32.9177],[149.6776,-32.916],[149.676,-32.9244],[149.6715,-32.9238],[149.6681,-32.9418],[149.6705,-32.9458],[149.6632,-32.9539],[149.6585,-32.9804],[149.6587,-32.9839],[149.6506,-32.9877],[149.6423,-32.9849],[149.641,-32.9902],[149.6162,-32.9867],[149.6147,-32.9948],[149.602,-32.9932],[149.6043,-33.0002],[149.6017,-33.0117],[149.6052,-33.0122],[149.5945,-33.0725],[149.589,-33.0723],[149.579,-33.0809],[149.5691,-33.0775],[149.5563,-33.0822],[149.5513,-33.0717],[149.557,-33.061],[149.5531,-33.0501],[149.5529,-33.0444],[149.539,-33.0422],[149.5314,-33.0471],[149.5183,-33.0493],[149.5231,-33.0576],[149.5196,-33.0606],[149.5082,-33.0538],[149.5062,-33.0583],[149.5002,-33.0583],[149.4954,-33.0627],[149.4896,-33.0555],[149.4702,-33.0561],[149.4686,-33.06],[149.4614,-33.0631],[149.4461,-33.0603],[149.4362,-33.0665],[149.4177,-33.0655],[149.4052,-33.0733],[149.3926,-33.0852],[149.3795,-33.0865],[149.3684,-33.0856],[149.3608,-33.0807],[149.3497,-33.0818],[149.3373,-33.0743],[149.3358,-33.0685],[149.3276,-33.0602],[149.323,-33.0591],[149.3244,-33.0657],[149.3204,-33.0702],[149.3147,-33.1007],[149.3181,-33.1135],[149.3226,-33.1168],[149.316,-33.1528],[149.2967,-33.1502],[149.2858,-33.2064],[149.2917,-33.2072],[149.2894,-33.2186],[149.301,-33.2229],[149.3084,-33.2228],[149.3137,-33.2355],[149.3147,-33.2433],[149.3182,-33.2457],[149.3174,-33.2535],[149.3211,-33.2649],[149.3111,-33.2722],[149.3134,-33.2795],[149.3203,-33.2811],[149.3259,-33.2872],[149.3238,-33.2927],[149.3281,-33.3036],[149.328,-33.3088],[149.3326,-33.3136],[149.3372,-33.3279],[149.3328,-33.3346],[149.3195,-33.3426],[149.3127,-33.3506],[149.3184,-33.3514],[149.3141,-33.3728],[149.3157,-33.3766],[149.3296,-33.379],[149.347,-33.3776],[149.3598,-33.3794],[149.3592,-33.3829],[149.3831,-33.3862],[149.3841,-33.3812],[149.3989,-33.3832],[149.3999,-33.3779],[149.4144,-33.3785],[149.4102,-33.4004],[149.4039,-33.4017],[149.398,-33.4277],[149.3938,-33.4315],[149.3898,-33.4463],[149.3832,-33.4455],[149.3802,-33.4602],[149.4014,-33.4631],[149.3982,-33.4815],[149.3918,-33.4859],[149.3862,-33.4986],[149.3786,-33.5338],[149.3637,-33.5329],[149.3534,-33.5278],[149.3384,-33.5261],[149.3365,-33.5344],[149.3269,-33.5885],[149.3252,-33.601],[149.3124,-33.6015],[149.2971,-33.5996],[149.2934,-33.6194],[149.2895,-33.6234],[149.2885,-33.6327],[149.2991,-33.6344],[149.3004,-33.6428],[149.3111,-33.6453],[149.3083,-33.6599],[149.2977,-33.6584],[149.2902,-33.6612],[149.2883,-33.6706],[149.2831,-33.6768],[149.2766,-33.6793],[149.264,-33.6917],[149.2676,-33.6956],[149.2645,-33.7003],[149.2667,-33.7075],[149.2956,-33.7098],[149.2947,-33.726],[149.2917,-33.7332],[149.2949,-33.7369],[149.2876,-33.7402],[149.279,-33.7375],[149.2744,-33.7395],[149.2578,-33.7397],[149.253,-33.7487],[149.2414,-33.7605],[149.2353,-33.7599],[149.2276,-33.7733],[149.2271,-33.778],[149.2208,-33.7866],[149.2197,-33.7918],[149.2073,-33.8004],[149.1998,-33.8009],[149.1868,-33.7976],[149.1808,-33.8061],[149.1819,-33.8184],[149.1783,-33.8246],[149.182,-33.8313],[149.1748,-33.8449],[149.1774,-33.8508],[149.1833,-33.8555],[149.1716,-33.8595],[149.1561,-33.8522],[149.1448,-33.8551],[149.1359,-33.863],[149.1347,-33.8688],[149.1264,-33.8664],[149.1204,-33.8686],[149.1219,-33.8756],[149.1185,-33.8786],[149.1198,-33.8878],[149.1315,-33.8955],[149.1301,-33.9002],[149.1392,-33.9031],[149.1375,-33.9097],[149.1477,-33.9143],[149.1552,-33.9283],[149.1528,-33.9369],[149.1404,-33.9455],[149.1467,-33.9547],[149.1445,-33.9579],[149.1526,-33.967],[149.1632,-33.972],[149.1649,-33.9779],[149.1731,-33.9767],[149.1794,-33.9847],[149.1977,-33.9849],[149.2028,-33.9691],[149.2131,-33.9707],[149.2169,-33.9641],[149.2256,-33.9664],[149.2254,-33.9732],[149.2372,-33.9676],[149.2439,-33.9698],[149.266,-33.9604],[149.2741,-33.9596],[149.2793,-33.9485],[149.2948,-33.9508],[149.3027,-33.954],[149.3088,-33.9528],[149.3148,-33.9567],[149.3234,-33.956],[149.333,-33.951],[149.3374,-33.9535],[149.3478,-33.9533],[149.3539,-33.9586],[149.3521,-33.9712],[149.3611,-33.9692],[149.3634,-33.9769],[149.3695,-33.9766],[149.3758,-33.9844],[149.3836,-33.9796],[149.3853,-33.991],[149.3925,-33.9962],[149.4012,-33.9982],[149.4032,-34.0062],[149.4132,-34.0085],[149.4347,-34.0229],[149.4446,-34.0231],[149.4466,-34.0267],[149.4559,-34.0244],[149.4588,-34.0167],[149.4641,-34.0107],[149.4802,-34.0154],[149.4839,-34.0219],[149.4907,-34.0215],[149.5059,-34.0317],[149.5132,-34.032],[149.5184,-34.0413],[149.5124,-34.0482],[149.5161,-34.0534],[149.5236,-34.0525],[149.5291,-34.0559],[149.5277,-34.0611],[149.5374,-34.0644],[149.5456,-34.0738],[149.5475,-34.0856],[149.5576,-34.0899],[149.5629,-34.0879],[149.5697,-34.091],[149.5832,-34.1073],[149.5966,-34.1118],[149.6068,-34.1228],[149.6129,-34.1158],[149.6145,-34.1096],[149.6204,-34.1056],[149.6234,-34.1131],[149.6215,-34.1191],[149.6221,-34.1279],[149.6381,-34.1213],[149.6568,-34.1114],[149.6612,-34.1113],[149.6639,-34.1028],[149.6578,-34.0935],[149.6451,-34.0833],[149.6461,-34.0784],[149.6305,-34.0696],[149.6354,-34.0573],[149.6408,-34.0575],[149.6443,-34.0501],[149.6509,-34.0524],[149.657,-34.0504],[149.6614,-34.0437],[149.6754,-34.0425],[149.6837,-34.0464],[149.6844,-34.0496],[149.6959,-34.0508],[149.6995,-34.0377],[149.6964,-34.0302],[149.7027,-34.0279],[149.7064,-34.0166],[149.7154,-34.0069],[149.7196,-33.9928],[149.7243,-33.9839],[149.735,-33.9853],[149.7447,-33.9844],[149.7461,-33.9772],[149.7411,-33.9765],[149.7429,-33.9676],[149.7475,-33.9682],[149.7502,-33.9554],[149.7409,-33.954],[149.7466,-33.9236],[149.7273,-33.928],[149.7265,-33.9318],[149.7049,-33.9289],[149.7059,-33.9232],[149.6649,-33.9178],[149.6658,-33.9126],[149.6628,-33.9058],[149.6688,-33.9031],[149.6729,-33.8816],[149.6664,-33.884],[149.658,-33.8831],[149.6533,-33.876],[149.6599,-33.8692],[149.6544,-33.8632],[149.6496,-33.8541],[149.6487,-33.8478],[149.6424,-33.8449],[149.6409,-33.8337],[149.647,-33.824],[149.6436,-33.8196],[149.6422,-33.8102],[149.6442,-33.7993],[149.6488,-33.7911],[149.6571,-33.7938],[149.6573,-33.7867],[149.6496,-33.7818],[149.641,-33.7686],[149.6353,-33.7673],[149.6351,-33.7597],[149.6309,-33.7583],[149.6351,-33.7499],[149.6372,-33.7296],[149.6464,-33.714],[149.6527,-33.7136],[149.6554,-33.7056],[149.6604,-33.6987],[149.6649,-33.699],[149.6769,-33.687],[149.6976,-33.6897],[149.7024,-33.6835],[149.7115,-33.6948],[149.7339,-33.6981],[149.7386,-33.6864],[149.7436,-33.6864],[149.7512,-33.6932],[149.7543,-33.6871],[149.7583,-33.6661],[149.7659,-33.646],[149.7651,-33.6378],[149.7593,-33.6369],[149.7565,-33.6298],[149.7587,-33.6173],[149.7686,-33.6186],[149.7694,-33.6062],[149.779,-33.6031],[149.7872,-33.6042],[149.7914,-33.5924],[149.8036,-33.5903],[149.8074,-33.5697],[149.8211,-33.5728],[149.8228,-33.5629],[149.8261,-33.5634],[149.8326,-33.5273],[149.8345,-33.5304],[149.8488,-33.5278],[149.8535,-33.5128],[149.86,-33.5074],[149.8717,-33.5089],[149.8727,-33.5042],[149.8623,-33.5029],[149.8632,-33.4936],[149.8577,-33.4887],[149.865,-33.483],[149.8657,-33.477],[149.8706,-33.4727],[149.8778,-33.4744],[149.8784,-33.4811],[149.8837,-33.4818],[149.9016,-33.4751],[149.9291,-33.479],[149.9299,-33.4747],[149.9463,-33.4768],[149.9506,-33.4608],[149.9545,-33.453],[149.9538,-33.4463],[149.9615,-33.4472],[149.9651,-33.4318],[149.971,-33.4258],[149.9822,-33.4265],[149.9851,-33.4213],[149.9894,-33.4184],[149.9877,-33.4133]]]}},{"type":"Feature","properties":{"pc":"2800"},"geometry":{"type":"Polygon","coordinates":[[[149.0141,-33.4859],[149.0131,-33.4764],[149.0171,-33.4705],[149.0101,-33.4696],[149.0122,-33.4582],[149.0506,-33.4639],[149.0561,-33.4566],[149.0597,-33.4433],[149.0573,-33.4252],[149.0435,-33.4293],[149.043,-33.4224],[149.0458,-33.4136],[149.0586,-33.4118],[149.0609,-33.4022],[149.0709,-33.4016],[149.0754,-33.3957],[149.08,-33.3963],[149.0803,-33.3868],[149.0873,-33.3814],[149.0972,-33.3782],[149.1115,-33.3805],[149.1108,-33.3917],[149.1083,-33.4008],[149.1174,-33.4024],[149.1185,-33.3978],[149.1305,-33.3996],[149.1265,-33.4074],[149.1186,-33.4074],[149.1174,-33.4226],[149.127,-33.4225],[149.1299,-33.4276],[149.1432,-33.4296],[149.1442,-33.427],[149.17,-33.4328],[149.1661,-33.4219],[149.174,-33.4184],[149.1755,-33.4112],[149.1813,-33.4121],[149.1873,-33.4203],[149.195,-33.4215],[149.201,-33.4147],[149.2085,-33.4155],[149.2099,-33.4088],[149.2024,-33.4078],[149.205,-33.3934],[149.2192,-33.3955],[149.2238,-33.3885],[149.2283,-33.3667],[149.2746,-33.3733],[149.2784,-33.3545],[149.2823,-33.3551],[149.2842,-33.3464],[149.3127,-33.3506],[149.3195,-33.3426],[149.3328,-33.3346],[149.3372,-33.3279],[149.3326,-33.3136],[149.328,-33.3088],[149.3281,-33.3036],[149.3238,-33.2927],[149.3259,-33.2872],[149.3203,-33.2811],[149.3134,-33.2795],[149.3111,-33.2722],[149.3211,-33.2649],[149.3174,-33.2535],[149.3182,-33.2457],[149.3147,-33.2433],[149.3137,-33.2355],[149.3084,-33.2228],[149.301,-33.2229],[149.2894,-33.2186],[149.2917,-33.2072],[149.2858,-33.2064],[149.2967,-33.1502],[149.316,-33.1528],[149.3226,-33.1168],[149.3181,-33.1135],[149.3147,-33.1007],[149.3204,-33.0702],[149.3244,-33.0657],[149.323,-33.0591],[149.312,-33.0551],[149.3082,-33.0594],[149.2991,-33.0611],[149.2829,-33.0517],[149.2739,-33.0438],[149.2797,-33.0361],[149.2789,-33.0313],[149.2818,-33.0156],[149.2694,-33.0152],[149.2632,-33.0106],[149.2554,-33.0132],[149.2389,-33.0081],[149.233,-32.9986],[149.2256,-33.0052],[149.2195,-33.0149],[149.2242,-33.0197],[149.2167,-33.0226],[149.207,-33.0317],[149.1918,-33.0318],[149.1907,-33.0379],[149.168,-33.0345],[149.1714,-33.017],[149.162,-33.0027],[149.1495,-33.0011],[149.1454,-33.008],[149.1401,-33.0079],[149.1377,-33.0131],[149.1284,-33.0072],[149.1204,-33.0061],[149.1196,-33.0104],[149.1132,-33.013],[149.0954,-33.0134],[149.0989,-33.036],[149.0977,-33.0427],[149.0814,-33.0404],[149.0742,-33.0465],[149.0638,-33.0413],[149.0605,-33.0348],[149.0344,-33.0422],[149.014,-33.0411],[149.0046,-33.0379],[148.9867,-33.0489],[148.9908,-33.0548],[148.993,-33.0661],[148.9899,-33.0692],[148.9906,-33.0757],[149.0072,-33.0781],[149.0056,-33.0869],[148.9971,-33.089],[148.9966,-33.0942],[149.0047,-33.0986],[149.001,-33.1027],[149.0115,-33.1063],[149.0107,-33.1104],[148.9962,-33.1109],[148.9965,-33.1178],[148.9878,-33.1216],[148.9773,-33.1227],[148.9726,-33.126],[148.9667,-33.1243],[148.9639,-33.1368],[148.959,-33.1389],[148.9615,-33.1458],[148.9699,-33.1448],[148.9733,-33.1528],[148.9599,-33.1514],[148.9622,-33.1673],[148.9663,-33.17],[148.9667,-33.1783],[148.9696,-33.187],[148.9681,-33.1936],[148.9584,-33.1923],[148.9594,-33.188],[148.93,-33.1837],[148.9175,-33.183],[148.9069,-33.2059],[148.8868,-33.203],[148.8806,-33.208],[148.8785,-33.2192],[148.8675,-33.2226],[148.8655,-33.2349],[148.8542,-33.235],[148.8411,-33.2328],[148.8245,-33.2327],[148.8239,-33.2371],[148.8143,-33.2419],[148.8061,-33.2351],[148.7858,-33.2407],[148.7791,-33.2437],[148.7703,-33.2569],[148.7742,-33.2627],[148.7921,-33.2653],[148.7986,-33.2648],[148.8144,-33.2668],[148.813,-33.2748],[148.8165,-33.2803],[148.8356,-33.2827],[148.837,-33.2782],[148.8529,-33.2673],[148.8857,-33.2694],[148.8829,-33.285],[148.8773,-33.2841],[148.867,-33.2868],[148.8652,-33.2974],[148.8618,-33.3022],[148.8836,-33.305],[148.8794,-33.3256],[148.8761,-33.3258],[148.8742,-33.3367],[148.8751,-33.3428],[148.8802,-33.3479],[148.8869,-33.3498],[148.8848,-33.3587],[148.8682,-33.3575],[148.8639,-33.3613],[148.857,-33.3607],[148.843,-33.356],[148.8325,-33.3551],[148.8259,-33.3486],[148.8151,-33.3473],[148.8145,-33.3508],[148.7969,-33.3486],[148.7912,-33.379],[148.7873,-33.3723],[148.7742,-33.3599],[148.7721,-33.3655],[148.7739,-33.3719],[148.764,-33.3707],[148.7585,-33.3876],[148.737,-33.3842],[148.7354,-33.3928],[148.7443,-33.3924],[148.7422,-33.4041],[148.7334,-33.405],[148.7117,-33.4018],[148.71,-33.4107],[148.7078,-33.4218],[148.7201,-33.4236],[148.7143,-33.4518],[148.7364,-33.4551],[148.7345,-33.4645],[148.7662,-33.4681],[148.7556,-33.4739],[148.7475,-33.4848],[148.7632,-33.4869],[148.7682,-33.4892],[148.7732,-33.4842],[148.7934,-33.4867],[148.7852,-33.4768],[148.7934,-33.467],[148.7955,-33.4613],[148.807,-33.4678],[148.81,-33.4633],[148.8398,-33.4674],[148.8374,-33.4847],[148.834,-33.497],[148.8324,-33.5097],[148.8455,-33.5113],[148.8406,-33.5172],[148.8307,-33.523],[148.7956,-33.5191],[148.7917,-33.5201],[148.7898,-33.5307],[148.7973,-33.5383],[148.8062,-33.5505],[148.8124,-33.5525],[148.8181,-33.5571],[148.8159,-33.5683],[148.8232,-33.5657],[148.8276,-33.5741],[148.8325,-33.5683],[148.8447,-33.5687],[148.8457,-33.5759],[148.8527,-33.576],[148.8632,-33.5798],[148.872,-33.5731],[148.874,-33.579],[148.8721,-33.5913],[148.8757,-33.594],[148.8811,-33.5885],[148.882,-33.5829],[148.8894,-33.5825],[148.8994,-33.5792],[148.9053,-33.5842],[148.9089,-33.5794],[148.9248,-33.5765],[148.9204,-33.5719],[148.9286,-33.562],[148.9363,-33.569],[148.9458,-33.5696],[148.9566,-33.5683],[148.9641,-33.5631],[148.965,-33.5713],[148.9757,-33.5747],[148.9831,-33.5713],[148.9914,-33.5279],[149.0008,-33.529],[149.0022,-33.5194],[149.0015,-33.5075],[149.0103,-33.5088],[149.0141,-33.4859]]]}},{"type":"Feature","properties":{"pc":"2830"},"geometry":{"type":"Polygon","coordinates":[[[148.638,-32.6332],[148.64,-32.6218],[148.6212,-32.6194],[148.6241,-32.6033],[148.6032,-32.5982],[148.6061,-32.5817],[148.6386,-32.5857],[148.653,-32.5077],[148.6372,-32.5066],[148.6357,-32.5158],[148.6231,-32.5141],[148.626,-32.4983],[148.6158,-32.4948],[148.6125,-32.4903],[148.6179,-32.4617],[148.6218,-32.4622],[148.6252,-32.443],[148.6404,-32.4435],[148.6437,-32.4417],[148.6457,-32.4172],[148.6538,-32.4215],[148.6562,-32.4082],[148.6496,-32.4072],[148.6532,-32.3953],[148.6599,-32.3928],[148.6618,-32.3818],[148.677,-32.3716],[148.6844,-32.373],[148.6914,-32.3803],[148.6894,-32.3869],[148.6997,-32.3942],[148.6985,-32.4033],[148.7101,-32.4075],[148.7166,-32.4159],[148.7247,-32.4161],[148.7242,-32.421],[148.735,-32.4235],[148.7408,-32.418],[148.7541,-32.419],[148.7574,-32.3956],[148.7646,-32.3966],[148.7657,-32.3902],[148.7584,-32.3894],[148.7615,-32.3801],[148.7386,-32.3775],[148.7354,-32.3798],[148.7261,-32.3786],[148.7287,-32.3736],[148.7307,-32.3617],[148.7301,-32.3509],[148.7189,-32.3495],[148.7197,-32.3454],[148.7109,-32.3443],[148.7177,-32.3066],[148.7306,-32.315],[148.7338,-32.2967],[148.7429,-32.2979],[148.7462,-32.2787],[148.7557,-32.2825],[148.763,-32.288],[148.7672,-32.258],[148.7799,-32.2597],[148.7815,-32.2512],[148.7855,-32.2517],[148.7892,-32.2327],[148.7855,-32.2263],[148.7786,-32.2252],[148.7817,-32.2111],[148.793,-32.2167],[148.8142,-32.2193],[148.8207,-32.2284],[148.8461,-32.2316],[148.855,-32.2296],[148.859,-32.2356],[148.8587,-32.2459],[148.8614,-32.255],[148.8708,-32.2568],[148.8763,-32.2557],[148.8865,-32.2654],[148.8904,-32.2631],[148.9008,-32.2694],[148.8959,-32.2755],[148.9023,-32.2874],[148.9273,-32.2714],[148.9297,-32.2585],[148.9573,-32.2624],[148.9666,-32.2119],[148.9616,-32.2112],[148.9694,-32.1714],[148.9726,-32.1702],[148.9645,-32.1673],[148.96,-32.1615],[148.9539,-32.1602],[148.9624,-32.1465],[148.9597,-32.1426],[148.9692,-32.1398],[148.9705,-32.1316],[148.963,-32.129],[148.945,-32.1267],[148.9418,-32.1127],[148.945,-32.1065],[148.9662,-32.1091],[148.9689,-32.0952],[148.9893,-32.0977],[148.9887,-32.1019],[149.0071,-32.1044],[149.0123,-32.078],[149.0171,-32.0786],[149.0204,-32.073],[149.0248,-32.0498],[149.0022,-32.0468],[148.9971,-32.0366],[149.0113,-32.0386],[149.0189,-31.9984],[149.0317,-31.9234],[149.0208,-31.9219],[149.0031,-31.936],[148.9941,-31.9328],[148.9885,-31.9279],[148.9808,-31.9266],[148.9778,-31.9154],[148.8971,-31.9046],[148.8472,-31.8987],[148.8394,-31.8977],[148.8348,-31.9198],[148.8286,-31.9547],[148.8402,-31.9641],[148.8284,-31.9724],[148.826,-31.9699],[148.7689,-31.9624],[148.7651,-31.9824],[148.7257,-31.9776],[148.7223,-31.997],[148.7292,-31.9982],[148.7277,-32.0075],[148.7286,-32.0182],[148.7136,-32.0164],[148.7141,-32.0136],[148.6999,-32.0121],[148.6961,-32.0332],[148.6895,-32.0325],[148.6878,-32.0448],[148.6215,-32.0364],[148.6063,-32.0337],[148.605,-32.0409],[148.5948,-32.0396],[148.5927,-32.0532],[148.6068,-32.0548],[148.6033,-32.0736],[148.6042,-32.0837],[148.5894,-32.0828],[148.5549,-32.0791],[148.5538,-32.0724],[148.559,-32.0562],[148.5492,-32.0523],[148.5487,-32.0298],[148.5286,-32.0274],[148.5387,-31.9693],[148.5267,-31.9676],[148.4911,-31.9923],[148.4967,-31.9594],[148.4864,-31.9542],[148.4984,-31.8856],[148.5022,-31.8673],[148.4987,-31.8679],[148.5044,-31.8368],[148.4736,-31.8324],[148.4377,-31.8245],[148.4093,-31.8211],[148.4082,-31.8277],[148.3553,-31.821],[148.3579,-31.8037],[148.3474,-31.8023],[148.346,-31.7974],[148.326,-31.7949],[148.3264,-31.7926],[148.3102,-31.7907],[148.3015,-31.7924],[148.299,-31.8069],[148.3011,-31.8099],[148.3111,-31.857],[148.3199,-31.8695],[148.3288,-31.878],[148.3405,-31.9112],[148.3434,-31.9367],[148.3543,-31.9446],[148.3676,-31.9677],[148.3998,-31.9994],[148.4184,-32.0141],[148.4376,-32.0174],[148.4163,-32.0253],[148.4323,-32.0272],[148.4305,-32.0379],[148.4408,-32.0392],[148.4369,-32.0608],[148.4278,-32.0596],[148.4211,-32.0551],[148.4071,-32.0705],[148.4111,-32.0732],[148.4059,-32.1021],[148.4191,-32.1044],[148.4143,-32.1355],[148.4512,-32.14],[148.4461,-32.1453],[148.4469,-32.1521],[148.4399,-32.1568],[148.4338,-32.1566],[148.4299,-32.1615],[148.4208,-32.1648],[148.4181,-32.1699],[148.404,-32.1756],[148.4044,-32.1829],[148.3995,-32.1872],[148.3946,-32.1966],[148.3899,-32.1982],[148.3871,-32.2058],[148.3747,-32.2091],[148.3744,-32.2014],[148.3656,-32.1976],[148.36,-32.2032],[148.3666,-32.2115],[148.3712,-32.2286],[148.3653,-32.2376],[148.3697,-32.2393],[148.3757,-32.2568],[148.3982,-32.2574],[148.405,-32.3106],[148.3789,-32.3936],[148.4073,-32.3972],[148.3986,-32.4077],[148.3973,-32.4116],[148.3875,-32.4184],[148.38,-32.4264],[148.3941,-32.4375],[148.3993,-32.4793],[148.4094,-32.4822],[148.4062,-32.4889],[148.4002,-32.4926],[148.3929,-32.5036],[148.3978,-32.5107],[148.3974,-32.5165],[148.392,-32.5298],[148.3953,-32.5351],[148.3927,-32.5421],[148.3987,-32.5515],[148.3971,-32.5624],[148.4068,-32.5678],[148.4123,-32.58],[148.4113,-32.5854],[148.4208,-32.5907],[148.4162,-32.5957],[148.414,-32.6072],[148.4096,-32.6184],[148.4049,-32.6236],[148.4354,-32.6206],[148.4593,-32.6073],[148.4687,-32.6234],[148.4753,-32.6278],[148.5012,-32.6141],[148.6048,-32.652],[148.6144,-32.6536],[148.6232,-32.6479],[148.6281,-32.6529],[148.632,-32.6497],[148.6296,-32.6447],[148.6356,-32.6398],[148.638,-32.6332]]]}},{"type":"Feature","properties":{"pc":"2900"},"geometry":{"type":"Polygon","coordinates":[[[149.1185,-35.3821],[149.1055,-35.3842],[149.0968,-35.3776],[149.0816,-35.3779],[149.0817,-35.372],[149.073,-35.3601],[149.0689,-35.359],[149.0633,-35.3664],[149.0514,-35.366],[149.0331,-35.3608],[149.0345,-35.3753],[149.0142,-35.3881],[149.0079,-35.3958],[149.01,-35.3989],[149.0483,-35.4146],[149.0552,-35.4183],[149.0515,-35.4267],[149.0609,-35.4285],[149.0709,-35.4365],[149.075,-35.4482],[149.0697,-35.4526],[149.0566,-35.4505],[149.0544,-35.4545],[149.0643,-35.4647],[149.0597,-35.473],[149.0663,-35.4805],[149.0708,-35.4919],[149.0657,-35.4988],[149.0748,-35.5143],[149.0768,-35.5277],[149.0887,-35.5322],[149.0917,-35.5361],[149.1007,-35.5379],[149.103,-35.5451],[149.1018,-35.5511],[149.1045,-35.5602],[149.1106,-35.5647],[149.1111,-35.5806],[149.1163,-35.5863],[149.1256,-35.5875],[149.1304,-35.591],[149.1407,-35.5886],[149.132,-35.5572],[149.1326,-35.5491],[149.15,-35.5114],[149.1516,-35.4932],[149.1452,-35.4769],[149.1386,-35.4683],[149.1352,-35.4537],[149.1419,-35.4514],[149.1442,-35.4464],[149.1515,-35.4439],[149.1551,-35.4362],[149.1517,-35.4334],[149.1403,-35.434],[149.1382,-35.4297],[149.1445,-35.4231],[149.1464,-35.4153],[149.1524,-35.4107],[149.1457,-35.4043],[149.1473,-35.3967],[149.1364,-35.3903],[149.1241,-35.3888],[149.1185,-35.3821]],[[149.1057,-35.3946],[149.121,-35.3908],[149.1256,-35.3988],[149.1419,-35.4056],[149.1448,-35.4054],[149.1437,-35.4199],[149.139,-35.4257],[149.1244,-35.4361],[149.1295,-35.4422],[149.1293,-35.4522],[149.1225,-35.4562],[149.1211,-35.4647],[149.1157,-35.472],[149.111,-35.4711],[149.1076,-35.4782],[149.1019,-35.4803],[149.0907,-35.4751],[149.0785,-35.4726],[149.0798,-35.4656],[149.0721,-35.4596],[149.0797,-35.4532],[149.0791,-35.4465],[149.0718,-35.4344],[149.0643,-35.4278],[149.0783,-35.4238],[149.0747,-35.4154],[149.0731,-35.4113],[149.0745,-35.4006],[149.0722,-35.3963],[149.059,-35.4018],[149.0568,-35.3979],[149.0401,-35.3984],[149.0312,-35.395],[149.0307,-35.3891],[149.0437,-35.3811],[149.0388,-35.3775],[149.0392,-35.3725],[149.0518,-35.3727],[149.0612,-35.3694],[149.0706,-35.3776],[149.0832,-35.384],[149.0933,-35.3843],[149.0987,-35.3866],[149.1057,-35.3946]]]}},{"type":"Feature","properties":{"pc":"2902"},"geometry":{"type":"Polygon","coordinates":[[[149.0933,-35.3843],[149.0832,-35.384],[149.0706,-35.3776],[149.0612,-35.3694],[149.0518,-35.3727],[149.0392,-35.3725],[149.0388,-35.3775],[149.0437,-35.3811],[149.0307,-35.3891],[149.0312,-35.395],[149.0401,-35.3984],[149.0568,-35.3979],[149.059,-35.4018],[149.0722,-35.3963],[149.0883,-35.3885],[149.0933,-35.3843]]]}},{"type":"Feature","properties":{"pc":"2903"},"geometry":{"type":"Polygon","coordinates":[[[149.0747,-35.4154],[149.0842,-35.4126],[149.0932,-35.4068],[149.1024,-35.4067],[149.1063,-35.403],[149.1057,-35.3946],[149.0987,-35.3866],[149.0933,-35.3843],[149.0883,-35.3885],[149.0722,-35.3963],[149.0745,-35.4006],[149.0731,-35.4113],[149.0747,-35.4154]]]}},{"type":"Feature","properties":{"pc":"2904"},"geometry":{"type":"Polygon","coordinates":[[[149.0783,-35.4238],[149.0895,-35.4236],[149.111,-35.4185],[149.1182,-35.4142],[149.1315,-35.4115],[149.1419,-35.4056],[149.1256,-35.3988],[149.121,-35.3908],[149.1057,-35.3946],[149.1063,-35.403],[149.1024,-35.4067],[149.0932,-35.4068],[149.0842,-35.4126],[149.0747,-35.4154],[149.0783,-35.4238]]]}},{"type":"Feature","properties":{"pc":"2905"},"geometry":{"type":"Polygon","coordinates":[[[149.1419,-35.4056],[149.1315,-35.4115],[149.1182,-35.4142],[149.111,-35.4185],[149.0895,-35.4236],[149.0783,-35.4238],[149.0643,-35.4278],[149.0718,-35.4344],[149.0791,-35.4465],[149.0815,-35.4407],[149.0938,-35.4433],[149.1077,-35.4531],[149.116,-35.4612],[149.1225,-35.4562],[149.1293,-35.4522],[149.1295,-35.4422],[149.1244,-35.4361],[149.139,-35.4257],[149.1437,-35.4199],[149.1448,-35.4054],[149.1419,-35.4056]]]}},{"type":"Feature","properties":{"pc":"2906"},"geometry":{"type":"Polygon","coordinates":[[[149.1225,-35.4562],[149.116,-35.4612],[149.1077,-35.4531],[149.0938,-35.4433],[149.0815,-35.4407],[149.0791,-35.4465],[149.0797,-35.4532],[149.0721,-35.4596],[149.0798,-35.4656],[149.0785,-35.4726],[149.0907,-35.4751],[149.1019,-35.4803],[149.1076,-35.4782],[149.111,-35.4711],[149.1157,-35.472],[149.1211,-35.4647],[149.1225,-35.4562]]]}},{"type":"Feature","properties":{"pc":"2911"},"geometry":{"type":"MultiPolygon","coordinates":[[[[149.1157,-35.2001],[149.1081,-35.1958],[149.0949,-35.2011],[149.11,-35.2105],[149.116,-35.2071],[149.1157,-35.2001]]],[[[149.1474,-35.2087],[149.1325,-35.2069],[149.1301,-35.2204],[149.1226,-35.2257],[149.1251,-35.2314],[149.1439,-35.2258],[149.1474,-35.2088],[149.1474,-35.2087]]]]}},{"type":"Feature","properties":{"pc":"2912"},"geometry":{"type":"Polygon","coordinates":[[[149.1566,-35.1542],[149.1512,-35.1619],[149.151,-35.1746],[149.143,-35.1799],[149.1395,-35.1737],[149.1259,-35.1791],[149.1196,-35.1862],[149.1308,-35.1975],[149.1157,-35.2001],[149.116,-35.2071],[149.11,-35.2105],[149.12,-35.2209],[149.1226,-35.2257],[149.1301,-35.2204],[149.1325,-35.2069],[149.1323,-35.2015],[149.1427,-35.1969],[149.144,-35.187],[149.1507,-35.1892],[149.1618,-35.1824],[149.1683,-35.1889],[149.1687,-35.1998],[149.1652,-35.2002],[149.161,-35.2085],[149.1474,-35.2088],[149.1439,-35.2258],[149.1513,-35.231],[149.1581,-35.2268],[149.1724,-35.2225],[149.1795,-35.2195],[149.1955,-35.2065],[149.2007,-35.2056],[149.1924,-35.2025],[149.1903,-35.1943],[149.1964,-35.1909],[149.197,-35.1854],[149.1914,-35.1792],[149.1836,-35.1757],[149.1891,-35.1655],[149.1856,-35.1611],[149.1765,-35.1582],[149.1695,-35.1602],[149.1634,-35.1519],[149.1566,-35.1542]]]}},{"type":"Feature","properties":{"pc":"2913"},"geometry":{"type":"MultiPolygon","coordinates":[[[[149.1157,-35.2001],[149.1308,-35.1975],[149.1196,-35.1862],[149.1259,-35.1791],[149.1173,-35.1714],[149.113,-35.1617],[149.1044,-35.1565],[149.1101,-35.1533],[149.1223,-35.1537],[149.1203,-35.1432],[149.1096,-35.137],[149.1002,-35.1406],[149.0945,-35.1403],[149.0923,-35.1531],[149.0931,-35.163],[149.0873,-35.1681],[149.0839,-35.1767],[149.0756,-35.184],[149.0791,-35.1886],[149.0949,-35.2011],[149.1081,-35.1958],[149.1157,-35.2001]]],[[[149.1507,-35.1892],[149.144,-35.187],[149.1427,-35.1969],[149.1323,-35.2015],[149.1325,-35.2069],[149.1474,-35.2087],[149.1514,-35.1919],[149.1507,-35.1892]]]]}},{"type":"Feature","properties":{"pc":"2914"},"geometry":{"type":"MultiPolygon","coordinates":[[[[149.1259,-35.1791],[149.1395,-35.1737],[149.143,-35.1799],[149.151,-35.1746],[149.1512,-35.1619],[149.1566,-35.1542],[149.1559,-35.1488],[149.1427,-35.147],[149.1394,-35.1415],[149.1295,-35.1434],[149.1242,-35.1395],[149.1203,-35.1432],[149.1223,-35.1537],[149.1101,-35.1533],[149.1044,-35.1565],[149.113,-35.1617],[149.1173,-35.1714],[149.1259,-35.1791]]],[[[149.1474,-35.2088],[149.161,-35.2085],[149.1652,-35.2002],[149.1687,-35.1998],[149.1683,-35.1889],[149.1618,-35.1824],[149.1507,-35.1892],[149.1514,-35.1919],[149.1474,-35.2087],[149.1474,-35.2088]]]]}},{"type":"Feature","properties":{"pc":"3000"},"geometry":{"type":"Polygon","coordinates":[[[144.956,-37.823],[144.9683,-37.8192],[144.9749,-37.8153],[144.9714,-37.8077],[144.9599,-37.8063],[144.9588,-37.7998],[144.9573,-37.8015],[144.956,-37.8059],[144.9565,-37.8117],[144.9514,-37.8132],[144.956,-37.823]]]}},{"type":"Feature","properties":{"pc":"3002"},"geometry":{"type":"Polygon","coordinates":[[[144.9891,-37.8231],[144.9914,-37.8097],[144.9826,-37.8089],[144.9732,-37.8079],[144.9714,-37.8077],[144.9749,-37.8153],[144.9891,-37.8231]]]}},{"type":"Feature","properties":{"pc":"3003"},"geometry":{"type":"Polygon","coordinates":[[[144.9514,-37.8132],[144.9565,-37.8117],[144.956,-37.8059],[144.9359,-37.8023],[144.9165,-37.7982],[144.9096,-37.8018],[144.9055,-37.8153],[144.9056,-37.8229],[144.9204,-37.82],[144.9324,-37.8151],[144.935,-37.8094],[144.9514,-37.8132]]]}},{"type":"Feature","properties":{"pc":"3004"},"geometry":{"type":"Polygon","coordinates":[[[144.985,-37.8457],[144.9803,-37.8451],[144.9767,-37.8349],[144.9837,-37.8343],[144.9879,-37.8296],[144.9891,-37.8231],[144.9749,-37.8153],[144.9683,-37.8192],[144.9704,-37.8301],[144.9677,-37.8374],[144.9707,-37.8454],[144.9791,-37.8527],[144.9835,-37.8547],[144.985,-37.8457]]]}},{"type":"Feature","properties":{"pc":"3006"},"geometry":{"type":"Polygon","coordinates":[[[144.9683,-37.8192],[144.956,-37.823],[144.9469,-37.8266],[144.9541,-37.8311],[144.9628,-37.8286],[144.9704,-37.8301],[144.9683,-37.8192]]]}},{"type":"Feature","properties":{"pc":"3008"},"geometry":{"type":"Polygon","coordinates":[[[144.9469,-37.8266],[144.956,-37.823],[144.9514,-37.8132],[144.935,-37.8094],[144.9324,-37.8151],[144.9204,-37.82],[144.9379,-37.8231],[144.9414,-37.8258],[144.9469,-37.8266]]]}},{"type":"Feature","properties":{"pc":"3011"},"geometry":{"type":"Polygon","coordinates":[[[144.9027,-37.7896],[144.8835,-37.7864],[144.8814,-37.7978],[144.8854,-37.8026],[144.8842,-37.8092],[144.8985,-37.8107],[144.9055,-37.8153],[144.9096,-37.8018],[144.9165,-37.7982],[144.9027,-37.7896]]]}},{"type":"Feature","properties":{"pc":"3012"},"geometry":{"type":"Polygon","coordinates":[[[144.8842,-37.8092],[144.8854,-37.8026],[144.8814,-37.7978],[144.8835,-37.7864],[144.8855,-37.7755],[144.8719,-37.7726],[144.864,-37.7742],[144.8659,-37.7779],[144.8621,-37.7995],[144.8425,-37.7973],[144.8435,-37.8028],[144.8348,-37.806],[144.8284,-37.8119],[144.8268,-37.8169],[144.8274,-37.8228],[144.8221,-37.8257],[144.8578,-37.8244],[144.8598,-37.8138],[144.8692,-37.8112],[144.8835,-37.8128],[144.8842,-37.8092]]]}},{"type":"Feature","properties":{"pc":"3015"},"geometry":{"type":"Polygon","coordinates":[[[144.8985,-37.8512],[144.8984,-37.8412],[144.8972,-37.8326],[144.9056,-37.8229],[144.8959,-37.8218],[144.8811,-37.8253],[144.8671,-37.8242],[144.8631,-37.8485],[144.8863,-37.8514],[144.8985,-37.8512]]]}},{"type":"Feature","properties":{"pc":"3016"},"geometry":{"type":"Polygon","coordinates":[[[144.8678,-37.8591],[144.8747,-37.8617],[144.8775,-37.8673],[144.8926,-37.8677],[144.9043,-37.8725],[144.9155,-37.8655],[144.9116,-37.8621],[144.9039,-37.8617],[144.8985,-37.8512],[144.8863,-37.8514],[144.8631,-37.8485],[144.8566,-37.8479],[144.8529,-37.8524],[144.8518,-37.8557],[144.8678,-37.8591]]]}},{"type":"Feature","properties":{"pc":"3018"},"geometry":{"type":"Polygon","coordinates":[[[144.8083,-37.8819],[144.8144,-37.8751],[144.8252,-37.8709],[144.8404,-37.8714],[144.8504,-37.8639],[144.8678,-37.8591],[144.8518,-37.8557],[144.8529,-37.8524],[144.8415,-37.8493],[144.8349,-37.8501],[144.789,-37.8448],[144.7894,-37.8428],[144.7809,-37.8458],[144.7768,-37.8631],[144.7895,-37.86],[144.7916,-37.8703],[144.7993,-37.8796],[144.8083,-37.8819]]]}},{"type":"Feature","properties":{"pc":"3019"},"geometry":{"type":"Polygon","coordinates":[[[144.8514,-37.7702],[144.8482,-37.7731],[144.8448,-37.7935],[144.8425,-37.7973],[144.8621,-37.7995],[144.8659,-37.7779],[144.864,-37.7742],[144.8584,-37.776],[144.8514,-37.7702]]]}},{"type":"Feature","properties":{"pc":"3020"},"geometry":{"type":"Polygon","coordinates":[[[144.8268,-37.8169],[144.8284,-37.8119],[144.8348,-37.806],[144.8435,-37.8028],[144.8425,-37.7973],[144.8448,-37.7935],[144.8482,-37.7731],[144.8514,-37.7702],[144.8539,-37.7624],[144.8483,-37.7597],[144.8477,-37.7497],[144.8393,-37.7466],[144.8222,-37.7577],[144.8138,-37.7671],[144.8058,-37.7673],[144.8086,-37.7812],[144.7906,-37.7815],[144.7891,-37.7842],[144.7863,-37.7936],[144.7892,-37.8002],[144.8018,-37.8013],[144.807,-37.8062],[144.8072,-37.8152],[144.8268,-37.8169]]]}},{"type":"Feature","properties":{"pc":"3021"},"geometry":{"type":"Polygon","coordinates":[[[144.8058,-37.7673],[144.8138,-37.7671],[144.8222,-37.7577],[144.8393,-37.7466],[144.8297,-37.7324],[144.8227,-37.7269],[144.8153,-37.7297],[144.793,-37.7279],[144.7641,-37.7255],[144.7596,-37.7502],[144.7711,-37.7519],[144.7787,-37.7466],[144.7925,-37.748],[144.7977,-37.7594],[144.8058,-37.7673]]]}},{"type":"Feature","properties":{"pc":"3023"},"geometry":{"type":"Polygon","coordinates":[[[144.7528,-37.796],[144.7548,-37.7814],[144.7891,-37.7842],[144.7906,-37.7815],[144.7935,-37.7714],[144.8006,-37.767],[144.8058,-37.7673],[144.7977,-37.7594],[144.7925,-37.748],[144.7787,-37.7466],[144.7711,-37.7519],[144.7596,-37.7502],[144.7641,-37.7255],[144.7384,-37.7224],[144.7418,-37.7044],[144.7326,-37.7062],[144.7318,-37.7213],[144.7291,-37.7212],[144.7224,-37.7506],[144.7162,-37.7927],[144.7528,-37.796]]]}},{"type":"Feature","properties":{"pc":"3026"},"geometry":{"type":"Polygon","coordinates":[[[144.7891,-37.7842],[144.7548,-37.7814],[144.7528,-37.796],[144.751,-37.8104],[144.7691,-37.812],[144.7656,-37.8387],[144.761,-37.844],[144.7465,-37.854],[144.7525,-37.8544],[144.7613,-37.8552],[144.7765,-37.8466],[144.7809,-37.8458],[144.7894,-37.8428],[144.8115,-37.8325],[144.8221,-37.8257],[144.8274,-37.8228],[144.8268,-37.8169],[144.8072,-37.8152],[144.807,-37.8062],[144.8018,-37.8013],[144.7892,-37.8002],[144.7863,-37.7936],[144.7891,-37.7842]]]}},{"type":"Feature","properties":{"pc":"3027"},"geometry":{"type":"Polygon","coordinates":[[[144.7369,-37.8734],[144.7513,-37.8698],[144.7578,-37.8651],[144.7525,-37.8544],[144.7465,-37.854],[144.7313,-37.8527],[144.7318,-37.863],[144.7369,-37.8734]]]}},{"type":"Feature","properties":{"pc":"3029"},"geometry":{"type":"Polygon","coordinates":[[[144.6509,-37.8703],[144.6628,-37.871],[144.6645,-37.8756],[144.6829,-37.8776],[144.6805,-37.8915],[144.7123,-37.8795],[144.7369,-37.8734],[144.7318,-37.863],[144.7313,-37.8527],[144.7465,-37.854],[144.761,-37.844],[144.7656,-37.8387],[144.7691,-37.812],[144.751,-37.8104],[144.7528,-37.796],[144.7162,-37.7927],[144.7224,-37.7506],[144.7042,-37.747],[144.6709,-37.735],[144.669,-37.7448],[144.6598,-37.7444],[144.6577,-37.7501],[144.6547,-37.7713],[144.6819,-37.7747],[144.6777,-37.803],[144.6595,-37.8009],[144.654,-37.8298],[144.6178,-37.8259],[144.6147,-37.8421],[144.6191,-37.8515],[144.6351,-37.8675],[144.6395,-37.8656],[144.6509,-37.8703]]]}},{"type":"Feature","properties":{"pc":"3030"},"geometry":{"type":"MultiPolygon","coordinates":[[[[144.5916,-38.0044],[144.6231,-38.0001],[144.6502,-38.002],[144.659,-37.9949],[144.6786,-37.9815],[144.6883,-37.9736],[144.6992,-37.9731],[144.7186,-37.9573],[144.7234,-37.9514],[144.7338,-37.9443],[144.744,-37.9393],[144.761,-37.9373],[144.7702,-37.9308],[144.7782,-37.928],[144.7916,-37.9276],[144.7992,-37.9228],[144.7967,-37.913],[144.7981,-37.9051],[144.8045,-37.8943],[144.7998,-37.8988],[144.7865,-37.9],[144.7804,-37.8988],[144.7733,-37.8853],[144.7633,-37.8836],[144.7624,-37.8887],[144.7517,-37.8867],[144.7548,-37.8696],[144.7513,-37.8698],[144.7369,-37.8734],[144.7123,-37.8795],[144.6805,-37.8915],[144.6829,-37.8776],[144.6645,-37.8756],[144.6628,-37.871],[144.6509,-37.8703],[144.6519,-37.8773],[144.6449,-37.8789],[144.6345,-37.887],[144.6288,-37.9018],[144.593,-37.8975],[144.5878,-37.9257],[144.5803,-37.9314],[144.5788,-37.9398],[144.5973,-37.9419],[144.6002,-37.9454],[144.5636,-37.9654],[144.5484,-37.9743],[144.5547,-37.9848],[144.5667,-37.9863],[144.5773,-38.0016],[144.5916,-38.0044]]],[[[144.5165,-37.8741],[144.5532,-37.8781],[144.5601,-37.8411],[144.559,-37.8407],[144.5456,-37.8341],[144.5295,-37.8206],[144.5159,-37.8145],[144.4755,-37.7928],[144.4669,-37.8391],[144.449,-37.837],[144.4441,-37.864],[144.4537,-37.8672],[144.5165,-37.8741]]]]}},{"type":"Feature","properties":{"pc":"3031"},"geometry":{"type":"Polygon","coordinates":[[[144.9359,-37.8023],[144.937,-37.7899],[144.9404,-37.7876],[144.9399,-37.787],[144.9326,-37.7812],[144.9136,-37.7794],[144.9027,-37.7896],[144.9165,-37.7982],[144.9359,-37.8023]]]}},{"type":"Feature","properties":{"pc":"3032"},"geometry":{"type":"Polygon","coordinates":[[[144.9027,-37.7896],[144.9136,-37.7794],[144.9326,-37.7812],[144.9399,-37.787],[144.9365,-37.7757],[144.9365,-37.7738],[144.901,-37.77],[144.9016,-37.7654],[144.8941,-37.7658],[144.8843,-37.761],[144.8821,-37.7559],[144.873,-37.7617],[144.8719,-37.7726],[144.8855,-37.7755],[144.8835,-37.7864],[144.9027,-37.7896]]]}},{"type":"Feature","properties":{"pc":"3033"},"geometry":{"type":"Polygon","coordinates":[[[144.8815,-37.7479],[144.8823,-37.7432],[144.8741,-37.7313],[144.8496,-37.7263],[144.85,-37.7345],[144.8411,-37.7337],[144.8415,-37.7288],[144.8304,-37.7246],[144.8297,-37.7324],[144.8393,-37.7466],[144.8477,-37.7497],[144.8797,-37.7528],[144.8815,-37.7479]]]}},{"type":"Feature","properties":{"pc":"3034"},"geometry":{"type":"Polygon","coordinates":[[[144.8719,-37.7726],[144.873,-37.7617],[144.8821,-37.7559],[144.8797,-37.7528],[144.8477,-37.7497],[144.8483,-37.7597],[144.8539,-37.7624],[144.8514,-37.7702],[144.8584,-37.776],[144.864,-37.7742],[144.8719,-37.7726]]]}},{"type":"Feature","properties":{"pc":"3037"},"geometry":{"type":"Polygon","coordinates":[[[144.7444,-37.6631],[144.7549,-37.6765],[144.7544,-37.6784],[144.7277,-37.6755],[144.7247,-37.6903],[144.7271,-37.6928],[144.7297,-37.7066],[144.7326,-37.7062],[144.7418,-37.7044],[144.7384,-37.7224],[144.7641,-37.7255],[144.793,-37.7279],[144.7892,-37.7206],[144.765,-37.6895],[144.7751,-37.6791],[144.7627,-37.6708],[144.7465,-37.663],[144.7444,-37.6631]]]}},{"type":"Feature","properties":{"pc":"3038"},"geometry":{"type":"Polygon","coordinates":[[[144.8227,-37.7269],[144.8212,-37.7153],[144.8109,-37.7142],[144.8114,-37.7089],[144.8066,-37.7043],[144.81,-37.7011],[144.7751,-37.6791],[144.765,-37.6895],[144.7892,-37.7206],[144.793,-37.7279],[144.8153,-37.7297],[144.8227,-37.7269]]]}},{"type":"Feature","properties":{"pc":"3039"},"geometry":{"type":"Polygon","coordinates":[[[144.9338,-37.7594],[144.9163,-37.7569],[144.9167,-37.7607],[144.905,-37.7617],[144.9016,-37.7654],[144.901,-37.77],[144.9365,-37.7738],[144.9385,-37.7612],[144.9338,-37.7594]]]}},{"type":"Feature","properties":{"pc":"3040"},"geometry":{"type":"Polygon","coordinates":[[[144.9016,-37.7654],[144.905,-37.7617],[144.9167,-37.7607],[144.9163,-37.7569],[144.9338,-37.7594],[144.927,-37.7511],[144.9339,-37.7446],[144.9082,-37.7413],[144.8925,-37.7374],[144.8904,-37.7489],[144.8815,-37.7479],[144.8797,-37.7528],[144.8821,-37.7559],[144.8843,-37.761],[144.8941,-37.7658],[144.9016,-37.7654]]]}},{"type":"Feature","properties":{"pc":"3041"},"geometry":{"type":"Polygon","coordinates":[[[144.8885,-37.7108],[144.8922,-37.717],[144.8894,-37.7345],[144.8925,-37.7374],[144.9082,-37.7413],[144.9339,-37.7446],[144.9195,-37.725],[144.9146,-37.7238],[144.9102,-37.7179],[144.903,-37.7147],[144.8975,-37.7093],[144.8885,-37.7108]]]}},{"type":"Feature","properties":{"pc":"3042"},"geometry":{"type":"Polygon","coordinates":[[[144.8496,-37.7263],[144.8741,-37.7313],[144.8823,-37.7432],[144.8815,-37.7479],[144.8904,-37.7489],[144.8925,-37.7374],[144.8894,-37.7345],[144.8922,-37.717],[144.8885,-37.7108],[144.8658,-37.7229],[144.8601,-37.7184],[144.8594,-37.7124],[144.8475,-37.7104],[144.8426,-37.7098],[144.8375,-37.7175],[144.8496,-37.7263]]]}},{"type":"Feature","properties":{"pc":"3046"},"geometry":{"type":"Polygon","coordinates":[[[144.9195,-37.725],[144.9299,-37.7162],[144.9371,-37.7139],[144.9487,-37.7152],[144.9521,-37.7181],[144.963,-37.7192],[144.9571,-37.6922],[144.919,-37.6947],[144.9096,-37.694],[144.9024,-37.6947],[144.9033,-37.7041],[144.8975,-37.7093],[144.903,-37.7147],[144.9102,-37.7179],[144.9146,-37.7238],[144.9195,-37.725]]]}},{"type":"Feature","properties":{"pc":"3047"},"geometry":{"type":"Polygon","coordinates":[[[144.9469,-37.6664],[144.9254,-37.6642],[144.922,-37.6653],[144.9138,-37.6755],[144.9049,-37.6811],[144.9058,-37.6889],[144.9096,-37.694],[144.919,-37.6947],[144.9571,-37.6922],[144.9581,-37.6895],[144.9513,-37.6776],[144.9469,-37.6664]]]}},{"type":"Feature","properties":{"pc":"3051"},"geometry":{"type":"Polygon","coordinates":[[[144.9573,-37.8015],[144.9404,-37.7876],[144.937,-37.7899],[144.9359,-37.8023],[144.956,-37.8059],[144.9573,-37.8015]]]}},{"type":"Feature","properties":{"pc":"3052"},"geometry":{"type":"Polygon","coordinates":[[[144.9641,-37.7927],[144.9588,-37.7899],[144.9602,-37.778],[144.9494,-37.7767],[144.9365,-37.7757],[144.9399,-37.787],[144.9404,-37.7876],[144.9573,-37.8015],[144.9588,-37.7998],[144.964,-37.8004],[144.9641,-37.7927]]]}},{"type":"Feature","properties":{"pc":"3053"},"geometry":{"type":"Polygon","coordinates":[[[144.9757,-37.793],[144.9641,-37.7927],[144.964,-37.8004],[144.9588,-37.7998],[144.9599,-37.8063],[144.9714,-37.8077],[144.9732,-37.8079],[144.9757,-37.793]]]}},{"type":"Feature","properties":{"pc":"3054"},"geometry":{"type":"Polygon","coordinates":[[[144.9781,-37.7802],[144.9705,-37.7793],[144.9602,-37.778],[144.9588,-37.7899],[144.9641,-37.7927],[144.9757,-37.793],[144.9757,-37.7929],[144.9781,-37.7802]]]}},{"type":"Feature","properties":{"pc":"3055"},"geometry":{"type":"Polygon","coordinates":[[[144.9365,-37.7757],[144.9494,-37.7767],[144.9512,-37.7558],[144.9539,-37.7542],[144.9463,-37.7533],[144.927,-37.7511],[144.9338,-37.7594],[144.9385,-37.7612],[144.9365,-37.7738],[144.9365,-37.7757]]]}},{"type":"Feature","properties":{"pc":"3056"},"geometry":{"type":"Polygon","coordinates":[[[144.9705,-37.7793],[144.974,-37.7587],[144.977,-37.7569],[144.9539,-37.7542],[144.9512,-37.7558],[144.9494,-37.7767],[144.9602,-37.778],[144.9705,-37.7793]]]}},{"type":"Feature","properties":{"pc":"3057"},"geometry":{"type":"Polygon","coordinates":[[[144.9869,-37.7744],[144.9856,-37.7664],[144.981,-37.7589],[144.9802,-37.7573],[144.977,-37.7569],[144.974,-37.7587],[144.9705,-37.7793],[144.9781,-37.7802],[144.9792,-37.7735],[144.9869,-37.7744]]]}},{"type":"Feature","properties":{"pc":"3058"},"geometry":{"type":"Polygon","coordinates":[[[144.963,-37.7192],[144.9521,-37.7181],[144.9463,-37.7533],[144.9539,-37.7542],[144.977,-37.7569],[144.9802,-37.7573],[144.9808,-37.7503],[144.9798,-37.7427],[144.9842,-37.7279],[144.9853,-37.7214],[144.9787,-37.7192],[144.963,-37.7192]]]}},{"type":"Feature","properties":{"pc":"3060"},"geometry":{"type":"Polygon","coordinates":[[[144.9787,-37.7192],[144.9772,-37.7104],[144.9825,-37.7029],[144.9721,-37.691],[144.9581,-37.6895],[144.9571,-37.6922],[144.963,-37.7192],[144.9787,-37.7192]]]}},{"type":"Feature","properties":{"pc":"3061"},"geometry":{"type":"Polygon","coordinates":[[[144.974,-37.6465],[144.9349,-37.6414],[144.9412,-37.6526],[144.9469,-37.6664],[144.9513,-37.6776],[144.9581,-37.6895],[144.9721,-37.691],[144.9707,-37.6877],[144.9741,-37.6691],[144.974,-37.6465]]]}},{"type":"Feature","properties":{"pc":"3064"},"geometry":{"type":"Polygon","coordinates":[[[145.0272,-37.5193],[144.9772,-37.5137],[144.9499,-37.5112],[144.8835,-37.5034],[144.8751,-37.5021],[144.8669,-37.5081],[144.8716,-37.5139],[144.8623,-37.5274],[144.8569,-37.5312],[144.8505,-37.5359],[144.8542,-37.5423],[144.8495,-37.5513],[144.8525,-37.558],[144.8577,-37.5617],[144.8672,-37.5609],[144.8663,-37.5656],[144.8758,-37.5666],[144.8744,-37.5741],[144.8836,-37.6051],[144.9006,-37.6091],[144.9111,-37.6104],[144.9151,-37.6232],[144.9107,-37.6383],[144.9349,-37.6414],[144.939,-37.6209],[144.9536,-37.6226],[144.9546,-37.6153],[144.9524,-37.6068],[144.953,-37.5964],[144.9576,-37.5816],[144.9653,-37.5722],[144.9633,-37.567],[144.964,-37.5573],[144.9794,-37.5585],[144.9978,-37.5613],[145.0157,-37.5626],[145.0152,-37.565],[145.0324,-37.5669],[145.0323,-37.5643],[145.0272,-37.5193]]]}},{"type":"Feature","properties":{"pc":"3065"},"geometry":{"type":"Polygon","coordinates":[[[144.9852,-37.7936],[144.9757,-37.7929],[144.9757,-37.793],[144.9732,-37.8079],[144.9826,-37.8089],[144.9852,-37.7936]]]}},{"type":"Feature","properties":{"pc":"3066"},"geometry":{"type":"Polygon","coordinates":[[[144.9852,-37.7936],[144.9826,-37.8089],[144.9914,-37.8097],[144.9939,-37.7946],[144.9852,-37.7936]]]}},{"type":"Feature","properties":{"pc":"3067"},"geometry":{"type":"Polygon","coordinates":[[[145.0012,-37.795],[144.9939,-37.7946],[144.9914,-37.8097],[145.0154,-37.8121],[145.0095,-37.8105],[145.0076,-37.8033],[145.002,-37.7966],[145.0012,-37.795]]]}},{"type":"Feature","properties":{"pc":"3070"},"geometry":{"type":"Polygon","coordinates":[[[144.9869,-37.7744],[144.9921,-37.7826],[144.9965,-37.7852],[145.0042,-37.7844],[145.0143,-37.7838],[145.017,-37.7651],[144.9998,-37.7632],[144.981,-37.7589],[144.9856,-37.7664],[144.9869,-37.7744]]]}},{"type":"Feature","properties":{"pc":"3071"},"geometry":{"type":"Polygon","coordinates":[[[145.0314,-37.7557],[144.9808,-37.7503],[144.9802,-37.7573],[144.981,-37.7589],[144.9998,-37.7632],[145.017,-37.7651],[145.0312,-37.7666],[145.0279,-37.7625],[145.0314,-37.7557]]]}},{"type":"Feature","properties":{"pc":"3072"},"geometry":{"type":"Polygon","coordinates":[[[145.0383,-37.7338],[144.9842,-37.7279],[144.9798,-37.7427],[144.9808,-37.7503],[145.0314,-37.7557],[145.0313,-37.7556],[145.0361,-37.7468],[145.032,-37.7377],[145.0383,-37.7338]]]}},{"type":"Feature","properties":{"pc":"3073"},"geometry":{"type":"Polygon","coordinates":[[[145.0386,-37.7273],[145.0235,-37.7145],[145.034,-37.712],[145.0347,-37.7021],[145.0325,-37.6973],[144.9721,-37.691],[144.9825,-37.7029],[144.9772,-37.7104],[144.9787,-37.7192],[144.9853,-37.7214],[144.9842,-37.7279],[145.0383,-37.7338],[145.0386,-37.7273]]]}},{"type":"Feature","properties":{"pc":"3074"},"geometry":{"type":"Polygon","coordinates":[[[145.042,-37.6772],[145.0152,-37.6748],[145.0097,-37.6723],[144.9815,-37.67],[144.9741,-37.6691],[144.9707,-37.6877],[144.9721,-37.691],[145.0325,-37.6973],[145.0415,-37.6947],[145.0431,-37.691],[145.042,-37.6772]]]}},{"type":"Feature","properties":{"pc":"3075"},"geometry":{"type":"Polygon","coordinates":[[[145.0365,-37.6614],[144.9993,-37.6575],[144.989,-37.658],[144.9835,-37.6632],[144.9815,-37.67],[145.0097,-37.6723],[145.0152,-37.6748],[145.042,-37.6772],[145.0422,-37.6765],[145.0425,-37.6708],[145.0356,-37.6656],[145.0365,-37.6614]]]}},{"type":"Feature","properties":{"pc":"3076"},"geometry":{"type":"Polygon","coordinates":[[[144.9815,-37.67],[144.9835,-37.6632],[144.989,-37.658],[144.9993,-37.6575],[145.0365,-37.6614],[145.0422,-37.6518],[145.0677,-37.649],[145.0632,-37.6424],[145.0604,-37.6329],[145.0645,-37.6263],[145.0424,-37.6243],[144.9546,-37.6153],[144.9536,-37.6226],[144.959,-37.6285],[144.9586,-37.6344],[144.9655,-37.6359],[144.974,-37.6465],[144.9741,-37.6691],[144.9815,-37.67]]]}},{"type":"Feature","properties":{"pc":"3078"},"geometry":{"type":"Polygon","coordinates":[[[145.0402,-37.7842],[145.0347,-37.7786],[145.0366,-37.7705],[145.0312,-37.7666],[145.017,-37.7651],[145.0143,-37.7838],[145.0042,-37.7844],[145.0085,-37.7889],[145.0012,-37.795],[145.002,-37.7966],[145.0077,-37.8008],[145.0194,-37.7928],[145.0154,-37.7857],[145.0285,-37.7871],[145.0321,-37.7899],[145.0404,-37.7898],[145.0402,-37.7842]]]}},{"type":"Feature","properties":{"pc":"3079"},"geometry":{"type":"Polygon","coordinates":[[[145.0721,-37.7666],[145.0659,-37.7703],[145.0515,-37.7683],[145.0526,-37.7591],[145.0564,-37.755],[145.0461,-37.7511],[145.045,-37.7571],[145.0313,-37.7556],[145.0314,-37.7557],[145.0279,-37.7625],[145.0312,-37.7666],[145.0366,-37.7705],[145.0347,-37.7786],[145.0402,-37.7842],[145.0463,-37.7807],[145.0631,-37.7814],[145.0671,-37.7809],[145.0721,-37.7666]]]}},{"type":"Feature","properties":{"pc":"3081"},"geometry":{"type":"Polygon","coordinates":[[[145.0313,-37.7556],[145.045,-37.7571],[145.0461,-37.7511],[145.0564,-37.755],[145.0609,-37.7297],[145.0556,-37.7288],[145.0386,-37.7273],[145.0383,-37.7338],[145.032,-37.7377],[145.0361,-37.7468],[145.0313,-37.7556]]]}},{"type":"Feature","properties":{"pc":"3082"},"geometry":{"type":"Polygon","coordinates":[[[145.0847,-37.6791],[145.0873,-37.6677],[145.0949,-37.6619],[145.0837,-37.6541],[145.0881,-37.6512],[145.0677,-37.649],[145.0422,-37.6518],[145.0365,-37.6614],[145.0356,-37.6656],[145.0425,-37.6708],[145.0422,-37.6765],[145.0697,-37.6788],[145.0847,-37.6791]]]}},{"type":"Feature","properties":{"pc":"3083"},"geometry":{"type":"Polygon","coordinates":[[[145.075,-37.7088],[145.0795,-37.702],[145.081,-37.6931],[145.0777,-37.6878],[145.0996,-37.6895],[145.1035,-37.6829],[145.0847,-37.6791],[145.0697,-37.6788],[145.0422,-37.6765],[145.042,-37.6772],[145.0431,-37.691],[145.0415,-37.6947],[145.0325,-37.6973],[145.0347,-37.7021],[145.034,-37.712],[145.0235,-37.7145],[145.0386,-37.7273],[145.0556,-37.7288],[145.0566,-37.7199],[145.061,-37.7137],[145.0696,-37.7082],[145.075,-37.7088]]]}},{"type":"Feature","properties":{"pc":"3084"},"geometry":{"type":"Polygon","coordinates":[[[145.0721,-37.7666],[145.0792,-37.7624],[145.0778,-37.7545],[145.0824,-37.7516],[145.0935,-37.753],[145.0982,-37.749],[145.1071,-37.73],[145.0973,-37.7287],[145.0788,-37.7334],[145.0609,-37.7297],[145.0564,-37.755],[145.0526,-37.7591],[145.0515,-37.7683],[145.0659,-37.7703],[145.0721,-37.7666]]]}},{"type":"Feature","properties":{"pc":"3085"},"geometry":{"type":"Polygon","coordinates":[[[145.1071,-37.73],[145.1106,-37.7225],[145.1107,-37.7203],[145.092,-37.7173],[145.0745,-37.7162],[145.075,-37.7088],[145.0696,-37.7082],[145.061,-37.7137],[145.0566,-37.7199],[145.0556,-37.7288],[145.0609,-37.7297],[145.0788,-37.7334],[145.0973,-37.7287],[145.1071,-37.73]]]}},{"type":"Feature","properties":{"pc":"3087"},"geometry":{"type":"Polygon","coordinates":[[[145.092,-37.7173],[145.0929,-37.7114],[145.0887,-37.7057],[145.0925,-37.6951],[145.0882,-37.6911],[145.0777,-37.6878],[145.081,-37.6931],[145.0795,-37.702],[145.075,-37.7088],[145.0745,-37.7162],[145.092,-37.7173]]]}},{"type":"Feature","properties":{"pc":"3088"},"geometry":{"type":"Polygon","coordinates":[[[145.1221,-37.6807],[145.1035,-37.6829],[145.0996,-37.6895],[145.0777,-37.6878],[145.0882,-37.6911],[145.0925,-37.6951],[145.0887,-37.7057],[145.0929,-37.7114],[145.092,-37.7173],[145.1107,-37.7203],[145.1128,-37.7123],[145.1202,-37.7094],[145.1326,-37.7097],[145.1283,-37.7011],[145.1364,-37.6969],[145.1322,-37.6896],[145.1366,-37.6862],[145.1429,-37.6868],[145.1221,-37.6807]]]}},{"type":"Feature","properties":{"pc":"3095"},"geometry":{"type":"Polygon","coordinates":[[[145.1357,-37.7409],[145.1455,-37.7386],[145.1555,-37.734],[145.1612,-37.7374],[145.1656,-37.7342],[145.1767,-37.7354],[145.1777,-37.7384],[145.1813,-37.7298],[145.1943,-37.731],[145.1943,-37.7247],[145.2009,-37.7225],[145.2021,-37.7109],[145.2118,-37.7116],[145.2136,-37.7025],[145.1975,-37.7007],[145.199,-37.6926],[145.1917,-37.6895],[145.1833,-37.6897],[145.1797,-37.6861],[145.1786,-37.6912],[145.1429,-37.6868],[145.1366,-37.6862],[145.1322,-37.6896],[145.1364,-37.6969],[145.1283,-37.7011],[145.1326,-37.7097],[145.1371,-37.7166],[145.1349,-37.7321],[145.1357,-37.7409]]]}},{"type":"Feature","properties":{"pc":"3101"},"geometry":{"type":"Polygon","coordinates":[[[145.0625,-37.8008],[145.0506,-37.7993],[145.0374,-37.7958],[145.0404,-37.7898],[145.0321,-37.7899],[145.0285,-37.7871],[145.0154,-37.7857],[145.0194,-37.7928],[145.0077,-37.8008],[145.002,-37.7966],[145.0076,-37.8033],[145.0095,-37.8105],[145.0154,-37.8121],[145.0463,-37.8158],[145.0594,-37.8174],[145.0597,-37.8154],[145.0625,-37.8008]]]}},{"type":"Feature","properties":{"pc":"3102"},"geometry":{"type":"Polygon","coordinates":[[[145.0404,-37.7898],[145.0374,-37.7958],[145.0506,-37.7993],[145.0625,-37.8008],[145.065,-37.7875],[145.0631,-37.7814],[145.0463,-37.7807],[145.0402,-37.7842],[145.0404,-37.7898]]]}},{"type":"Feature","properties":{"pc":"3103"},"geometry":{"type":"Polygon","coordinates":[[[145.1041,-37.8021],[145.0924,-37.8047],[145.0625,-37.8008],[145.0597,-37.8154],[145.0869,-37.8191],[145.0885,-37.8137],[145.0995,-37.8145],[145.1016,-37.8119],[145.1041,-37.8021]]]}},{"type":"Feature","properties":{"pc":"3104"},"geometry":{"type":"Polygon","coordinates":[[[145.0997,-37.7826],[145.0953,-37.7794],[145.0815,-37.7792],[145.0671,-37.7809],[145.0631,-37.7814],[145.065,-37.7875],[145.0625,-37.8008],[145.0924,-37.8047],[145.1041,-37.8021],[145.1085,-37.7929],[145.0997,-37.7826]]]}},{"type":"Feature","properties":{"pc":"3106"},"geometry":{"type":"Polygon","coordinates":[[[145.1451,-37.7786],[145.1462,-37.7731],[145.1644,-37.7752],[145.1691,-37.7492],[145.1755,-37.75],[145.1777,-37.7384],[145.1767,-37.7354],[145.1656,-37.7342],[145.1612,-37.7374],[145.1555,-37.734],[145.1455,-37.7386],[145.1357,-37.7409],[145.1331,-37.7428],[145.1226,-37.7406],[145.12,-37.7446],[145.1211,-37.7523],[145.1273,-37.7662],[145.1315,-37.7673],[145.1355,-37.7733],[145.1451,-37.7786]]]}},{"type":"Feature","properties":{"pc":"3107"},"geometry":{"type":"Polygon","coordinates":[[[145.1048,-37.7724],[145.1194,-37.7763],[145.1232,-37.7796],[145.1315,-37.7673],[145.1273,-37.7662],[145.1211,-37.7523],[145.1072,-37.7549],[145.0982,-37.749],[145.0935,-37.753],[145.0933,-37.7584],[145.1012,-37.763],[145.1,-37.7694],[145.1048,-37.7724]]]}},{"type":"Feature","properties":{"pc":"3108"},"geometry":{"type":"Polygon","coordinates":[[[145.1085,-37.7929],[145.1249,-37.7987],[145.1328,-37.7953],[145.1422,-37.7971],[145.1451,-37.7786],[145.1355,-37.7733],[145.1315,-37.7673],[145.1232,-37.7796],[145.1194,-37.7763],[145.1048,-37.7724],[145.0997,-37.7826],[145.1085,-37.7929]]]}},{"type":"Feature","properties":{"pc":"3109"},"geometry":{"type":"Polygon","coordinates":[[[145.1755,-37.75],[145.1691,-37.7492],[145.1644,-37.7752],[145.1462,-37.7731],[145.1451,-37.7786],[145.1422,-37.7971],[145.1422,-37.7972],[145.1678,-37.8025],[145.1712,-37.7861],[145.1743,-37.7864],[145.1764,-37.7737],[145.1832,-37.7743],[145.1841,-37.7654],[145.1797,-37.7517],[145.1755,-37.75]]]}},{"type":"Feature","properties":{"pc":"3111"},"geometry":{"type":"Polygon","coordinates":[[[145.2135,-37.8118],[145.2172,-37.7909],[145.2212,-37.7924],[145.2165,-37.7891],[145.2131,-37.7911],[145.2021,-37.7899],[145.1951,-37.7853],[145.1903,-37.776],[145.1989,-37.7717],[145.1987,-37.7659],[145.1863,-37.761],[145.1841,-37.7654],[145.1832,-37.7743],[145.1764,-37.7737],[145.1743,-37.7864],[145.1712,-37.7861],[145.1678,-37.8025],[145.1696,-37.803],[145.1874,-37.8026],[145.1903,-37.8055],[145.2054,-37.8056],[145.2135,-37.8118]]]}},{"type":"Feature","properties":{"pc":"3113"},"geometry":{"type":"Polygon","coordinates":[[[145.1989,-37.7717],[145.2044,-37.7608],[145.2319,-37.7637],[145.2341,-37.7536],[145.2424,-37.7544],[145.2447,-37.7416],[145.2423,-37.7283],[145.2368,-37.7271],[145.2358,-37.7202],[145.2326,-37.7159],[145.2118,-37.7116],[145.2021,-37.7109],[145.2009,-37.7225],[145.1943,-37.7247],[145.1943,-37.731],[145.1813,-37.7298],[145.1777,-37.7384],[145.1755,-37.75],[145.1797,-37.7517],[145.1841,-37.7654],[145.1863,-37.761],[145.1987,-37.7659],[145.1989,-37.7717]]]}},{"type":"Feature","properties":{"pc":"3116"},"geometry":{"type":"Polygon","coordinates":[[[145.3343,-37.7611],[145.3409,-37.7264],[145.3419,-37.7165],[145.3123,-37.7139],[145.3041,-37.716],[145.2936,-37.7122],[145.2939,-37.7229],[145.2907,-37.7317],[145.2869,-37.7353],[145.2901,-37.7468],[145.296,-37.7493],[145.2923,-37.7554],[145.2964,-37.7634],[145.2982,-37.7708],[145.3042,-37.7716],[145.3089,-37.7649],[145.3148,-37.7656],[145.3161,-37.7584],[145.3343,-37.7611]]]}},{"type":"Feature","properties":{"pc":"3121"},"geometry":{"type":"Polygon","coordinates":[[[145.0246,-37.8345],[145.0283,-37.831],[145.0213,-37.8252],[145.0161,-37.8244],[145.0154,-37.8121],[144.9914,-37.8097],[144.9891,-37.8231],[144.9879,-37.8296],[144.9967,-37.8343],[145.0064,-37.8316],[145.0129,-37.8305],[145.0246,-37.8345]]]}},{"type":"Feature","properties":{"pc":"3122"},"geometry":{"type":"Polygon","coordinates":[[[145.0403,-37.8448],[145.0451,-37.8269],[145.0463,-37.8158],[145.0154,-37.8121],[145.0161,-37.8244],[145.0213,-37.8252],[145.0283,-37.831],[145.0246,-37.8345],[145.0327,-37.8373],[145.0387,-37.8388],[145.0403,-37.8448]]]}},{"type":"Feature","properties":{"pc":"3123"},"geometry":{"type":"Polygon","coordinates":[[[145.0536,-37.8449],[145.0586,-37.8214],[145.0594,-37.8174],[145.0463,-37.8158],[145.0451,-37.8269],[145.0403,-37.8448],[145.0439,-37.8481],[145.0536,-37.8449]]]}},{"type":"Feature","properties":{"pc":"3124"},"geometry":{"type":"Polygon","coordinates":[[[145.0955,-37.8508],[145.0982,-37.8363],[145.0857,-37.8341],[145.0728,-37.8328],[145.0712,-37.8255],[145.0673,-37.822],[145.0586,-37.8214],[145.0536,-37.8449],[145.0568,-37.846],[145.0955,-37.8508]]]}},{"type":"Feature","properties":{"pc":"3125"},"geometry":{"type":"Polygon","coordinates":[[[145.0937,-37.8609],[145.113,-37.8611],[145.114,-37.8555],[145.1314,-37.8575],[145.1332,-37.8475],[145.1335,-37.8458],[145.1102,-37.8431],[145.1111,-37.8377],[145.0982,-37.8363],[145.0955,-37.8508],[145.0937,-37.8609]]]}},{"type":"Feature","properties":{"pc":"3126"},"geometry":{"type":"Polygon","coordinates":[[[145.0586,-37.8214],[145.0673,-37.822],[145.0712,-37.8255],[145.0728,-37.8328],[145.0857,-37.8341],[145.0869,-37.8191],[145.0597,-37.8154],[145.0594,-37.8174],[145.0586,-37.8214]]]}},{"type":"Feature","properties":{"pc":"3127"},"geometry":{"type":"Polygon","coordinates":[[[145.1016,-37.8119],[145.0995,-37.8145],[145.0885,-37.8137],[145.0869,-37.8191],[145.0857,-37.8341],[145.0982,-37.8363],[145.1111,-37.8377],[145.1158,-37.8126],[145.1016,-37.8119]]]}},{"type":"Feature","properties":{"pc":"3128"},"geometry":{"type":"Polygon","coordinates":[[[145.1395,-37.8154],[145.1158,-37.8126],[145.1111,-37.8377],[145.1102,-37.8431],[145.1335,-37.8458],[145.1395,-37.8154]]]}},{"type":"Feature","properties":{"pc":"3129"},"geometry":{"type":"Polygon","coordinates":[[[145.1085,-37.7929],[145.1041,-37.8021],[145.1016,-37.8119],[145.1158,-37.8126],[145.1395,-37.8154],[145.1422,-37.7972],[145.1422,-37.7971],[145.1328,-37.7953],[145.1249,-37.7987],[145.1085,-37.7929]]]}},{"type":"Feature","properties":{"pc":"3130"},"geometry":{"type":"Polygon","coordinates":[[[145.1678,-37.8025],[145.1422,-37.7972],[145.1395,-37.8154],[145.1335,-37.8458],[145.1332,-37.8475],[145.1349,-37.846],[145.1529,-37.8481],[145.1569,-37.8458],[145.1601,-37.8333],[145.1654,-37.8339],[145.1668,-37.8246],[145.1639,-37.8217],[145.1696,-37.803],[145.1678,-37.8025]]]}},{"type":"Feature","properties":{"pc":"3131"},"geometry":{"type":"Polygon","coordinates":[[[145.1693,-37.8548],[145.1708,-37.8453],[145.1823,-37.8458],[145.1843,-37.8322],[145.1888,-37.8309],[145.1855,-37.8264],[145.1845,-37.8095],[145.1874,-37.8026],[145.1696,-37.803],[145.1639,-37.8217],[145.1668,-37.8246],[145.1654,-37.8339],[145.1601,-37.8333],[145.1569,-37.8458],[145.1644,-37.8468],[145.163,-37.8541],[145.1693,-37.8548]]]}},{"type":"Feature","properties":{"pc":"3132"},"geometry":{"type":"Polygon","coordinates":[[[145.1888,-37.8309],[145.2134,-37.8309],[145.2135,-37.8118],[145.2054,-37.8056],[145.1903,-37.8055],[145.1874,-37.8026],[145.1845,-37.8095],[145.1855,-37.8264],[145.1888,-37.8309]]]}},{"type":"Feature","properties":{"pc":"3133"},"geometry":{"type":"Polygon","coordinates":[[[145.1888,-37.8309],[145.1843,-37.8322],[145.1823,-37.8458],[145.1708,-37.8453],[145.1693,-37.8548],[145.1692,-37.862],[145.1957,-37.8652],[145.2007,-37.8586],[145.2095,-37.8514],[145.2101,-37.846],[145.2166,-37.8382],[145.2134,-37.8309],[145.1888,-37.8309]]]}},{"type":"Feature","properties":{"pc":"3134"},"geometry":{"type":"Polygon","coordinates":[[[145.2274,-37.8393],[145.2277,-37.827],[145.2373,-37.8264],[145.241,-37.823],[145.2414,-37.8123],[145.2475,-37.8028],[145.2559,-37.7965],[145.259,-37.7869],[145.2561,-37.7813],[145.2574,-37.774],[145.2632,-37.7674],[145.2591,-37.7652],[145.2546,-37.7457],[145.2447,-37.7416],[145.2424,-37.7544],[145.2341,-37.7536],[145.2319,-37.7637],[145.2295,-37.7721],[145.2341,-37.781],[145.2351,-37.791],[145.2227,-37.7889],[145.2212,-37.7924],[145.2172,-37.7909],[145.2135,-37.8118],[145.2134,-37.8309],[145.2166,-37.8382],[145.2274,-37.8393]]]}},{"type":"Feature","properties":{"pc":"3135"},"geometry":{"type":"Polygon","coordinates":[[[145.2383,-37.8387],[145.257,-37.8359],[145.2647,-37.8291],[145.267,-37.8176],[145.259,-37.8145],[145.264,-37.8078],[145.2559,-37.7965],[145.2475,-37.8028],[145.2414,-37.8123],[145.241,-37.823],[145.2373,-37.8264],[145.2277,-37.827],[145.2274,-37.8393],[145.2383,-37.8387]]]}},{"type":"Feature","properties":{"pc":"3136"},"geometry":{"type":"Polygon","coordinates":[[[145.2965,-37.8175],[145.2978,-37.8103],[145.3022,-37.8081],[145.3042,-37.7941],[145.3088,-37.794],[145.3057,-37.7892],[145.3071,-37.7766],[145.2982,-37.7708],[145.2964,-37.7634],[145.2782,-37.7618],[145.2719,-37.7631],[145.2719,-37.7685],[145.2591,-37.7652],[145.2632,-37.7674],[145.2574,-37.774],[145.2561,-37.7813],[145.259,-37.7869],[145.2559,-37.7965],[145.264,-37.8078],[145.259,-37.8145],[145.267,-37.8176],[145.2785,-37.8193],[145.2965,-37.8175]]]}},{"type":"Feature","properties":{"pc":"3138"},"geometry":{"type":"Polygon","coordinates":[[[145.3343,-37.7611],[145.3161,-37.7584],[145.3148,-37.7656],[145.3089,-37.7649],[145.3042,-37.7716],[145.2982,-37.7708],[145.3071,-37.7766],[145.3057,-37.7892],[145.3088,-37.794],[145.3143,-37.7917],[145.3229,-37.795],[145.3288,-37.8002],[145.3391,-37.8014],[145.3447,-37.8027],[145.3459,-37.7908],[145.3535,-37.787],[145.3451,-37.7847],[145.3444,-37.7764],[145.3319,-37.775],[145.3343,-37.7611]]]}},{"type":"Feature","properties":{"pc":"3140"},"geometry":{"type":"Polygon","coordinates":[[[145.4117,-37.7478],[145.4133,-37.7392],[145.3763,-37.7349],[145.3694,-37.7361],[145.3409,-37.7264],[145.3343,-37.7611],[145.3319,-37.775],[145.3444,-37.7764],[145.3451,-37.7847],[145.3535,-37.787],[145.3532,-37.7942],[145.3594,-37.7969],[145.3641,-37.7797],[145.3631,-37.7735],[145.375,-37.7726],[145.375,-37.7641],[145.4023,-37.7669],[145.408,-37.7675],[145.4117,-37.7478]]]}},{"type":"Feature","properties":{"pc":"3141"},"geometry":{"type":"Polygon","coordinates":[[[145.0064,-37.8316],[144.9967,-37.8343],[144.9879,-37.8296],[144.9837,-37.8343],[144.9767,-37.8349],[144.9803,-37.8451],[144.985,-37.8457],[145.0032,-37.8481],[145.0064,-37.8316]]]}},{"type":"Feature","properties":{"pc":"3142"},"geometry":{"type":"Polygon","coordinates":[[[145.0246,-37.8345],[145.0129,-37.8305],[145.0064,-37.8316],[145.0032,-37.8481],[145.0123,-37.8493],[145.0295,-37.8515],[145.0327,-37.8373],[145.0246,-37.8345]]]}},{"type":"Feature","properties":{"pc":"3143"},"geometry":{"type":"Polygon","coordinates":[[[145.0268,-37.8659],[145.0295,-37.8515],[145.0123,-37.8493],[145.0101,-37.8602],[145.0105,-37.8602],[145.0268,-37.8659]]]}},{"type":"Feature","properties":{"pc":"3144"},"geometry":{"type":"Polygon","coordinates":[[[145.0327,-37.8373],[145.0295,-37.8515],[145.0268,-37.8659],[145.0373,-37.8729],[145.0402,-37.8635],[145.0439,-37.8481],[145.0403,-37.8448],[145.0387,-37.8388],[145.0327,-37.8373]]]}},{"type":"Feature","properties":{"pc":"3145"},"geometry":{"type":"Polygon","coordinates":[[[145.09,-37.884],[145.0918,-37.8744],[145.0875,-37.8714],[145.075,-37.8759],[145.069,-37.8743],[145.0636,-37.8671],[145.0402,-37.8635],[145.0373,-37.8729],[145.0346,-37.8814],[145.0382,-37.8863],[145.0461,-37.8873],[145.0537,-37.8833],[145.0721,-37.8849],[145.0782,-37.8871],[145.0882,-37.893],[145.09,-37.884]]]}},{"type":"Feature","properties":{"pc":"3146"},"geometry":{"type":"Polygon","coordinates":[[[145.0937,-37.8609],[145.0955,-37.8508],[145.0568,-37.846],[145.0536,-37.8449],[145.0439,-37.8481],[145.0402,-37.8635],[145.0636,-37.8671],[145.0747,-37.8665],[145.0761,-37.8581],[145.0937,-37.8609]]]}},{"type":"Feature","properties":{"pc":"3147"},"geometry":{"type":"Polygon","coordinates":[[[145.113,-37.8611],[145.0937,-37.8609],[145.0761,-37.8581],[145.0747,-37.8665],[145.0636,-37.8671],[145.069,-37.8743],[145.075,-37.8759],[145.0875,-37.8714],[145.0918,-37.8744],[145.1107,-37.8735],[145.113,-37.8611]]]}},{"type":"Feature","properties":{"pc":"3148"},"geometry":{"type":"Polygon","coordinates":[[[145.1107,-37.8735],[145.0918,-37.8744],[145.09,-37.884],[145.0953,-37.8911],[145.1072,-37.892],[145.1107,-37.8735]]]}},{"type":"Feature","properties":{"pc":"3149"},"geometry":{"type":"Polygon","coordinates":[[[145.1508,-37.8598],[145.1314,-37.8575],[145.114,-37.8555],[145.113,-37.8611],[145.1107,-37.8735],[145.1072,-37.892],[145.1062,-37.897],[145.1245,-37.8991],[145.1429,-37.9012],[145.1508,-37.8598]]]}},{"type":"Feature","properties":{"pc":"3150"},"geometry":{"type":"Polygon","coordinates":[[[145.1957,-37.8652],[145.1692,-37.862],[145.1508,-37.8598],[145.1429,-37.9012],[145.1528,-37.9026],[145.1614,-37.9035],[145.1604,-37.9093],[145.1726,-37.9203],[145.2057,-37.9244],[145.2053,-37.9228],[145.2029,-37.9181],[145.2059,-37.9105],[145.2034,-37.9033],[145.2075,-37.901],[145.1961,-37.8882],[145.1909,-37.879],[145.1957,-37.8652]]]}},{"type":"Feature","properties":{"pc":"3151"},"geometry":{"type":"Polygon","coordinates":[[[145.1569,-37.8458],[145.1529,-37.8481],[145.1349,-37.846],[145.1332,-37.8475],[145.1314,-37.8575],[145.1508,-37.8598],[145.1692,-37.862],[145.1693,-37.8548],[145.163,-37.8541],[145.1644,-37.8468],[145.1569,-37.8458]]]}},{"type":"Feature","properties":{"pc":"3152"},"geometry":{"type":"Polygon","coordinates":[[[145.2543,-37.8563],[145.2437,-37.8527],[145.247,-37.8437],[145.2384,-37.8448],[145.2383,-37.8387],[145.2274,-37.8393],[145.2166,-37.8382],[145.2101,-37.846],[145.2095,-37.8514],[145.2007,-37.8586],[145.1957,-37.8652],[145.1909,-37.879],[145.1961,-37.8882],[145.2286,-37.8886],[145.2399,-37.8878],[145.2399,-37.8829],[145.2479,-37.8819],[145.2478,-37.8732],[145.2504,-37.8683],[145.2543,-37.8563]]]}},{"type":"Feature","properties":{"pc":"3153"},"geometry":{"type":"Polygon","coordinates":[[[145.2543,-37.8563],[145.2666,-37.8596],[145.2692,-37.8525],[145.2804,-37.8539],[145.2862,-37.8518],[145.2873,-37.8333],[145.3012,-37.8379],[145.3055,-37.8149],[145.2965,-37.8175],[145.2785,-37.8193],[145.267,-37.8176],[145.2647,-37.8291],[145.257,-37.8359],[145.2383,-37.8387],[145.2384,-37.8448],[145.247,-37.8437],[145.2437,-37.8527],[145.2543,-37.8563]]]}},{"type":"Feature","properties":{"pc":"3155"},"geometry":{"type":"Polygon","coordinates":[[[145.3061,-37.8631],[145.299,-37.853],[145.3178,-37.8448],[145.3012,-37.8379],[145.2873,-37.8333],[145.2862,-37.8518],[145.2804,-37.8539],[145.2692,-37.8525],[145.2666,-37.8596],[145.2543,-37.8563],[145.2504,-37.8683],[145.2586,-37.8687],[145.2733,-37.8676],[145.2823,-37.873],[145.2932,-37.8681],[145.3062,-37.8691],[145.3061,-37.8631]]]}},{"type":"Feature","properties":{"pc":"3156"},"geometry":{"type":"Polygon","coordinates":[[[145.2632,-37.9022],[145.2746,-37.8997],[145.2815,-37.9053],[145.2716,-37.9156],[145.2657,-37.9459],[145.2439,-37.9433],[145.2454,-37.9486],[145.2588,-37.9585],[145.2774,-37.9599],[145.2821,-37.9619],[145.2912,-37.9646],[145.317,-37.9678],[145.3274,-37.9653],[145.3365,-37.9504],[145.3283,-37.9498],[145.3289,-37.939],[145.3319,-37.9234],[145.3351,-37.9205],[145.324,-37.9192],[145.3108,-37.91],[145.3127,-37.9014],[145.3239,-37.9014],[145.3284,-37.8938],[145.3117,-37.8927],[145.3036,-37.8854],[145.3085,-37.8711],[145.3062,-37.8691],[145.2932,-37.8681],[145.2823,-37.873],[145.2733,-37.8676],[145.2586,-37.8687],[145.2565,-37.8728],[145.257,-37.8914],[145.2632,-37.9022]]]}},{"type":"Feature","properties":{"pc":"3165"},"geometry":{"type":"Polygon","coordinates":[[[145.0795,-37.9387],[145.0852,-37.9095],[145.0742,-37.9081],[145.0539,-37.9057],[145.0483,-37.9347],[145.0795,-37.9387]]]}},{"type":"Feature","properties":{"pc":"3166"},"geometry":{"type":"Polygon","coordinates":[[[145.09,-37.884],[145.0882,-37.893],[145.0782,-37.8871],[145.0742,-37.9081],[145.0852,-37.9095],[145.1133,-37.9127],[145.1219,-37.9138],[145.1245,-37.8991],[145.1062,-37.897],[145.1072,-37.892],[145.0953,-37.8911],[145.09,-37.884]]]}},{"type":"Feature","properties":{"pc":"3167"},"geometry":{"type":"Polygon","coordinates":[[[145.0852,-37.9095],[145.0795,-37.9387],[145.0871,-37.9396],[145.0972,-37.9444],[145.1007,-37.9263],[145.1075,-37.9271],[145.1092,-37.919],[145.1133,-37.9127],[145.0852,-37.9095]]]}},{"type":"Feature","properties":{"pc":"3168"},"geometry":{"type":"Polygon","coordinates":[[[145.1429,-37.9012],[145.1245,-37.8991],[145.1219,-37.9138],[145.1133,-37.9127],[145.1092,-37.919],[145.1075,-37.9271],[145.1413,-37.9313],[145.1475,-37.9272],[145.1528,-37.9026],[145.1429,-37.9012]]]}},{"type":"Feature","properties":{"pc":"3169"},"geometry":{"type":"Polygon","coordinates":[[[145.1075,-37.9271],[145.1007,-37.9263],[145.0972,-37.9444],[145.1031,-37.9563],[145.1123,-37.9575],[145.1366,-37.9605],[145.1413,-37.9313],[145.1075,-37.9271]]]}},{"type":"Feature","properties":{"pc":"3170"},"geometry":{"type":"Polygon","coordinates":[[[145.2057,-37.9244],[145.1726,-37.9203],[145.1604,-37.9093],[145.1614,-37.9035],[145.1528,-37.9026],[145.1475,-37.9272],[145.1567,-37.9331],[145.1834,-37.9365],[145.195,-37.9378],[145.2192,-37.9401],[145.2065,-37.9312],[145.2057,-37.9244]]]}},{"type":"Feature","properties":{"pc":"3171"},"geometry":{"type":"Polygon","coordinates":[[[145.1834,-37.9365],[145.1567,-37.9331],[145.1475,-37.9272],[145.1413,-37.9313],[145.1366,-37.9605],[145.161,-37.9635],[145.1629,-37.9563],[145.17,-37.9572],[145.1716,-37.9484],[145.1807,-37.951],[145.1872,-37.9413],[145.1834,-37.9365]]]}},{"type":"Feature","properties":{"pc":"3172"},"geometry":{"type":"Polygon","coordinates":[[[145.161,-37.9635],[145.1366,-37.9605],[145.1123,-37.9575],[145.1117,-37.9723],[145.1093,-37.9866],[145.1447,-37.9909],[145.1462,-37.9821],[145.1555,-37.9836],[145.1586,-37.9812],[145.161,-37.9635]]]}},{"type":"Feature","properties":{"pc":"3173"},"geometry":{"type":"Polygon","coordinates":[[[145.1941,-37.9832],[145.1703,-37.9837],[145.1663,-37.9803],[145.1586,-37.9812],[145.1555,-37.9836],[145.1462,-37.9821],[145.1447,-37.9909],[145.1393,-38.0188],[145.1373,-38.0213],[145.1784,-38.0328],[145.1845,-38.0307],[145.1947,-37.9981],[145.1921,-37.9948],[145.1941,-37.9832]]]}},{"type":"Feature","properties":{"pc":"3174"},"geometry":{"type":"Polygon","coordinates":[[[145.1834,-37.9365],[145.1872,-37.9413],[145.1807,-37.951],[145.1716,-37.9484],[145.17,-37.9572],[145.1629,-37.9563],[145.161,-37.9635],[145.1586,-37.9812],[145.1663,-37.9803],[145.1703,-37.9837],[145.1941,-37.9832],[145.195,-37.9679],[145.2026,-37.956],[145.1963,-37.9552],[145.1987,-37.941],[145.195,-37.9378],[145.1834,-37.9365]]]}},{"type":"Feature","properties":{"pc":"3175"},"geometry":{"type":"Polygon","coordinates":[[[145.1947,-38.0721],[145.206,-38.0584],[145.2425,-38.0629],[145.2472,-38.0364],[145.2466,-38.0281],[145.249,-38.017],[145.2519,-38.0036],[145.2273,-38.0008],[145.2273,-37.9926],[145.2349,-37.9784],[145.2332,-37.9662],[145.234,-37.9566],[145.2292,-37.9521],[145.2192,-37.9401],[145.195,-37.9378],[145.1987,-37.941],[145.1963,-37.9552],[145.2026,-37.956],[145.195,-37.9679],[145.1941,-37.9832],[145.1921,-37.9948],[145.1947,-37.9981],[145.1845,-38.0307],[145.1784,-38.0328],[145.1373,-38.0213],[145.1335,-38.0254],[145.1378,-38.0323],[145.1448,-38.0515],[145.1503,-38.0673],[145.1563,-38.0674],[145.1947,-38.0721]]]}},{"type":"Feature","properties":{"pc":"3178"},"geometry":{"type":"Polygon","coordinates":[[[145.2439,-37.9433],[145.2657,-37.9459],[145.2716,-37.9156],[145.2815,-37.9053],[145.2746,-37.8997],[145.2632,-37.9022],[145.2604,-37.9037],[145.2372,-37.9056],[145.236,-37.9032],[145.23,-37.9061],[145.2277,-37.9117],[145.2208,-37.9177],[145.2121,-37.9179],[145.2053,-37.9228],[145.2057,-37.9244],[145.2065,-37.9312],[145.2192,-37.9401],[145.2292,-37.9521],[145.2338,-37.9426],[145.2439,-37.9433]]]}},{"type":"Feature","properties":{"pc":"3179"},"geometry":{"type":"Polygon","coordinates":[[[145.2053,-37.9228],[145.2121,-37.9179],[145.2208,-37.9177],[145.2277,-37.9117],[145.23,-37.9061],[145.236,-37.9032],[145.2399,-37.898],[145.2399,-37.8878],[145.2286,-37.8886],[145.1961,-37.8882],[145.2075,-37.901],[145.2034,-37.9033],[145.2059,-37.9105],[145.2029,-37.9181],[145.2053,-37.9228]]]}},{"type":"Feature","properties":{"pc":"3180"},"geometry":{"type":"Polygon","coordinates":[[[145.236,-37.9032],[145.2372,-37.9056],[145.2604,-37.9037],[145.2632,-37.9022],[145.257,-37.8914],[145.2565,-37.8728],[145.2586,-37.8687],[145.2504,-37.8683],[145.2478,-37.8732],[145.2479,-37.8819],[145.2399,-37.8829],[145.2399,-37.8878],[145.2399,-37.898],[145.236,-37.9032]]]}},{"type":"Feature","properties":{"pc":"3181"},"geometry":{"type":"Polygon","coordinates":[[[145.0101,-37.8602],[145.0123,-37.8493],[145.0032,-37.8481],[144.985,-37.8457],[144.9835,-37.8547],[144.9933,-37.8579],[145.0101,-37.8602]]]}},{"type":"Feature","properties":{"pc":"3182"},"geometry":{"type":"Polygon","coordinates":[[[144.9933,-37.8579],[144.9835,-37.8547],[144.9791,-37.8527],[144.9743,-37.8522],[144.9657,-37.8575],[144.9754,-37.8698],[144.9745,-37.8763],[144.9897,-37.8721],[144.9933,-37.8579]]]}},{"type":"Feature","properties":{"pc":"3183"},"geometry":{"type":"Polygon","coordinates":[[[145.0072,-37.878],[145.0105,-37.8602],[145.0101,-37.8602],[144.9933,-37.8579],[144.9897,-37.8721],[144.9912,-37.8745],[145.0072,-37.878]]]}},{"type":"Feature","properties":{"pc":"3184"},"geometry":{"type":"Polygon","coordinates":[[[144.9897,-37.8721],[144.9745,-37.8763],[144.9768,-37.8831],[144.985,-37.891],[144.9907,-37.8917],[144.9923,-37.8833],[144.997,-37.8838],[144.9912,-37.8745],[144.9897,-37.8721]]]}},{"type":"Feature","properties":{"pc":"3185"},"geometry":{"type":"Polygon","coordinates":[[[145.0072,-37.878],[144.9912,-37.8745],[144.997,-37.8838],[145.0063,-37.8998],[145.0122,-37.9005],[145.0163,-37.8791],[145.0072,-37.878]]]}},{"type":"Feature","properties":{"pc":"3186"},"geometry":{"type":"Polygon","coordinates":[[[144.9929,-37.9324],[144.9941,-37.9281],[145.0047,-37.9294],[145.0087,-37.9081],[145.0063,-37.8998],[144.997,-37.8838],[144.9923,-37.8833],[144.9907,-37.8917],[144.985,-37.891],[144.9834,-37.9011],[144.9873,-37.9212],[144.9855,-37.9262],[144.9929,-37.9324]]]}},{"type":"Feature","properties":{"pc":"3187"},"geometry":{"type":"Polygon","coordinates":[[[145.0344,-37.933],[145.0225,-37.9206],[145.026,-37.9022],[145.0122,-37.9005],[145.0063,-37.8998],[145.0087,-37.9081],[145.0047,-37.9294],[145.0344,-37.933]]]}},{"type":"Feature","properties":{"pc":"3189"},"geometry":{"type":"Polygon","coordinates":[[[145.0795,-37.9387],[145.0483,-37.9347],[145.0344,-37.933],[145.0393,-37.9447],[145.059,-37.9476],[145.0774,-37.9498],[145.0795,-37.9387]]]}},{"type":"Feature","properties":{"pc":"3191"},"geometry":{"type":"Polygon","coordinates":[[[145.0103,-37.9614],[145.0281,-37.9632],[145.0305,-37.9543],[145.0214,-37.9534],[145.0222,-37.9464],[145.0013,-37.9443],[144.9949,-37.945],[145.0103,-37.9614]]]}},{"type":"Feature","properties":{"pc":"3192"},"geometry":{"type":"Polygon","coordinates":[[[145.059,-37.9476],[145.0571,-37.958],[145.0305,-37.9543],[145.0281,-37.9632],[145.0271,-37.968],[145.0542,-37.9735],[145.0863,-37.9762],[145.0871,-37.9692],[145.0923,-37.9699],[145.0932,-37.9648],[145.084,-37.9637],[145.0755,-37.9602],[145.0774,-37.9498],[145.059,-37.9476]]]}},{"type":"Feature","properties":{"pc":"3194"},"geometry":{"type":"Polygon","coordinates":[[[145.0687,-37.9949],[145.0714,-37.9822],[145.1093,-37.9866],[145.1117,-37.9723],[145.0923,-37.9699],[145.0871,-37.9692],[145.0863,-37.9762],[145.0542,-37.9735],[145.0517,-37.9868],[145.0687,-37.9949]]]}},{"type":"Feature","properties":{"pc":"3195"},"geometry":{"type":"Polygon","coordinates":[[[145.1042,-38.0349],[145.1184,-38.0295],[145.1231,-38.0338],[145.1335,-38.0254],[145.1373,-38.0213],[145.1393,-38.0188],[145.1447,-37.9909],[145.1093,-37.9866],[145.0714,-37.9822],[145.0687,-37.9949],[145.0771,-38.0017],[145.0849,-38.011],[145.0958,-38.0214],[145.1042,-38.0349]]]}},{"type":"Feature","properties":{"pc":"3199"},"geometry":{"type":"Polygon","coordinates":[[[145.1288,-38.2001],[145.1335,-38.1957],[145.1397,-38.1973],[145.1524,-38.1945],[145.1613,-38.1769],[145.1664,-38.1592],[145.1711,-38.1516],[145.1732,-38.1395],[145.1734,-38.1351],[145.1627,-38.1322],[145.1637,-38.1278],[145.1393,-38.1248],[145.1317,-38.1301],[145.1223,-38.1293],[145.1178,-38.1439],[145.1123,-38.1521],[145.1033,-38.1564],[145.0979,-38.1624],[145.1021,-38.1659],[145.1288,-38.2001]]]}},{"type":"Feature","properties":{"pc":"3202"},"geometry":{"type":"Polygon","coordinates":[[[145.0774,-37.9498],[145.0755,-37.9602],[145.084,-37.9637],[145.0932,-37.9648],[145.0923,-37.9699],[145.1117,-37.9723],[145.1123,-37.9575],[145.1031,-37.9563],[145.0972,-37.9444],[145.0871,-37.9396],[145.0795,-37.9387],[145.0774,-37.9498]]]}},{"type":"Feature","properties":{"pc":"3204"},"geometry":{"type":"Polygon","coordinates":[[[145.0539,-37.9057],[145.0547,-37.9017],[145.0447,-37.9005],[145.0361,-37.8968],[145.0349,-37.9033],[145.026,-37.9022],[145.0225,-37.9206],[145.0344,-37.933],[145.0483,-37.9347],[145.0539,-37.9057]]]}},{"type":"Feature","properties":{"pc":"3205"},"geometry":{"type":"Polygon","coordinates":[[[144.9465,-37.841],[144.9569,-37.8372],[144.9592,-37.8422],[144.9677,-37.8374],[144.9704,-37.8301],[144.9628,-37.8286],[144.9541,-37.8311],[144.9469,-37.8266],[144.9414,-37.8258],[144.9498,-37.8341],[144.9465,-37.841]]]}},{"type":"Feature","properties":{"pc":"3207"},"geometry":{"type":"Polygon","coordinates":[[[144.9414,-37.8258],[144.9379,-37.8231],[144.9204,-37.82],[144.9056,-37.8229],[144.8972,-37.8326],[144.8984,-37.8412],[144.9125,-37.8498],[144.9134,-37.8423],[144.9185,-37.8397],[144.9269,-37.84],[144.9427,-37.8461],[144.9465,-37.841],[144.9498,-37.8341],[144.9414,-37.8258]]]}},{"type":"Feature","properties":{"pc":"3212"},"geometry":{"type":"Polygon","coordinates":[[[144.5484,-37.9743],[144.5136,-37.9921],[144.4871,-38.0043],[144.4804,-37.9986],[144.4843,-37.9889],[144.459,-37.986],[144.4615,-37.9715],[144.3514,-37.959],[144.3465,-37.9881],[144.3544,-38.0298],[144.3471,-38.0289],[144.3475,-38.036],[144.344,-38.0462],[144.341,-38.0619],[144.3469,-38.0593],[144.3584,-38.0593],[144.3579,-38.048],[144.4145,-38.0546],[144.4174,-38.0599],[144.4098,-38.0717],[144.3993,-38.0747],[144.4127,-38.0842],[144.4479,-38.0867],[144.4588,-38.0772],[144.466,-38.0772],[144.4713,-38.0834],[144.4781,-38.0768],[144.4874,-38.0783],[144.4983,-38.0873],[144.5072,-38.0898],[144.5115,-38.0834],[144.5113,-38.0749],[144.5157,-38.0637],[144.512,-38.059],[144.5157,-38.0456],[144.5336,-38.0429],[144.5507,-38.036],[144.562,-38.0329],[144.5679,-38.0224],[144.5751,-38.0207],[144.5815,-38.011],[144.5916,-38.0044],[144.5773,-38.0016],[144.5667,-37.9863],[144.5547,-37.9848],[144.5484,-37.9743]]]}},{"type":"Feature","properties":{"pc":"3214"},"geometry":{"type":"Polygon","coordinates":[[[144.3993,-38.0747],[144.4098,-38.0717],[144.4174,-38.0599],[144.4145,-38.0546],[144.3579,-38.048],[144.3584,-38.0593],[144.3469,-38.0593],[144.341,-38.0619],[144.3355,-38.0901],[144.343,-38.0934],[144.361,-38.1065],[144.3816,-38.0973],[144.3832,-38.0841],[144.3895,-38.0766],[144.3993,-38.0747]]]}},{"type":"Feature","properties":{"pc":"3215"},"geometry":{"type":"Polygon","coordinates":[[[144.3559,-38.1328],[144.3605,-38.1144],[144.3666,-38.1099],[144.361,-38.1065],[144.343,-38.0934],[144.3355,-38.0901],[144.3272,-38.089],[144.3132,-38.0785],[144.3085,-38.0768],[144.305,-38.0973],[144.3216,-38.1065],[144.3175,-38.128],[144.351,-38.1322],[144.3559,-38.1328]]]}},{"type":"Feature","properties":{"pc":"3216"},"geometry":{"type":"Polygon","coordinates":[[[144.2462,-38.2116],[144.2683,-38.2101],[144.2719,-38.2116],[144.3012,-38.2151],[144.3271,-38.2139],[144.3452,-38.2098],[144.35,-38.206],[144.3609,-38.2072],[144.3661,-38.205],[144.3578,-38.19],[144.3643,-38.186],[144.3649,-38.1818],[144.3614,-38.1777],[144.3587,-38.1667],[144.3512,-38.1641],[144.3354,-38.1638],[144.3301,-38.168],[144.3228,-38.1612],[144.3201,-38.155],[144.3243,-38.1492],[144.3173,-38.144],[144.3078,-38.1504],[144.3033,-38.1479],[144.2939,-38.152],[144.2936,-38.1562],[144.2886,-38.1838],[144.2519,-38.1794],[144.2488,-38.196],[144.2462,-38.2116]]]}},{"type":"Feature","properties":{"pc":"3217"},"geometry":{"type":"Polygon","coordinates":[[[144.3851,-38.2016],[144.3828,-38.195],[144.3685,-38.1929],[144.3643,-38.186],[144.3578,-38.19],[144.3661,-38.205],[144.3609,-38.2072],[144.35,-38.206],[144.3452,-38.2098],[144.3271,-38.2139],[144.3012,-38.2151],[144.2719,-38.2116],[144.2683,-38.2101],[144.2462,-38.2116],[144.2428,-38.2296],[144.2185,-38.2349],[144.2048,-38.2334],[144.2002,-38.2594],[144.2099,-38.2549],[144.2127,-38.2622],[144.2182,-38.2621],[144.2111,-38.3023],[144.2834,-38.3108],[144.2889,-38.282],[144.3525,-38.2896],[144.36,-38.2516],[144.3876,-38.2549],[144.3916,-38.2343],[144.4013,-38.2323],[144.4184,-38.22],[144.4116,-38.2141],[144.3988,-38.2194],[144.3851,-38.2016]]]}},{"type":"Feature","properties":{"pc":"3218"},"geometry":{"type":"Polygon","coordinates":[[[144.351,-38.1322],[144.3175,-38.128],[144.3216,-38.1065],[144.305,-38.0973],[144.2963,-38.0952],[144.2893,-38.0987],[144.2782,-38.1012],[144.2762,-38.1118],[144.2649,-38.1106],[144.2592,-38.1064],[144.1925,-38.0984],[144.1895,-38.113],[144.1715,-38.1106],[144.1752,-38.0903],[144.157,-38.0881],[144.1585,-38.0796],[144.1244,-38.0758],[144.123,-38.0706],[144.0989,-38.0678],[144.0961,-38.0648],[144.0942,-38.0748],[144.0953,-38.0822],[144.1057,-38.0893],[144.1031,-38.095],[144.106,-38.1005],[144.0988,-38.1153],[144.1041,-38.124],[144.1172,-38.1218],[144.1292,-38.111],[144.1335,-38.1203],[144.1442,-38.1135],[144.1507,-38.1133],[144.1537,-38.1216],[144.163,-38.1253],[144.1656,-38.1306],[144.1731,-38.135],[144.1785,-38.1331],[144.1881,-38.1353],[144.1925,-38.144],[144.197,-38.1466],[144.2194,-38.1377],[144.2246,-38.1456],[144.2293,-38.1407],[144.2415,-38.1349],[144.241,-38.1415],[144.26,-38.1376],[144.2685,-38.1461],[144.2854,-38.1459],[144.2885,-38.1478],[144.2888,-38.156],[144.2936,-38.1562],[144.2939,-38.152],[144.3033,-38.1479],[144.3078,-38.1504],[144.3173,-38.144],[144.3183,-38.1393],[144.3298,-38.141],[144.3291,-38.1446],[144.3528,-38.1474],[144.3541,-38.138],[144.351,-38.1322]]]}},{"type":"Feature","properties":{"pc":"3219"},"geometry":{"type":"Polygon","coordinates":[[[144.3851,-38.2016],[144.3975,-38.2008],[144.4054,-38.1576],[144.4067,-38.1546],[144.402,-38.155],[144.3946,-38.1496],[144.3888,-38.1487],[144.385,-38.1435],[144.3744,-38.1464],[144.3673,-38.164],[144.3709,-38.1716],[144.3649,-38.1818],[144.3643,-38.186],[144.3685,-38.1929],[144.3828,-38.195],[144.3851,-38.2016]]]}},{"type":"Feature","properties":{"pc":"3220"},"geometry":{"type":"Polygon","coordinates":[[[144.351,-38.1322],[144.3541,-38.138],[144.3528,-38.1474],[144.3291,-38.1446],[144.3298,-38.141],[144.3183,-38.1393],[144.3173,-38.144],[144.3243,-38.1492],[144.3201,-38.155],[144.3228,-38.1612],[144.3301,-38.168],[144.3354,-38.1638],[144.3512,-38.1641],[144.3587,-38.1667],[144.3614,-38.1777],[144.3649,-38.1818],[144.3709,-38.1716],[144.3673,-38.164],[144.3744,-38.1464],[144.3686,-38.1465],[144.3561,-38.1384],[144.3559,-38.1328],[144.351,-38.1322]]]}},{"type":"Feature","properties":{"pc":"3228"},"geometry":{"type":"Polygon","coordinates":[[[144.2293,-38.3984],[144.2515,-38.3964],[144.2516,-38.3884],[144.2566,-38.3827],[144.2654,-38.3806],[144.2718,-38.3752],[144.2857,-38.3676],[144.2893,-38.3607],[144.2969,-38.3559],[144.3035,-38.3482],[144.3174,-38.3454],[144.3257,-38.3377],[144.3292,-38.3255],[144.3405,-38.3201],[144.353,-38.3173],[144.3703,-38.3112],[144.3779,-38.3058],[144.3765,-38.3026],[144.3718,-38.2918],[144.3525,-38.2896],[144.2889,-38.282],[144.2834,-38.3108],[144.2111,-38.3023],[144.2078,-38.3167],[144.1985,-38.3156],[144.1971,-38.3235],[144.1879,-38.3225],[144.1848,-38.3388],[144.2031,-38.3409],[144.1961,-38.3596],[144.2055,-38.3699],[144.2041,-38.3808],[144.2281,-38.3726],[144.2343,-38.3729],[144.2293,-38.3984]]]}},{"type":"Feature","properties":{"pc":"3280"},"geometry":{"type":"Polygon","coordinates":[[[142.5215,-38.343],[142.5044,-38.3411],[142.5053,-38.3359],[142.4981,-38.3334],[142.4988,-38.3282],[142.4824,-38.3264],[142.4787,-38.3333],[142.4604,-38.3317],[142.4611,-38.328],[142.4381,-38.328],[142.4381,-38.3408],[142.4365,-38.3442],[142.4143,-38.3458],[142.413,-38.3529],[142.4046,-38.3627],[142.4265,-38.3741],[142.438,-38.3827],[142.4472,-38.387],[142.4593,-38.3971],[142.4736,-38.4017],[142.4789,-38.395],[142.4922,-38.3939],[142.5004,-38.397],[142.509,-38.4033],[142.5273,-38.4059],[142.5442,-38.4131],[142.5487,-38.4039],[142.5573,-38.355],[142.5501,-38.3521],[142.5464,-38.3466],[142.5215,-38.343]]]}},{"type":"Feature","properties":{"pc":"3300"},"geometry":{"type":"Polygon","coordinates":[[[141.9149,-37.9118],[141.927,-37.913],[141.9261,-37.9056],[141.9625,-37.9053],[141.9626,-37.9167],[141.9675,-37.9166],[141.9703,-37.9098],[141.9766,-37.9084],[141.9821,-37.9139],[141.989,-37.9115],[141.9982,-37.9147],[142.0066,-37.92],[142.0245,-37.9199],[142.0244,-37.8862],[142.0511,-37.886],[142.051,-37.8637],[142.0472,-37.8593],[142.0497,-37.844],[142.0601,-37.8439],[142.0601,-37.836],[142.0805,-37.8338],[142.0987,-37.8265],[142.0945,-37.8154],[142.0889,-37.8134],[142.0905,-37.8074],[142.0722,-37.8034],[142.0861,-37.7275],[142.0778,-37.7278],[142.0714,-37.7241],[142.0731,-37.7147],[142.0651,-37.7138],[142.0676,-37.6997],[142.0755,-37.7006],[142.0769,-37.6923],[142.095,-37.6943],[142.0981,-37.6757],[142.0315,-37.6683],[142.0316,-37.6589],[142.0115,-37.6567],[142.0099,-37.6658],[141.9624,-37.6607],[141.9532,-37.7122],[141.9429,-37.7097],[141.9399,-37.7241],[141.9568,-37.7324],[141.961,-37.7367],[141.9591,-37.7495],[141.9659,-37.7501],[141.9638,-37.7647],[141.9683,-37.7706],[141.9309,-37.7851],[141.9309,-37.8068],[141.9126,-37.8068],[141.9129,-37.8863],[141.919,-37.8863],[141.9149,-37.9118]]]}},{"type":"Feature","properties":{"pc":"3337"},"geometry":{"type":"Polygon","coordinates":[[[144.6262,-37.5629],[144.6268,-37.56],[144.5612,-37.5524],[144.5562,-37.5589],[144.5509,-37.5618],[144.5423,-37.5739],[144.5382,-37.5757],[144.5386,-37.5836],[144.5317,-37.595],[144.5233,-37.6032],[144.5273,-37.6183],[144.5197,-37.6274],[144.5195,-37.6402],[144.5167,-37.647],[144.5187,-37.6527],[144.5186,-37.6703],[144.5128,-37.6752],[144.5149,-37.6857],[144.5177,-37.6875],[144.5319,-37.6866],[144.5772,-37.6915],[144.59,-37.695],[144.6039,-37.6953],[144.6147,-37.6977],[144.621,-37.7024],[144.6245,-37.6823],[144.6349,-37.6833],[144.6438,-37.6769],[144.6429,-37.6725],[144.6478,-37.6592],[144.6423,-37.6494],[144.6553,-37.6389],[144.6555,-37.6336],[144.6611,-37.6271],[144.658,-37.6162],[144.6541,-37.6116],[144.6565,-37.6063],[144.655,-37.5966],[144.6569,-37.5939],[144.6342,-37.5913],[144.6306,-37.5867],[144.6316,-37.5793],[144.6243,-37.5706],[144.6262,-37.5629]]]}},{"type":"Feature","properties":{"pc":"3338"},"geometry":{"type":"Polygon","coordinates":[[[144.559,-37.8407],[144.5791,-37.8234],[144.5782,-37.7994],[144.5882,-37.7943],[144.5907,-37.7885],[144.5891,-37.7815],[144.5844,-37.7793],[144.5781,-37.77],[144.5796,-37.7605],[144.5755,-37.7481],[144.6123,-37.7517],[144.6133,-37.7462],[144.621,-37.7024],[144.6147,-37.6977],[144.6039,-37.6953],[144.59,-37.695],[144.5772,-37.6915],[144.5319,-37.6866],[144.5177,-37.6875],[144.5149,-37.6857],[144.5179,-37.6922],[144.5148,-37.6982],[144.5193,-37.7041],[144.5164,-37.7088],[144.5269,-37.7094],[144.5134,-37.7851],[144.4777,-37.781],[144.4755,-37.7928],[144.5159,-37.8145],[144.5295,-37.8206],[144.5456,-37.8341],[144.559,-37.8407]]]}},{"type":"Feature","properties":{"pc":"3340"},"geometry":{"type":"Polygon","coordinates":[[[144.4537,-37.8672],[144.4441,-37.864],[144.449,-37.837],[144.4669,-37.8391],[144.4755,-37.7928],[144.4777,-37.781],[144.5134,-37.7851],[144.5269,-37.7094],[144.5164,-37.7088],[144.5193,-37.7041],[144.5148,-37.6982],[144.5179,-37.6922],[144.5149,-37.6857],[144.5128,-37.6752],[144.5186,-37.6703],[144.5187,-37.6527],[144.5167,-37.647],[144.5195,-37.6402],[144.5197,-37.6274],[144.5273,-37.6183],[144.5233,-37.6032],[144.5317,-37.595],[144.5386,-37.5836],[144.5382,-37.5757],[144.5423,-37.5739],[144.5509,-37.5618],[144.5562,-37.5589],[144.4837,-37.5508],[144.4593,-37.5464],[144.4563,-37.5579],[144.4496,-37.5636],[144.4527,-37.5737],[144.4485,-37.5918],[144.4371,-37.5905],[144.4207,-37.5928],[144.4239,-37.6055],[144.4192,-37.6121],[144.3973,-37.6096],[144.3848,-37.6067],[144.3963,-37.62],[144.3942,-37.6295],[144.4017,-37.6364],[144.4034,-37.6524],[144.4095,-37.6564],[144.4104,-37.6664],[144.416,-37.6706],[144.412,-37.678],[144.3992,-37.6795],[144.3923,-37.6866],[144.3818,-37.6791],[144.3744,-37.6799],[144.3705,-37.675],[144.3682,-37.6875],[144.3507,-37.6818],[144.348,-37.6968],[144.3411,-37.6962],[144.3361,-37.6891],[144.3167,-37.6814],[144.3134,-37.677],[144.3024,-37.6812],[144.2847,-37.6811],[144.2871,-37.6904],[144.2793,-37.694],[144.2724,-37.6929],[144.2646,-37.6882],[144.2596,-37.711],[144.2645,-37.7107],[144.2655,-37.718],[144.2577,-37.7271],[144.2548,-37.7369],[144.2458,-37.736],[144.2446,-37.7432],[144.2502,-37.7467],[144.2519,-37.754],[144.2669,-37.7555],[144.2624,-37.7711],[144.2658,-37.7779],[144.2606,-37.7798],[144.2594,-37.7924],[144.2619,-37.7952],[144.2721,-37.7962],[144.279,-37.8021],[144.2667,-37.8122],[144.2481,-37.8097],[144.2471,-37.8126],[144.2225,-37.8101],[144.2175,-37.819],[144.2107,-37.825],[144.2186,-37.83],[144.2302,-37.8338],[144.2338,-37.8484],[144.2326,-37.8609],[144.2342,-37.8666],[144.2365,-37.8699],[144.257,-37.8768],[144.258,-37.8849],[144.2728,-37.8731],[144.2845,-37.8723],[144.2944,-37.8757],[144.321,-37.8789],[144.3295,-37.8825],[144.3386,-37.8836],[144.3504,-37.8923],[144.3671,-37.8928],[144.3808,-37.8928],[144.3862,-37.8961],[144.4007,-37.8984],[144.4048,-37.8764],[144.4171,-37.8778],[144.4206,-37.8735],[144.4296,-37.8715],[144.434,-37.8661],[144.4503,-37.8723],[144.4537,-37.8672]]]}},{"type":"Feature","properties":{"pc":"3350"},"geometry":{"type":"Polygon","coordinates":[[[143.8509,-37.521],[143.8495,-37.5392],[143.8433,-37.5427],[143.8221,-37.54],[143.819,-37.5558],[143.8135,-37.5534],[143.8123,-37.5414],[143.8009,-37.5399],[143.7913,-37.544],[143.7758,-37.5378],[143.7589,-37.5489],[143.7855,-37.552],[143.783,-37.5667],[143.801,-37.5688],[143.8159,-37.5704],[143.8292,-37.5702],[143.8273,-37.5807],[143.8435,-37.5826],[143.8486,-37.5851],[143.8505,-37.5983],[143.8471,-37.609],[143.859,-37.6125],[143.8684,-37.6231],[143.8611,-37.626],[143.8576,-37.6355],[143.8585,-37.6408],[143.8861,-37.644],[143.8884,-37.6366],[143.9151,-37.6392],[143.9134,-37.6268],[143.9097,-37.6216],[143.899,-37.6165],[143.8958,-37.6075],[143.8981,-37.5965],[143.9026,-37.597],[143.9088,-37.5601],[143.9233,-37.5605],[143.9232,-37.5511],[143.9301,-37.5509],[143.9297,-37.5384],[143.9319,-37.5351],[143.9235,-37.5314],[143.9138,-37.5301],[143.9127,-37.5266],[143.8971,-37.5242],[143.889,-37.5324],[143.8718,-37.5303],[143.865,-37.5238],[143.8509,-37.521]]]}},{"type":"Feature","properties":{"pc":"3355"},"geometry":{"type":"Polygon","coordinates":[[[143.8009,-37.5399],[143.8123,-37.5414],[143.8135,-37.5534],[143.819,-37.5558],[143.8221,-37.54],[143.8433,-37.5427],[143.8495,-37.5392],[143.8509,-37.521],[143.8191,-37.5166],[143.8063,-37.51],[143.7997,-37.4979],[143.787,-37.4897],[143.7488,-37.4845],[143.7447,-37.5072],[143.8029,-37.5337],[143.8009,-37.5399]]]}},{"type":"Feature","properties":{"pc":"3356"},"geometry":{"type":"Polygon","coordinates":[[[143.8178,-37.6135],[143.8383,-37.6215],[143.8471,-37.609],[143.8505,-37.5983],[143.8486,-37.5851],[143.8435,-37.5826],[143.8273,-37.5807],[143.8292,-37.5702],[143.8159,-37.5704],[143.801,-37.5688],[143.7997,-37.5761],[143.8088,-37.5772],[143.8065,-37.5904],[143.8059,-37.5936],[143.8244,-37.5955],[143.8207,-37.6138],[143.8178,-37.6135]]]}},{"type":"Feature","properties":{"pc":"3380"},"geometry":{"type":"Polygon","coordinates":[[[142.8421,-37.0977],[142.8379,-37.0911],[142.8411,-37.085],[142.8373,-37.0718],[142.8229,-37.0691],[142.8113,-37.0628],[142.8021,-37.0634],[142.8061,-37.045],[142.8107,-37.0385],[142.8192,-37.0344],[142.8295,-37.0353],[142.8323,-37.0324],[142.8209,-37.0261],[142.821,-37.016],[142.8183,-37.0014],[142.8039,-36.9823],[142.7981,-36.9812],[142.797,-36.9701],[142.7857,-36.9701],[142.7854,-36.9977],[142.7728,-36.9976],[142.7739,-37.0083],[142.7778,-37.0116],[142.7779,-37.0196],[142.7731,-37.0233],[142.7463,-37.0232],[142.7475,-37.0315],[142.7426,-37.0369],[142.7327,-37.0356],[142.7279,-37.0444],[142.7262,-37.0526],[142.735,-37.0549],[142.7336,-37.0613],[142.7246,-37.0652],[142.7225,-37.0747],[142.7244,-37.0848],[142.7119,-37.0848],[142.712,-37.0948],[142.6993,-37.0949],[142.6993,-37.0905],[142.6922,-37.0849],[142.6791,-37.0849],[142.675,-37.1105],[142.6994,-37.119],[142.7063,-37.1159],[142.7293,-37.1104],[142.7461,-37.083],[142.7605,-37.0846],[142.7726,-37.0884],[142.7709,-37.0967],[142.7883,-37.0905],[142.7954,-37.098],[142.8421,-37.0977]]]}},{"type":"Feature","properties":{"pc":"3400"},"geometry":{"type":"Polygon","coordinates":[[[142.2077,-36.6969],[142.1687,-36.6971],[142.169,-36.741],[142.2238,-36.7408],[142.2234,-36.6974],[142.2077,-36.6969]]]}},{"type":"Feature","properties":{"pc":"3429"},"geometry":{"type":"Polygon","coordinates":[[[144.7226,-37.4837],[144.719,-37.4871],[144.7111,-37.4824],[144.6917,-37.4867],[144.6789,-37.4995],[144.66,-37.4984],[144.6565,-37.5],[144.645,-37.495],[144.6381,-37.4995],[144.6324,-37.5301],[144.649,-37.5438],[144.6561,-37.5529],[144.6645,-37.5591],[144.6717,-37.5677],[144.6817,-37.5796],[144.6931,-37.5959],[144.7095,-37.6142],[144.7485,-37.6187],[144.7585,-37.619],[144.771,-37.6248],[144.7763,-37.6232],[144.7805,-37.6151],[144.76,-37.5986],[144.7601,-37.5826],[144.7682,-37.5837],[144.7705,-37.5905],[144.779,-37.5893],[144.7884,-37.5992],[144.7903,-37.6086],[144.8021,-37.6092],[144.8177,-37.6012],[144.8114,-37.5905],[144.8127,-37.5817],[144.822,-37.5788],[144.819,-37.5728],[144.8302,-37.5652],[144.8285,-37.5612],[144.8353,-37.555],[144.8331,-37.5482],[144.8355,-37.5335],[144.8341,-37.5314],[144.8279,-37.5248],[144.7683,-37.5174],[144.7694,-37.5061],[144.7575,-37.4948],[144.7519,-37.497],[144.7405,-37.4893],[144.7226,-37.4837]]]}},{"type":"Feature","properties":{"pc":"3498"},"geometry":{"type":"Polygon","coordinates":[[[142.0854,-34.2852],[142.1105,-34.285],[142.1192,-34.2781],[142.1341,-34.2801],[142.1341,-34.2753],[142.1504,-34.272],[142.1558,-34.2729],[142.1992,-34.2729],[142.2024,-34.2709],[142.2123,-34.2719],[142.2465,-34.272],[142.2496,-34.2669],[142.2419,-34.258],[142.2341,-34.2571],[142.2357,-34.2488],[142.2435,-34.246],[142.2446,-34.2404],[142.2163,-34.2398],[142.2107,-34.2341],[142.177,-34.206],[142.1352,-34.2405],[142.1303,-34.2364],[142.0856,-34.2729],[142.0854,-34.2852]]]}},{"type":"Feature","properties":{"pc":"3500"},"geometry":{"type":"Polygon","coordinates":[[[142.1938,-34.1821],[142.1836,-34.1757],[142.176,-34.1844],[142.1659,-34.1827],[142.1593,-34.1715],[142.1659,-34.1523],[142.1457,-34.1492],[142.138,-34.1601],[142.1318,-34.1602],[142.1248,-34.1568],[142.1186,-34.1598],[142.1209,-34.1741],[142.1039,-34.1773],[142.0931,-34.1719],[142.085,-34.1737],[142.0914,-34.175],[142.0889,-34.1877],[142.0908,-34.2033],[142.1007,-34.2116],[142.0878,-34.2221],[142.0878,-34.224],[142.0642,-34.224],[142.0637,-34.2565],[142.0677,-34.2644],[142.0764,-34.2646],[142.0783,-34.2728],[142.0856,-34.2729],[142.1303,-34.2364],[142.1352,-34.2405],[142.177,-34.206],[142.2042,-34.1837],[142.1938,-34.1821]]]}},{"type":"Feature","properties":{"pc":"3550"},"geometry":{"type":"Polygon","coordinates":[[[144.2737,-36.8125],[144.2895,-36.8152],[144.2879,-36.8108],[144.3021,-36.8119],[144.3024,-36.8047],[144.3058,-36.7959],[144.3055,-36.7897],[144.3142,-36.7822],[144.3192,-36.7817],[144.323,-36.7754],[144.3205,-36.7633],[144.3244,-36.7584],[144.327,-36.7443],[144.3377,-36.7456],[144.3393,-36.7386],[144.3449,-36.74],[144.3479,-36.7258],[144.3328,-36.7262],[144.3235,-36.725],[144.3167,-36.7282],[144.3136,-36.721],[144.3003,-36.7142],[144.305,-36.7038],[144.298,-36.7027],[144.2938,-36.7119],[144.2934,-36.7187],[144.289,-36.7209],[144.2903,-36.7276],[144.2862,-36.7313],[144.2794,-36.728],[144.2711,-36.7304],[144.2592,-36.7367],[144.2561,-36.7355],[144.241,-36.7394],[144.242,-36.7437],[144.2379,-36.749],[144.2438,-36.7601],[144.257,-36.7585],[144.2621,-36.7615],[144.2681,-36.7706],[144.275,-36.7687],[144.2703,-36.7806],[144.2764,-36.7969],[144.2662,-36.8046],[144.2737,-36.8125]]]}},{"type":"Feature","properties":{"pc":"3555"},"geometry":{"type":"Polygon","coordinates":[[[144.2737,-36.8125],[144.2662,-36.8046],[144.2764,-36.7969],[144.2703,-36.7806],[144.275,-36.7687],[144.2681,-36.7706],[144.2621,-36.7615],[144.257,-36.7585],[144.2438,-36.7601],[144.2332,-36.773],[144.232,-36.7789],[144.224,-36.7852],[144.2209,-36.7923],[144.2125,-36.7973],[144.2203,-36.8081],[144.2176,-36.8212],[144.2064,-36.8263],[144.2097,-36.8455],[144.2226,-36.8474],[144.2316,-36.8528],[144.2398,-36.8481],[144.2497,-36.8458],[144.2551,-36.8385],[144.2553,-36.8333],[144.2688,-36.8162],[144.2737,-36.8125]]]}},{"type":"Feature","properties":{"pc":"3564"},"geometry":{"type":"MultiPolygon","coordinates":[[[[144.8298,-36.1028],[144.8242,-36.1025],[144.8163,-36.1099],[144.8075,-36.1072],[144.8101,-36.1176],[144.8058,-36.1238],[144.7971,-36.1136],[144.7869,-36.1277],[144.778,-36.1299],[144.7736,-36.1208],[144.7685,-36.1158],[144.7641,-36.1196],[144.7545,-36.1222],[144.7476,-36.1212],[144.7434,-36.1088],[144.7404,-36.1076],[144.7313,-36.1123],[144.7271,-36.1179],[144.7184,-36.1136],[144.7191,-36.1007],[144.7252,-36.099],[144.7151,-36.0863],[144.7116,-36.0914],[144.698,-36.0935],[144.6848,-36.0915],[144.6825,-36.0849],[144.6865,-36.0752],[144.6924,-36.0693],[144.6879,-36.0612],[144.6796,-36.0623],[144.6785,-36.0693],[144.6529,-36.0739],[144.6532,-36.0532],[144.6462,-36.0517],[144.6414,-36.0555],[144.6375,-36.0476],[144.625,-36.0521],[144.6276,-36.0666],[144.6168,-36.0766],[144.6089,-36.0649],[144.6115,-36.0554],[144.6176,-36.0456],[144.6187,-36.0396],[144.6108,-36.033],[144.5985,-36.0375],[144.5981,-36.073],[144.6,-36.0745],[144.6,-36.0998],[144.5896,-36.1109],[144.5451,-36.1109],[144.5445,-36.1145],[144.4724,-36.1146],[144.4726,-36.1295],[144.4804,-36.1295],[144.4816,-36.159],[144.571,-36.159],[144.571,-36.1988],[144.5628,-36.1989],[144.5628,-36.2257],[144.6443,-36.2254],[144.7286,-36.2254],[144.8067,-36.2256],[144.8318,-36.2487],[144.8502,-36.2395],[144.8502,-36.1725],[144.932,-36.1724],[144.932,-36.1097],[144.9305,-36.1003],[144.9195,-36.0937],[144.9048,-36.0783],[144.8966,-36.0795],[144.8975,-36.085],[144.8948,-36.0926],[144.8837,-36.0924],[144.8766,-36.0942],[144.8744,-36.09],[144.8641,-36.0877],[144.8532,-36.0935],[144.8579,-36.0989],[144.8576,-36.1032],[144.8409,-36.1017],[144.8298,-36.1028]]],[[[144.4665,-35.9447],[144.4644,-35.9412],[144.4662,-35.9333],[144.4536,-35.9371],[144.4481,-35.9356],[144.4425,-35.9418],[144.4295,-35.9398],[144.4252,-35.9462],[144.4251,-35.9682],[144.4228,-35.9719],[144.4034,-35.9829],[144.401,-35.9962],[144.355,-35.9961],[144.355,-35.9997],[144.3328,-35.9968],[144.3315,-36.0033],[144.2777,-35.9961],[144.2763,-36.0033],[144.2802,-36.0136],[144.2925,-36.0202],[144.2935,-36.0245],[144.3095,-36.0376],[144.3185,-36.0387],[144.3731,-36.0387],[144.3709,-36.0534],[144.4011,-36.0534],[144.4042,-36.0559],[144.4043,-36.0837],[144.4316,-36.0837],[144.4317,-36.0997],[144.4725,-36.0997],[144.4887,-36.0998],[144.4887,-36.0916],[144.495,-36.0916],[144.495,-36.0503],[144.4976,-36.0369],[144.4896,-36.0368],[144.4897,-36.0303],[144.4572,-36.0303],[144.4572,-36.0136],[144.4605,-35.9985],[144.4702,-36.0029],[144.477,-36.0008],[144.4738,-35.9889],[144.4697,-35.986],[144.4598,-35.9853],[144.4599,-35.9673],[144.4635,-35.96],[144.4701,-35.955],[144.4712,-35.95],[144.4665,-35.9447]]]]}},{"type":"Feature","properties":{"pc":"3629"},"geometry":{"type":"Polygon","coordinates":[[[145.3507,-36.4353],[145.3681,-36.4353],[145.3681,-36.4296],[145.3752,-36.4217],[145.3764,-36.4102],[145.3661,-36.4088],[145.3622,-36.3957],[145.3686,-36.3908],[145.3765,-36.3889],[145.3828,-36.3862],[145.3756,-36.381],[145.3705,-36.3618],[145.3618,-36.3594],[145.3532,-36.3526],[145.3541,-36.3403],[145.361,-36.3207],[145.357,-36.3132],[145.3554,-36.2987],[145.3618,-36.2965],[145.3608,-36.2883],[145.3419,-36.2778],[145.3338,-36.2651],[145.3269,-36.2642],[145.3239,-36.2499],[145.3044,-36.2454],[145.2982,-36.2466],[145.2959,-36.2419],[145.2867,-36.242],[145.2777,-36.248],[145.2739,-36.2442],[145.2735,-36.2338],[145.2756,-36.2273],[145.2657,-36.215],[145.268,-36.2099],[145.2627,-36.206],[145.2603,-36.1993],[145.2535,-36.1902],[145.2482,-36.1865],[145.2491,-36.1809],[145.2405,-36.1721],[145.2318,-36.1665],[145.2156,-36.1653],[145.2115,-36.1592],[145.2035,-36.1614],[145.1937,-36.1593],[145.1885,-36.1667],[145.191,-36.1706],[145.1891,-36.1801],[145.1816,-36.178],[145.1761,-36.181],[145.1667,-36.181],[145.1685,-36.1897],[145.1684,-36.2463],[145.181,-36.2536],[145.1684,-36.2547],[145.1501,-36.2547],[145.1503,-36.2843],[145.1684,-36.2843],[145.1684,-36.299],[145.1775,-36.299],[145.1775,-36.3064],[145.1866,-36.3064],[145.1866,-36.3137],[145.2228,-36.3137],[145.2228,-36.3284],[145.2773,-36.3284],[145.2773,-36.3651],[145.2592,-36.3651],[145.2592,-36.3871],[145.2774,-36.3871],[145.2775,-36.4108],[145.2954,-36.4109],[145.2954,-36.4255],[145.3136,-36.4255],[145.3136,-36.438],[145.332,-36.4379],[145.3294,-36.4457],[145.3392,-36.4457],[145.3436,-36.4346],[145.3507,-36.4353]]]}},{"type":"Feature","properties":{"pc":"3630"},"geometry":{"type":"MultiPolygon","coordinates":[[[[145.3765,-36.3889],[145.3749,-36.3935],[145.3866,-36.4026],[145.3917,-36.4026],[145.4035,-36.4077],[145.4095,-36.4159],[145.419,-36.421],[145.4318,-36.4243],[145.4319,-36.3647],[145.424,-36.3611],[145.424,-36.3475],[145.3869,-36.3475],[145.3868,-36.3364],[145.3778,-36.3364],[145.376,-36.3234],[145.3629,-36.3234],[145.361,-36.3207],[145.3541,-36.3403],[145.3532,-36.3526],[145.3618,-36.3594],[145.3705,-36.3618],[145.3756,-36.381],[145.3828,-36.3862],[145.3765,-36.3889]]],[[[145.6566,-36.4464],[145.6594,-36.4318],[145.6532,-36.4262],[145.6467,-36.4259],[145.6407,-36.4209],[145.6367,-36.4259],[145.6265,-36.4239],[145.603,-36.4303],[145.5945,-36.4283],[145.591,-36.4314],[145.5682,-36.4226],[145.5553,-36.4239],[145.5526,-36.4267],[145.5433,-36.423],[145.5343,-36.4263],[145.5316,-36.4233],[145.5316,-36.499],[145.6128,-36.499],[145.6137,-36.5207],[145.6316,-36.5207],[145.6316,-36.499],[145.6678,-36.4991],[145.6676,-36.4568],[145.6497,-36.4569],[145.6498,-36.4502],[145.6566,-36.4464]]]]}},{"type":"Feature","properties":{"pc":"3663"},"geometry":{"type":"Polygon","coordinates":[[[145.1983,-36.9708],[145.1984,-36.942],[145.2098,-36.9443],[145.225,-36.9178],[145.2198,-36.9125],[145.1985,-36.9125],[145.1984,-36.9025],[145.1888,-36.9013],[145.1931,-36.8801],[145.1788,-36.8884],[145.1676,-36.88],[145.1631,-36.8803],[145.1459,-36.8821],[145.1277,-36.8789],[145.1222,-36.8849],[145.1192,-36.8931],[145.1233,-36.8984],[145.123,-36.9052],[145.1267,-36.9076],[145.1161,-36.9154],[145.1222,-36.9202],[145.1218,-36.9283],[145.1275,-36.9327],[145.1267,-36.9399],[145.133,-36.9484],[145.1303,-36.9708],[145.1983,-36.9708]]]}},{"type":"Feature","properties":{"pc":"3669"},"geometry":{"type":"Polygon","coordinates":[[[145.9241,-36.7554],[145.9118,-36.7586],[145.9065,-36.765],[145.899,-36.7632],[145.8868,-36.7681],[145.8713,-36.7707],[145.8397,-36.7705],[145.8419,-36.7584],[145.8414,-36.7496],[145.8444,-36.744],[145.8464,-36.7268],[145.8373,-36.7252],[145.8161,-36.7254],[145.8193,-36.7119],[145.825,-36.7078],[145.8231,-36.6971],[145.8274,-36.69],[145.824,-36.6828],[145.8364,-36.6724],[145.8394,-36.6661],[145.8383,-36.6608],[145.8317,-36.6617],[145.8175,-36.6599],[145.8204,-36.6479],[145.8154,-36.6471],[145.8193,-36.6276],[145.819,-36.6195],[145.8079,-36.6184],[145.8233,-36.5448],[145.8233,-36.5207],[145.8233,-36.454],[145.8152,-36.4571],[145.8084,-36.4552],[145.7969,-36.4572],[145.7927,-36.4491],[145.782,-36.4483],[145.7752,-36.4438],[145.7661,-36.4417],[145.7653,-36.4373],[145.7589,-36.4357],[145.7398,-36.4324],[145.7352,-36.4261],[145.7244,-36.4246],[145.7244,-36.4345],[145.7313,-36.4426],[145.7313,-36.4459],[145.695,-36.4458],[145.6751,-36.4459],[145.6745,-36.4486],[145.6566,-36.4464],[145.6498,-36.4502],[145.6497,-36.4569],[145.6676,-36.4568],[145.6678,-36.4991],[145.6316,-36.499],[145.6316,-36.5207],[145.6137,-36.5207],[145.6128,-36.499],[145.5316,-36.499],[145.5316,-36.5115],[145.5426,-36.5114],[145.5407,-36.516],[145.5444,-36.5222],[145.5534,-36.5315],[145.5514,-36.5384],[145.5518,-36.556],[145.5316,-36.5561],[145.5317,-36.6138],[145.5995,-36.6197],[145.6347,-36.6223],[145.6347,-36.6317],[145.6151,-36.6533],[145.6679,-36.684],[145.687,-36.6626],[145.7093,-36.6758],[145.7127,-36.6803],[145.7106,-36.6905],[145.7069,-36.6966],[145.7211,-36.7017],[145.7212,-36.7089],[145.7275,-36.7129],[145.7292,-36.7254],[145.7332,-36.7413],[145.7228,-36.7349],[145.7194,-36.7302],[145.7117,-36.7396],[145.6965,-36.7368],[145.6871,-36.733],[145.679,-36.7403],[145.6918,-36.7477],[145.6895,-36.7498],[145.6984,-36.7564],[145.6932,-36.763],[145.7057,-36.7719],[145.6996,-36.7768],[145.7079,-36.7833],[145.7114,-36.7931],[145.7215,-36.7996],[145.7704,-36.7996],[145.7627,-36.8065],[145.7889,-36.8066],[145.7888,-36.8212],[145.8034,-36.8212],[145.8058,-36.8252],[145.8039,-36.8399],[145.8226,-36.84],[145.8272,-36.8382],[145.8437,-36.8383],[145.8442,-36.8442],[145.8396,-36.849],[145.8429,-36.8551],[145.8428,-36.8681],[145.8458,-36.8757],[145.8616,-36.8758],[145.8615,-36.8942],[145.8664,-36.8942],[145.8663,-36.9022],[145.8617,-36.9067],[145.8729,-36.9061],[145.8794,-36.9095],[145.8894,-36.9095],[145.8986,-36.9119],[145.9081,-36.91],[145.9181,-36.9145],[145.9183,-36.9242],[145.9248,-36.9258],[145.9314,-36.9189],[145.9361,-36.9228],[145.948,-36.9278],[145.95,-36.9322],[145.9475,-36.9396],[145.9557,-36.9273],[145.9557,-36.8995],[145.9605,-36.8966],[145.9602,-36.8828],[145.9665,-36.8743],[145.9729,-36.8757],[145.9793,-36.8724],[145.9731,-36.8673],[145.9432,-36.8569],[145.9337,-36.857],[145.9356,-36.8475],[145.9393,-36.8453],[145.9429,-36.8243],[145.9308,-36.8228],[145.9344,-36.8064],[145.9268,-36.8052],[145.9259,-36.7878],[145.9114,-36.7878],[145.921,-36.7797],[145.925,-36.7709],[145.9188,-36.771],[145.9188,-36.7602],[145.9241,-36.7554]]]}},{"type":"Feature","properties":{"pc":"3690"},"geometry":{"type":"Polygon","coordinates":[[[146.7745,-36.1374],[146.8012,-36.1374],[146.8074,-36.1395],[146.8177,-36.1351],[146.8245,-36.1396],[146.8433,-36.1434],[146.8488,-36.141],[146.8635,-36.1467],[146.8624,-36.1629],[146.8724,-36.168],[146.8721,-36.1742],[146.8897,-36.1769],[146.8929,-36.1656],[146.8834,-36.1613],[146.8868,-36.1561],[146.887,-36.1454],[146.8965,-36.1484],[146.9074,-36.1458],[146.9188,-36.1312],[146.9233,-36.1148],[146.9181,-36.1079],[146.9135,-36.1128],[146.9062,-36.1067],[146.8832,-36.0956],[146.8812,-36.0874],[146.8768,-36.0829],[146.873,-36.0737],[146.86,-36.0793],[146.86,-36.0835],[146.8487,-36.0866],[146.8364,-36.0822],[146.8341,-36.086],[146.8258,-36.0888],[146.8223,-36.0824],[146.8273,-36.0781],[146.8167,-36.0746],[146.8128,-36.0672],[146.8145,-36.0639],[146.8042,-36.0583],[146.7957,-36.0574],[146.798,-36.0643],[146.7936,-36.082],[146.8018,-36.0924],[146.8086,-36.0967],[146.8057,-36.1003],[146.7902,-36.106],[146.7893,-36.1121],[146.7816,-36.1114],[146.7791,-36.1273],[146.7748,-36.1275],[146.7745,-36.1374]]]}},{"type":"Feature","properties":{"pc":"3737"},"geometry":{"type":"Polygon","coordinates":[[[146.9377,-36.6249],[146.9441,-36.6207],[146.9446,-36.6149],[146.9355,-36.6102],[146.9374,-36.6047],[146.9474,-36.5998],[146.9549,-36.5984],[146.9696,-36.5569],[146.9622,-36.5583],[146.9705,-36.5361],[146.9703,-36.5283],[146.9662,-36.522],[146.9525,-36.5173],[146.9451,-36.5071],[146.9475,-36.4953],[146.9515,-36.4911],[146.9504,-36.4839],[146.9419,-36.4659],[146.9344,-36.4597],[146.923,-36.4569],[146.9184,-36.4515],[146.9167,-36.4448],[146.8945,-36.4409],[146.8912,-36.4584],[146.8815,-36.4543],[146.8649,-36.4522],[146.869,-36.4447],[146.8527,-36.4426],[146.8509,-36.4513],[146.8334,-36.4504],[146.8146,-36.448],[146.8035,-36.4466],[146.8033,-36.4514],[146.7258,-36.4592],[146.7213,-36.4666],[146.7198,-36.4764],[146.7132,-36.4808],[146.7006,-36.4816],[146.6952,-36.4799],[146.6854,-36.4829],[146.6719,-36.4914],[146.6577,-36.4884],[146.6484,-36.4909],[146.6467,-36.5],[146.6475,-36.5116],[146.6366,-36.5184],[146.6343,-36.5225],[146.6429,-36.5281],[146.6493,-36.5249],[146.6543,-36.5273],[146.6612,-36.5234],[146.668,-36.5327],[146.6658,-36.54],[146.6582,-36.5529],[146.6668,-36.5581],[146.6707,-36.5685],[146.6628,-36.5726],[146.6604,-36.5774],[146.6477,-36.5905],[146.6493,-36.6011],[146.6448,-36.6142],[146.6369,-36.6223],[146.6263,-36.6269],[146.622,-36.6313],[146.6219,-36.6395],[146.6187,-36.6422],[146.6166,-36.6508],[146.6187,-36.6641],[146.6233,-36.6729],[146.6311,-36.6787],[146.6194,-36.6942],[146.6179,-36.6989],[146.6085,-36.7039],[146.609,-36.7065],[146.5996,-36.7134],[146.5665,-36.7411],[146.6315,-36.8053],[146.6426,-36.8128],[146.6405,-36.8159],[146.6412,-36.8292],[146.6376,-36.8391],[146.6367,-36.8479],[146.6256,-36.8546],[146.6329,-36.8665],[146.6439,-36.8698],[146.6422,-36.8824],[146.6455,-36.8912],[146.6419,-36.8997],[146.6403,-36.9108],[146.644,-36.9138],[146.6453,-36.9212],[146.6502,-36.9266],[146.6437,-36.9354],[146.6535,-36.9474],[146.6551,-36.9552],[146.6546,-36.9701],[146.6631,-36.9781],[146.6723,-36.9828],[146.674,-37.1127],[146.6597,-37.1144],[146.6515,-37.12],[146.6636,-37.1234],[146.6677,-37.1289],[146.6814,-37.137],[146.6849,-37.1452],[146.6929,-37.1495],[146.7191,-37.1589],[146.7335,-37.1555],[146.7443,-37.1562],[146.7466,-37.1503],[146.7581,-37.1471],[146.771,-37.1506],[146.7774,-37.1639],[146.7879,-37.1776],[146.7975,-37.18],[146.8073,-37.1861],[146.8234,-37.1917],[146.8255,-37.2026],[146.8384,-37.205],[146.9133,-37.2157],[146.9047,-37.2095],[146.9089,-37.2043],[146.9001,-37.1909],[146.8982,-37.1832],[146.8933,-37.175],[146.8955,-37.1709],[146.8892,-37.1606],[147.0052,-37.1372],[147.0147,-37.1461],[147.0212,-37.1499],[147.0233,-37.1574],[147.0296,-37.1617],[147.1172,-37.1716],[147.116,-37.0606],[147.0915,-37.0603],[147.0898,-37.0478],[147.0874,-37.0465],[147.0684,-37.0477],[147.0644,-37.0457],[147.0753,-37.0371],[147.0794,-37.0217],[147.0736,-37.0174],[147.074,-37.0133],[147.0625,-37.0049],[147.0616,-37.001],[147.0672,-36.9863],[147.0536,-36.9876],[147.0516,-36.9789],[147.0457,-36.9697],[147.0471,-36.9635],[147.0417,-36.9565],[146.99,-36.9567],[146.9143,-36.9568],[146.9145,-37.0372],[146.8989,-37.0438],[146.8919,-37.0426],[146.8908,-37.0373],[146.8829,-37.0304],[146.8675,-37.0259],[146.8744,-37.0209],[146.8813,-37.0109],[146.8808,-36.9981],[146.7783,-36.9984],[146.7763,-36.9912],[146.7836,-36.9849],[146.7961,-36.9873],[146.8023,-36.981],[146.7992,-36.9725],[146.805,-36.9682],[146.806,-36.9607],[146.8006,-36.9583],[146.7926,-36.9481],[146.8026,-36.9458],[146.812,-36.9481],[146.8208,-36.9475],[146.8265,-36.9446],[146.8179,-36.9209],[146.8225,-36.9181],[146.8176,-36.9012],[146.8138,-36.8976],[146.8126,-36.8799],[146.8026,-36.869],[146.8075,-36.8629],[146.8083,-36.8552],[146.8129,-36.8472],[146.806,-36.8366],[146.8158,-36.8298],[146.8165,-36.8261],[146.7915,-36.8013],[146.7755,-36.798],[146.7633,-36.8011],[146.7484,-36.8029],[146.7218,-36.7969],[146.7083,-36.7882],[146.7055,-36.772],[146.6985,-36.7551],[146.7032,-36.7535],[146.7003,-36.7465],[146.6916,-36.7435],[146.6924,-36.7391],[146.6807,-36.7376],[146.6715,-36.7308],[146.677,-36.7164],[146.6989,-36.7198],[146.7008,-36.7114],[146.7858,-36.6523],[146.7886,-36.6348],[146.7801,-36.635],[146.7798,-36.6287],[146.7651,-36.6269],[146.7619,-36.6217],[146.7548,-36.6203],[146.7485,-36.6122],[146.754,-36.6099],[146.7544,-36.5968],[146.7491,-36.5925],[146.7505,-36.5844],[146.7569,-36.5842],[146.7635,-36.5888],[146.7687,-36.5884],[146.7768,-36.5827],[146.79,-36.5828],[146.7924,-36.5764],[146.8007,-36.5744],[146.8077,-36.5787],[146.8141,-36.5918],[146.8211,-36.5943],[146.8413,-36.6029],[146.8578,-36.6115],[146.8557,-36.6176],[146.8793,-36.6288],[146.8973,-36.6313],[146.8992,-36.633],[146.9016,-36.6301],[146.9263,-36.6289],[146.9377,-36.6249]]]}},{"type":"Feature","properties":{"pc":"3740"},"geometry":{"type":"Polygon","coordinates":[[[146.99,-36.9567],[146.9938,-36.9472],[146.9938,-36.939],[146.9978,-36.936],[146.9944,-36.9241],[146.9982,-36.9186],[146.9981,-36.8341],[146.9831,-36.8311],[146.9742,-36.8319],[146.9686,-36.8263],[146.9618,-36.8351],[146.955,-36.8323],[146.9549,-36.8185],[146.9504,-36.8138],[146.952,-36.8099],[146.9464,-36.8051],[146.9553,-36.8008],[146.961,-36.795],[146.9612,-36.7889],[146.9492,-36.7842],[146.9492,-36.7789],[146.9659,-36.7775],[146.9605,-36.7724],[146.9647,-36.7655],[146.9656,-36.7585],[146.9541,-36.7598],[146.9473,-36.7541],[146.9368,-36.7573],[146.932,-36.725],[146.9284,-36.7191],[146.9306,-36.7155],[146.9265,-36.7102],[146.9347,-36.701],[146.952,-36.7061],[146.9672,-36.6994],[146.9777,-36.692],[146.978,-36.6862],[146.9738,-36.6787],[146.9758,-36.6728],[146.9832,-36.6685],[146.9887,-36.6609],[146.9621,-36.6572],[146.9313,-36.6547],[146.9378,-36.628],[146.9377,-36.6249],[146.9263,-36.6289],[146.9016,-36.6301],[146.8992,-36.633],[146.9,-36.6393],[146.905,-36.6423],[146.9036,-36.651],[146.8968,-36.656],[146.8943,-36.6611],[146.8785,-36.668],[146.8898,-36.6774],[146.8876,-36.6815],[146.8754,-36.6793],[146.8649,-36.6805],[146.8645,-36.6768],[146.8563,-36.67],[146.8485,-36.6773],[146.8454,-36.6753],[146.8518,-36.6684],[146.8406,-36.6671],[146.8421,-36.658],[146.7858,-36.6523],[146.7008,-36.7114],[146.6989,-36.7198],[146.677,-36.7164],[146.6715,-36.7308],[146.6807,-36.7376],[146.6924,-36.7391],[146.6916,-36.7435],[146.7003,-36.7465],[146.7032,-36.7535],[146.6985,-36.7551],[146.7055,-36.772],[146.7083,-36.7882],[146.7218,-36.7969],[146.7484,-36.8029],[146.7633,-36.8011],[146.7755,-36.798],[146.7915,-36.8013],[146.8165,-36.8261],[146.8158,-36.8298],[146.806,-36.8366],[146.8129,-36.8472],[146.8083,-36.8552],[146.8075,-36.8629],[146.8026,-36.869],[146.8126,-36.8799],[146.8138,-36.8976],[146.8176,-36.9012],[146.8225,-36.9181],[146.8179,-36.9209],[146.8265,-36.9446],[146.8208,-36.9475],[146.812,-36.9481],[146.8026,-36.9458],[146.7926,-36.9481],[146.8006,-36.9583],[146.806,-36.9607],[146.805,-36.9682],[146.7992,-36.9725],[146.8023,-36.981],[146.7961,-36.9873],[146.7836,-36.9849],[146.7763,-36.9912],[146.7783,-36.9984],[146.8808,-36.9981],[146.8813,-37.0109],[146.8744,-37.0209],[146.8675,-37.0259],[146.8829,-37.0304],[146.8908,-37.0373],[146.8919,-37.0426],[146.8989,-37.0438],[146.9145,-37.0372],[146.9143,-36.9568],[146.99,-36.9567]]]}},{"type":"Feature","properties":{"pc":"3741"},"geometry":{"type":"Polygon","coordinates":[[[146.9887,-36.6609],[146.9832,-36.6685],[146.9758,-36.6728],[146.9738,-36.6787],[146.978,-36.6862],[146.9777,-36.692],[146.9672,-36.6994],[146.952,-36.7061],[146.9347,-36.701],[146.9265,-36.7102],[146.9306,-36.7155],[146.9284,-36.7191],[146.932,-36.725],[146.9368,-36.7573],[146.9473,-36.7541],[146.9541,-36.7598],[146.9656,-36.7585],[146.9806,-36.7505],[146.9884,-36.7508],[147.0116,-36.7453],[147.0163,-36.7495],[147.0183,-36.7572],[147.0164,-36.7622],[147.0184,-36.7698],[146.9981,-36.8341],[146.9982,-36.9186],[146.9944,-36.9241],[146.9978,-36.936],[146.9938,-36.939],[146.9938,-36.9472],[146.99,-36.9567],[147.0417,-36.9565],[147.0471,-36.9635],[147.0457,-36.9697],[147.0516,-36.9789],[147.0536,-36.9876],[147.0672,-36.9863],[147.0616,-37.001],[147.0625,-37.0049],[147.074,-37.0133],[147.0736,-37.0174],[147.0794,-37.0217],[147.0753,-37.0371],[147.0644,-37.0457],[147.0684,-37.0477],[147.0874,-37.0465],[147.0898,-37.0478],[147.0915,-37.0603],[147.116,-37.0606],[147.1172,-37.1716],[147.2148,-37.1825],[147.2008,-37.0619],[147.1967,-37.0231],[147.2053,-37.0251],[147.2157,-37.0246],[147.2215,-37.0216],[147.2351,-37.0209],[147.2404,-37.0165],[147.2522,-37.0171],[147.2596,-37.0055],[147.2633,-37.0067],[147.2781,-36.9401],[147.1511,-36.9231],[147.15,-36.9182],[147.1594,-36.9176],[147.1666,-36.9144],[147.1723,-36.908],[147.1702,-36.8984],[147.1631,-36.8918],[147.1616,-36.8732],[147.1568,-36.8685],[147.1563,-36.8612],[147.1512,-36.8579],[147.1531,-36.8522],[147.15,-36.8421],[147.1436,-36.8324],[147.1554,-36.8237],[147.1563,-36.8178],[147.1282,-36.8159],[147.1164,-36.8012],[147.1049,-36.7832],[147.1059,-36.7779],[147.1053,-36.759],[147.1094,-36.7473],[147.1191,-36.7269],[147.1307,-36.718],[147.1324,-36.7102],[147.1257,-36.7093],[147.1282,-36.6982],[147.1363,-36.6992],[147.1358,-36.6936],[147.1301,-36.6853],[147.1217,-36.6813],[147.1182,-36.6708],[147.1026,-36.6767],[147.0965,-36.6737],[147.0999,-36.6652],[147.1028,-36.6517],[147.107,-36.6496],[147.1043,-36.6438],[147.0974,-36.6435],[147.095,-36.6385],[147.0967,-36.6315],[147.0757,-36.6282],[147.0654,-36.672],[146.9887,-36.6609]]]}},{"type":"Feature","properties":{"pc":"3752"},"geometry":{"type":"Polygon","coordinates":[[[145.0677,-37.649],[145.0881,-37.6512],[145.0837,-37.6541],[145.0949,-37.6619],[145.1011,-37.6625],[145.1076,-37.6534],[145.1034,-37.6441],[145.1078,-37.6401],[145.1097,-37.632],[145.1191,-37.6278],[145.1228,-37.6223],[145.1126,-37.6161],[145.1085,-37.6171],[145.0814,-37.6136],[145.0449,-37.61],[145.0424,-37.6243],[145.0645,-37.6263],[145.0604,-37.6329],[145.0632,-37.6424],[145.0677,-37.649]]]}},{"type":"Feature","properties":{"pc":"3754"},"geometry":{"type":"Polygon","coordinates":[[[145.144,-37.5726],[145.1356,-37.5694],[145.1264,-37.57],[145.1255,-37.5745],[145.0886,-37.5702],[145.061,-37.5673],[145.0585,-37.5817],[145.0613,-37.5821],[145.0592,-37.5941],[145.047,-37.5951],[145.0449,-37.61],[145.0814,-37.6136],[145.1085,-37.6171],[145.1126,-37.6161],[145.1228,-37.6223],[145.1287,-37.6192],[145.1393,-37.6204],[145.1533,-37.625],[145.1666,-37.6247],[145.1733,-37.6177],[145.175,-37.6099],[145.1705,-37.6092],[145.1744,-37.5951],[145.1777,-37.5955],[145.1806,-37.5847],[145.1732,-37.5801],[145.1731,-37.5701],[145.144,-37.5726]]]}},{"type":"Feature","properties":{"pc":"3757"},"geometry":{"type":"Polygon","coordinates":[[[145.1754,-37.5428],[145.1799,-37.5364],[145.2153,-37.5406],[145.2164,-37.5348],[145.227,-37.5393],[145.2389,-37.5374],[145.2484,-37.5385],[145.2518,-37.5322],[145.2538,-37.5219],[145.2647,-37.5108],[145.2766,-37.5123],[145.2805,-37.5008],[145.284,-37.4974],[145.2944,-37.4986],[145.2928,-37.5069],[145.2971,-37.5137],[145.3138,-37.5155],[145.3091,-37.5197],[145.3206,-37.5282],[145.3285,-37.5291],[145.3294,-37.524],[145.3374,-37.5252],[145.3412,-37.5017],[145.3401,-37.4953],[145.3437,-37.4752],[145.3389,-37.4699],[145.3336,-37.4691],[145.3326,-37.4624],[145.3443,-37.4597],[145.3475,-37.4517],[145.332,-37.4516],[145.3321,-37.4299],[145.3321,-37.4143],[145.3183,-37.4144],[145.3151,-37.4093],[145.2976,-37.4119],[145.2931,-37.4198],[145.2797,-37.4175],[145.2745,-37.4097],[145.2658,-37.4098],[145.2656,-37.4193],[145.2348,-37.438],[145.2341,-37.4468],[145.2248,-37.4581],[145.2224,-37.4724],[145.2165,-37.4645],[145.2096,-37.4594],[145.202,-37.4459],[145.1864,-37.4443],[145.1885,-37.4376],[145.1873,-37.4232],[145.1792,-37.4237],[145.1659,-37.4132],[145.1506,-37.4145],[145.1463,-37.4282],[145.1416,-37.4283],[145.1298,-37.419],[145.125,-37.4102],[145.1153,-37.4102],[145.1129,-37.4022],[145.1012,-37.4143],[145.0951,-37.4195],[145.0793,-37.4263],[145.0808,-37.4398],[145.0678,-37.4386],[145.0679,-37.446],[145.0552,-37.4482],[145.042,-37.5208],[145.0956,-37.527],[145.1585,-37.5339],[145.167,-37.5358],[145.1754,-37.5428]]]}},{"type":"Feature","properties":{"pc":"3802"},"geometry":{"type":"Polygon","coordinates":[[[145.2538,-37.9933],[145.2632,-37.9948],[145.2711,-37.9926],[145.2769,-37.9863],[145.2821,-37.9619],[145.2774,-37.9599],[145.2588,-37.9585],[145.2454,-37.9486],[145.2439,-37.9433],[145.2338,-37.9426],[145.2292,-37.9521],[145.234,-37.9566],[145.2332,-37.9662],[145.2412,-37.9784],[145.2544,-37.991],[145.2538,-37.9933]]]}},{"type":"Feature","properties":{"pc":"3803"},"geometry":{"type":"Polygon","coordinates":[[[145.2868,-38.0216],[145.2841,-38.0193],[145.2841,-38.0048],[145.2896,-37.9995],[145.2752,-37.9972],[145.2769,-37.9863],[145.2711,-37.9926],[145.2632,-37.9948],[145.2538,-37.9933],[145.2519,-38.0036],[145.249,-38.017],[145.2868,-38.0216]]]}},{"type":"Feature","properties":{"pc":"3805"},"geometry":{"type":"Polygon","coordinates":[[[145.3354,-38.0745],[145.3362,-38.0703],[145.3279,-38.0678],[145.3297,-38.059],[145.3226,-38.058],[145.3182,-38.0486],[145.3229,-38.0387],[145.3316,-38.0389],[145.323,-38.0296],[145.313,-38.0217],[145.3183,-38.0172],[145.3196,-38.0085],[145.3227,-38.0048],[145.3151,-37.997],[145.2947,-37.9957],[145.2896,-37.9995],[145.2841,-38.0048],[145.2841,-38.0193],[145.2868,-38.0216],[145.2886,-38.0248],[145.2798,-38.0673],[145.3354,-38.0745]]]}},{"type":"Feature","properties":{"pc":"3806"},"geometry":{"type":"Polygon","coordinates":[[[145.3227,-38.0048],[145.3196,-38.0085],[145.3183,-38.0172],[145.313,-38.0217],[145.323,-38.0296],[145.3316,-38.0389],[145.3229,-38.0387],[145.3182,-38.0486],[145.3226,-38.058],[145.3297,-38.059],[145.3279,-38.0678],[145.3362,-38.0703],[145.3354,-38.0745],[145.3765,-38.0796],[145.3801,-38.0677],[145.376,-38.0643],[145.3685,-38.0603],[145.3592,-38.0524],[145.3667,-38.0471],[145.3659,-38.0388],[145.3776,-38.0256],[145.3787,-38.0176],[145.3854,-38.0135],[145.3817,-38.0044],[145.3759,-37.9896],[145.3825,-37.9846],[145.3792,-37.975],[145.361,-37.972],[145.3545,-37.9804],[145.3522,-37.9886],[145.3381,-37.9908],[145.3321,-37.9981],[145.3299,-38.0057],[145.3227,-38.0048]]]}},{"type":"Feature","properties":{"pc":"3809"},"geometry":{"type":"Polygon","coordinates":[[[145.4522,-38.1281],[145.4509,-38.1156],[145.4556,-38.109],[145.451,-38.1054],[145.4489,-38.0966],[145.4522,-38.0878],[145.4322,-38.0874],[145.4383,-38.0584],[145.442,-38.0515],[145.4324,-38.0502],[145.4346,-38.0315],[145.4337,-38.0209],[145.4132,-38.0148],[145.4105,-38.018],[145.4015,-38.0273],[145.4007,-38.0345],[145.3927,-38.0415],[145.3873,-38.0658],[145.376,-38.0643],[145.3801,-38.0677],[145.3765,-38.0796],[145.3852,-38.0936],[145.3907,-38.0947],[145.399,-38.1017],[145.4002,-38.1114],[145.4167,-38.1133],[145.4261,-38.1171],[145.4344,-38.1257],[145.4522,-38.1281]]]}},{"type":"Feature","properties":{"pc":"3810"},"geometry":{"type":"Polygon","coordinates":[[[145.4522,-38.1281],[145.4481,-38.149],[145.5278,-38.1593],[145.535,-38.1232],[145.5396,-38.1221],[145.5448,-38.0964],[145.5341,-38.095],[145.536,-38.0858],[145.5285,-38.0848],[145.5306,-38.0751],[145.52,-38.0737],[145.5218,-38.0652],[145.5273,-38.0641],[145.5306,-38.0486],[145.5267,-38.0481],[145.5288,-38.0386],[145.536,-38.0396],[145.5348,-38.0269],[145.5412,-38.0199],[145.531,-38.0175],[145.5373,-38.0125],[145.5479,-38.0164],[145.5496,-38.0076],[145.5429,-37.9931],[145.5399,-37.9918],[145.5412,-37.9853],[145.5383,-37.981],[145.5309,-37.9823],[145.5225,-37.9805],[145.5114,-37.9912],[145.4951,-37.9892],[145.4944,-37.9772],[145.4829,-37.9758],[145.4789,-37.985],[145.4786,-37.9932],[145.4711,-37.9927],[145.4712,-38.0032],[145.4613,-38.0131],[145.4603,-38.0187],[145.4518,-38.0179],[145.4423,-38.0261],[145.4337,-38.0209],[145.4346,-38.0315],[145.4324,-38.0502],[145.442,-38.0515],[145.4383,-38.0584],[145.4322,-38.0874],[145.4522,-38.0878],[145.4489,-38.0966],[145.451,-38.1054],[145.4556,-38.109],[145.4509,-38.1156],[145.4522,-38.1281]]]}},{"type":"Feature","properties":{"pc":"3825"},"geometry":{"type":"Polygon","coordinates":[[[146.0702,-37.9439],[146.0737,-37.9511],[146.0811,-37.9587],[146.0904,-37.9773],[146.0992,-37.9786],[146.105,-37.9947],[146.1076,-37.9975],[146.1076,-38.0073],[146.1039,-38.0118],[146.105,-38.0183],[146.1137,-38.0251],[146.1191,-38.0262],[146.1183,-38.036],[146.115,-38.0404],[146.1163,-38.0552],[146.1112,-38.0584],[146.1098,-38.0654],[146.0976,-38.0638],[146.0953,-38.0754],[146.0898,-38.0844],[146.0977,-38.0902],[146.1065,-38.0897],[146.11,-38.0962],[146.1321,-38.1059],[146.1419,-38.0946],[146.1511,-38.0983],[146.1621,-38.1078],[146.1652,-38.1045],[146.1733,-38.108],[146.1812,-38.0999],[146.1859,-38.1002],[146.1733,-38.1133],[146.1762,-38.1186],[146.1963,-38.1274],[146.1844,-38.1395],[146.1941,-38.1422],[146.2089,-38.1504],[146.2141,-38.145],[146.2234,-38.1507],[146.2183,-38.1592],[146.226,-38.1878],[146.2236,-38.2005],[146.2275,-38.2025],[146.2176,-38.2125],[146.2135,-38.2299],[146.2319,-38.2325],[146.2467,-38.2326],[146.2436,-38.2489],[146.2666,-38.2472],[146.2666,-38.2569],[146.2747,-38.2532],[146.279,-38.2462],[146.2889,-38.2363],[146.3108,-38.2387],[146.3173,-38.2323],[146.3515,-38.2367],[146.3488,-38.2424],[146.362,-38.2463],[146.3652,-38.2385],[146.3623,-38.2349],[146.3626,-38.2274],[146.3661,-38.2164],[146.371,-38.2138],[146.3668,-38.2016],[146.3726,-38.196],[146.3751,-38.1832],[146.3783,-38.1759],[146.3846,-38.1694],[146.3925,-38.1708],[146.3995,-38.1649],[146.4092,-38.1666],[146.4173,-38.1605],[146.4345,-38.1573],[146.4375,-38.162],[146.441,-38.1602],[146.4414,-38.1507],[146.4479,-38.1502],[146.4483,-38.1427],[146.4453,-38.135],[146.4368,-38.1351],[146.436,-38.1215],[146.4249,-38.1245],[146.4237,-38.1094],[146.4244,-38.0965],[146.4791,-38.1034],[146.4775,-38.0985],[146.4792,-38.0901],[146.4767,-38.0872],[146.4757,-38.0753],[146.4837,-38.0755],[146.5048,-38.0804],[146.5082,-38.074],[146.5015,-38.0694],[146.5048,-38.0622],[146.5035,-38.0581],[146.5128,-38.0527],[146.5091,-38.0442],[146.5028,-38.0421],[146.494,-38.0338],[146.4894,-38.0245],[146.4962,-38.0213],[146.4982,-38.0053],[146.4781,-38.0025],[146.4755,-37.9944],[146.483,-37.9879],[146.4911,-37.9855],[146.4968,-37.9889],[146.5092,-37.9838],[146.5148,-37.9834],[146.5194,-37.9755],[146.5232,-37.9642],[146.5326,-37.9641],[146.547,-37.9675],[146.5463,-37.9757],[146.5573,-37.9757],[146.5631,-37.9829],[146.5703,-37.9837],[146.581,-37.9764],[146.5873,-37.9781],[146.5917,-37.9745],[146.606,-37.9747],[146.6176,-37.9717],[146.6243,-37.9746],[146.6341,-37.9895],[146.6365,-37.9754],[146.6313,-37.9695],[146.6372,-37.9388],[146.6406,-37.9323],[146.64,-37.9269],[146.6469,-37.895],[146.4855,-37.8788],[146.5048,-37.6951],[146.5034,-37.689],[146.5092,-37.6879],[146.516,-37.6788],[146.5129,-37.6714],[146.5076,-37.6707],[146.4975,-37.6558],[146.4963,-37.6501],[146.4886,-37.6423],[146.4745,-37.6408],[146.4608,-37.6285],[146.4553,-37.6184],[146.4523,-37.6149],[146.4437,-37.6121],[146.4343,-37.6196],[146.4264,-37.6186],[146.4032,-37.604],[146.3899,-37.6089],[146.3834,-37.6097],[146.3826,-37.622],[146.3766,-37.6282],[146.3676,-37.6293],[146.3555,-37.6249],[146.3467,-37.6236],[146.3416,-37.6171],[146.3332,-37.6129],[146.333,-37.6086],[146.3196,-37.5991],[146.3116,-37.599],[146.2988,-37.5911],[146.2762,-37.6049],[146.2638,-37.6064],[146.2501,-37.6104],[146.239,-37.6065],[146.2303,-37.6079],[146.2044,-37.5991],[146.2029,-37.5954],[146.1876,-37.5847],[146.1871,-37.5801],[146.1761,-37.5849],[146.1685,-37.5995],[146.1637,-37.5963],[146.1588,-37.6008],[146.1656,-37.6172],[146.1557,-37.6299],[146.151,-37.6253],[146.1442,-37.6274],[146.1393,-37.6325],[146.1398,-37.6391],[146.131,-37.6439],[146.134,-37.6644],[146.1322,-37.6684],[146.1339,-37.6791],[146.1404,-37.682],[146.1425,-37.6922],[146.1356,-37.7021],[146.1386,-37.7101],[146.1454,-37.7107],[146.1506,-37.7152],[146.1538,-37.7249],[146.1591,-37.7304],[146.1602,-37.7394],[146.1657,-37.7534],[146.1763,-37.7528],[146.1885,-37.7542],[146.1937,-37.7508],[146.2167,-37.745],[146.2171,-37.7473],[146.2366,-37.7448],[146.2401,-37.7503],[146.2492,-37.7513],[146.2622,-37.7559],[146.2695,-37.7556],[146.275,-37.7599],[146.2734,-37.7668],[146.2834,-37.7702],[146.2805,-37.7765],[146.2824,-37.7823],[146.2913,-37.7759],[146.3085,-37.7835],[146.3192,-37.7809],[146.3285,-37.7879],[146.332,-37.7955],[146.3476,-37.8137],[146.3561,-37.8178],[146.3575,-37.8269],[146.3644,-37.8309],[146.3713,-37.8462],[146.3855,-37.8612],[146.3942,-37.8577],[146.415,-37.8366],[146.4213,-37.8325],[146.4371,-37.8311],[146.4507,-37.8332],[146.449,-37.8388],[146.4534,-37.8441],[146.4494,-37.8518],[146.4563,-37.8587],[146.4524,-37.8669],[146.4459,-37.8708],[146.4423,-37.8808],[146.444,-37.8932],[146.4356,-37.904],[146.4281,-37.9064],[146.4308,-37.9228],[146.4124,-37.9278],[146.4012,-37.927],[146.3917,-37.9305],[146.3795,-37.9276],[146.3715,-37.9157],[146.3618,-37.9103],[146.3513,-37.9],[146.3377,-37.8937],[146.3257,-37.8921],[146.3204,-37.8933],[146.3184,-37.8869],[146.3075,-37.8781],[146.3069,-37.8733],[146.3008,-37.8671],[146.29,-37.8641],[146.2855,-37.8676],[146.2741,-37.8619],[146.2627,-37.8482],[146.2584,-37.8463],[146.2416,-37.8505],[146.2356,-37.856],[146.2309,-37.8479],[146.2254,-37.8506],[146.2192,-37.8432],[146.2064,-37.8389],[146.1934,-37.8326],[146.1894,-37.8341],[146.1908,-37.8419],[146.1878,-37.8461],[146.1999,-37.8548],[146.2069,-37.8676],[146.1978,-37.876],[146.1963,-37.8863],[146.1919,-37.8876],[146.1925,-37.9032],[146.1943,-37.9056],[146.1611,-37.9016],[146.1456,-37.9026],[146.1335,-37.9131],[146.1216,-37.9113],[146.1193,-37.9039],[146.1269,-37.9006],[146.1195,-37.8928],[146.1143,-37.8956],[146.1036,-37.8943],[146.0989,-37.9064],[146.09,-37.9056],[146.0791,-37.9076],[146.0768,-37.9002],[146.0662,-37.8962],[146.0609,-37.8993],[146.0491,-37.9021],[146.0582,-37.9099],[146.0559,-37.918],[146.0669,-37.9227],[146.0683,-37.9286],[146.0668,-37.9412],[146.0702,-37.9439]]]}},{"type":"Feature","properties":{"pc":"3842"},"geometry":{"type":"Polygon","coordinates":[[[146.3953,-38.3342],[146.4112,-38.3342],[146.4163,-38.3381],[146.445,-38.3417],[146.4487,-38.3351],[146.4488,-38.3227],[146.4416,-38.3145],[146.4408,-38.3087],[146.4484,-38.3028],[146.4541,-38.294],[146.4295,-38.2911],[146.414,-38.2941],[146.4019,-38.2943],[146.3944,-38.3317],[146.3953,-38.3342]]]}},{"type":"Feature","properties":{"pc":"3850"},"geometry":{"type":"Polygon","coordinates":[[[147.1253,-38.0931],[147.1173,-38.0921],[147.1159,-38.0989],[147.1036,-38.0904],[147.0918,-38.0889],[147.0954,-38.0707],[147.0897,-38.07],[147.0871,-38.0827],[147.0813,-38.082],[147.0819,-38.0736],[147.078,-38.0685],[147.0645,-38.0669],[147.063,-38.0742],[147.0476,-38.0722],[147.0392,-38.0678],[147.037,-38.0791],[147.0272,-38.0781],[147.022,-38.1037],[147.0173,-38.1153],[147.0296,-38.1156],[147.0379,-38.123],[147.0451,-38.1146],[147.076,-38.1341],[147.0823,-38.1438],[147.0896,-38.147],[147.1031,-38.1462],[147.1052,-38.1375],[147.1046,-38.1228],[147.1192,-38.1246],[147.1298,-38.1232],[147.1312,-38.1157],[147.1255,-38.112],[147.1145,-38.1106],[147.1155,-38.1043],[147.122,-38.1049],[147.1253,-38.0931]]]}},{"type":"Feature","properties":{"pc":"3875"},"geometry":{"type":"Polygon","coordinates":[[[147.7121,-37.9542],[147.7096,-37.9346],[147.713,-37.9255],[147.7049,-37.9211],[147.6928,-37.9209],[147.6897,-37.9232],[147.6708,-37.9284],[147.663,-37.9215],[147.6588,-37.9291],[147.6507,-37.9279],[147.6572,-37.8987],[147.657,-37.8895],[147.6712,-37.8893],[147.6763,-37.8875],[147.685,-37.8786],[147.7105,-37.8723],[147.7155,-37.8662],[147.7215,-37.8652],[147.7292,-37.8598],[147.7423,-37.8583],[147.7464,-37.8589],[147.7405,-37.8517],[147.7211,-37.8528],[147.6951,-37.8477],[147.6967,-37.8394],[147.6919,-37.8388],[147.6933,-37.8249],[147.7098,-37.8223],[147.7128,-37.8055],[147.685,-37.8021],[147.6863,-37.7955],[147.6973,-37.7968],[147.6983,-37.7899],[147.724,-37.793],[147.7304,-37.7899],[147.7283,-37.7806],[147.7294,-37.7737],[147.7385,-37.7769],[147.7485,-37.7728],[147.7617,-37.7699],[147.7578,-37.7616],[147.7635,-37.7603],[147.7737,-37.765],[147.7876,-37.7663],[147.7894,-37.7567],[147.8061,-37.7587],[147.8083,-37.7461],[147.7999,-37.7358],[147.7956,-37.7372],[147.7865,-37.7216],[147.7737,-37.7203],[147.7682,-37.7153],[147.77,-37.7063],[147.7776,-37.6985],[147.7814,-37.6906],[147.7977,-37.7016],[147.8173,-37.6917],[147.8263,-37.6928],[147.8271,-37.6809],[147.8227,-37.6742],[147.8278,-37.6716],[147.8249,-37.6603],[147.8451,-37.6624],[147.837,-37.6537],[147.8364,-37.65],[147.8426,-37.6378],[147.837,-37.6302],[147.8261,-37.6259],[147.8222,-37.6131],[147.8154,-37.6036],[147.8178,-37.5968],[147.8125,-37.5931],[147.8053,-37.5811],[147.8123,-37.5759],[147.819,-37.5742],[147.8217,-37.5621],[147.8281,-37.5538],[147.8285,-37.5464],[147.8214,-37.5402],[147.8173,-37.5402],[147.8127,-37.5324],[147.7976,-37.5303],[147.7986,-37.526],[147.7905,-37.5191],[147.7913,-37.5142],[147.7265,-37.5057],[147.6079,-37.4897],[147.6246,-37.3905],[147.538,-37.3804],[147.5424,-37.3737],[147.5532,-37.3707],[147.5527,-37.3667],[147.546,-37.3618],[147.5455,-37.3564],[147.5525,-37.3531],[147.5528,-37.3468],[147.5663,-37.3458],[147.572,-37.3361],[147.5667,-37.3326],[147.5521,-37.3273],[147.5485,-37.3291],[147.535,-37.3228],[147.5324,-37.3137],[147.54,-37.3074],[147.5366,-37.2982],[147.5324,-37.2965],[147.5375,-37.2882],[147.5277,-37.2797],[147.5266,-37.2729],[147.5372,-37.2633],[147.532,-37.2594],[147.544,-37.2498],[147.5377,-37.2435],[147.5303,-37.2402],[147.5171,-37.238],[147.5091,-37.2332],[147.5001,-37.2352],[147.4938,-37.2411],[147.4887,-37.2386],[147.4866,-37.2475],[147.4804,-37.2468],[147.4374,-37.2061],[147.4369,-37.2116],[147.4255,-37.2201],[147.4231,-37.2285],[147.4175,-37.2353],[147.4302,-37.2588],[147.4284,-37.2661],[147.4348,-37.2724],[147.44,-37.2739],[147.4502,-37.2668],[147.4581,-37.2697],[147.4601,-37.277],[147.4539,-37.2839],[147.4574,-37.2862],[147.4378,-37.3981],[147.4177,-37.3948],[147.4158,-37.4026],[147.4069,-37.4098],[147.4091,-37.4182],[147.4161,-37.4222],[147.4047,-37.4305],[147.3989,-37.4395],[147.4041,-37.4434],[147.402,-37.4555],[147.3947,-37.4603],[147.3946,-37.4777],[147.3929,-37.4946],[147.4006,-37.5111],[147.4008,-37.5215],[147.406,-37.5265],[147.4027,-37.5308],[147.4035,-37.5374],[147.3996,-37.5431],[147.3502,-37.5373],[147.3475,-37.5523],[147.3503,-37.5622],[147.3426,-37.5628],[147.3452,-37.5693],[147.3532,-37.5715],[147.3547,-37.576],[147.3688,-37.5807],[147.3561,-37.588],[147.3517,-37.5946],[147.3399,-37.6013],[147.339,-37.6095],[147.3491,-37.61],[147.3629,-37.6303],[147.3628,-37.6366],[147.3667,-37.6422],[147.3651,-37.6504],[147.355,-37.6513],[147.3547,-37.6598],[147.3417,-37.647],[147.3356,-37.6502],[147.3323,-37.6441],[147.3387,-37.6375],[147.3343,-37.6317],[147.3235,-37.6329],[147.323,-37.6385],[147.3158,-37.6427],[147.3127,-37.6585],[147.3065,-37.6593],[147.3015,-37.6846],[147.306,-37.6851],[147.3038,-37.6964],[147.2797,-37.6919],[147.2775,-37.7007],[147.2897,-37.7041],[147.2919,-37.7102],[147.3033,-37.713],[147.3156,-37.7078],[147.3277,-37.7093],[147.3274,-37.7173],[147.3302,-37.7258],[147.3411,-37.7309],[147.3432,-37.7347],[147.3516,-37.738],[147.3579,-37.7573],[147.3489,-37.767],[147.3466,-37.7745],[147.3484,-37.7793],[147.3452,-37.7853],[147.3339,-37.7897],[147.3288,-37.794],[147.3455,-37.8011],[147.3693,-37.796],[147.3581,-37.8508],[147.353,-37.8549],[147.3477,-37.8799],[147.3889,-37.8847],[147.3814,-37.9205],[147.3616,-37.9178],[147.3668,-37.9258],[147.365,-37.9308],[147.3738,-37.9403],[147.3761,-37.9541],[147.372,-37.9564],[147.3729,-37.9659],[147.3896,-37.9822],[147.4024,-37.9786],[147.4089,-37.9814],[147.4107,-37.9858],[147.4061,-38.0009],[147.409,-38.0034],[147.4236,-38.0039],[147.4378,-38.0092],[147.457,-38.0077],[147.4636,-38.013],[147.4695,-38.0294],[147.4744,-38.0312],[147.4842,-38.0287],[147.477,-38.0727],[147.4864,-38.0685],[147.491,-38.0729],[147.5022,-38.0716],[147.5083,-38.0622],[147.5145,-38.0572],[147.5256,-38.0528],[147.5321,-38.0578],[147.5436,-38.0569],[147.5513,-38.053],[147.5669,-38.0548],[147.5757,-38.0503],[147.5885,-38.037],[147.596,-38.0341],[147.6118,-38.0246],[147.6119,-38.0128],[147.6202,-38.0122],[147.6306,-38.0072],[147.638,-38.001],[147.6522,-37.9934],[147.6521,-37.983],[147.661,-37.9764],[147.6918,-37.966],[147.7121,-37.9542]],[[147.4754,-37.8096],[147.4746,-37.8132],[147.438,-37.8087],[147.4438,-37.7801],[147.4607,-37.7863],[147.4662,-37.7847],[147.4744,-37.7914],[147.4873,-37.7903],[147.5007,-37.8008],[147.4986,-37.8117],[147.4893,-37.8105],[147.4807,-37.8067],[147.4754,-37.8096]]]}},{"type":"Feature","properties":{"pc":"3909"},"geometry":{"type":"Polygon","coordinates":[[[147.8791,-37.9193],[147.95,-37.8947],[147.9793,-37.8895],[148.0023,-37.8807],[148.0519,-37.8672],[148.0625,-37.8672],[148.092,-37.8577],[148.0884,-37.8524],[148.1122,-37.8389],[148.1182,-37.8344],[148.1241,-37.8348],[148.1279,-37.8272],[148.1347,-37.8246],[148.1513,-37.8244],[148.1548,-37.8381],[148.1838,-37.8307],[148.1847,-37.7853],[148.1739,-37.7903],[148.1679,-37.7954],[148.1642,-37.7885],[148.1588,-37.7843],[148.1601,-37.7761],[148.1574,-37.7654],[148.152,-37.7577],[148.1473,-37.7564],[148.1415,-37.7609],[148.1323,-37.7638],[148.1169,-37.7628],[148.084,-37.7446],[148.0802,-37.7386],[148.0683,-37.7506],[147.9179,-37.7319],[147.9331,-37.7434],[147.9409,-37.7471],[147.9482,-37.7629],[147.9444,-37.7708],[147.935,-37.7718],[147.9278,-37.7696],[147.9187,-37.7703],[147.9157,-37.7752],[147.9029,-37.7757],[147.8945,-37.7829],[147.8945,-37.7894],[147.901,-37.7945],[147.9018,-37.801],[147.9082,-37.8075],[147.9082,-37.8145],[147.9181,-37.8227],[147.9191,-37.8306],[147.9164,-37.8359],[147.8953,-37.8268],[147.8873,-37.8254],[147.8841,-37.8398],[147.8726,-37.8404],[147.8759,-37.847],[147.874,-37.8559],[147.872,-37.8653],[147.8759,-37.8693],[147.8748,-37.8758],[147.877,-37.8851],[147.8834,-37.8891],[147.882,-37.8959],[147.8791,-37.9193]]]}},{"type":"Feature","properties":{"pc":"3930"},"geometry":{"type":"Polygon","coordinates":[[[145.0979,-38.1624],[145.0876,-38.1642],[145.084,-38.171],[145.0783,-38.1739],[145.0692,-38.1921],[145.0612,-38.2014],[145.0633,-38.2151],[145.0777,-38.2192],[145.0936,-38.2168],[145.0993,-38.2249],[145.1095,-38.2136],[145.1179,-38.2051],[145.1288,-38.2001],[145.1021,-38.1659],[145.0979,-38.1624]]]}},{"type":"Feature","properties":{"pc":"3976"},"geometry":{"type":"Polygon","coordinates":[[[145.2472,-38.0364],[145.2552,-38.0471],[145.2653,-38.0448],[145.2628,-38.0572],[145.2662,-38.0659],[145.2798,-38.0673],[145.2886,-38.0248],[145.2868,-38.0216],[145.249,-38.017],[145.2466,-38.0281],[145.2472,-38.0364]]]}},{"type":"Feature","properties":{"pc":"3977"},"geometry":{"type":"Polygon","coordinates":[[[145.2798,-38.0673],[145.2662,-38.0659],[145.2625,-38.0776],[145.2648,-38.0807],[145.2031,-38.0732],[145.2013,-38.0817],[145.1938,-38.0808],[145.1926,-38.0871],[145.2,-38.088],[145.194,-38.1172],[145.1882,-38.1165],[145.1875,-38.1236],[145.2146,-38.127],[145.2135,-38.1327],[145.2198,-38.1334],[145.2212,-38.1262],[145.2297,-38.1269],[145.2217,-38.169],[145.2867,-38.1767],[145.2795,-38.2116],[145.2869,-38.2125],[145.2855,-38.2191],[145.2788,-38.2239],[145.2715,-38.2229],[145.2786,-38.2344],[145.2741,-38.2441],[145.2799,-38.2468],[145.2983,-38.2485],[145.3106,-38.2476],[145.3196,-38.2431],[145.3213,-38.2392],[145.3154,-38.2274],[145.306,-38.224],[145.3197,-38.217],[145.3277,-38.2109],[145.3411,-38.2034],[145.341,-38.1958],[145.351,-38.1929],[145.3422,-38.184],[145.3242,-38.1656],[145.3194,-38.1622],[145.313,-38.1453],[145.3077,-38.1417],[145.3098,-38.1316],[145.315,-38.1323],[145.318,-38.1151],[145.3223,-38.1026],[145.3249,-38.0883],[145.3327,-38.0892],[145.3354,-38.0745],[145.2798,-38.0673]]]}},{"type":"Feature","properties":{"pc":"3978"},"geometry":{"type":"Polygon","coordinates":[[[145.3765,-38.0796],[145.3354,-38.0745],[145.3327,-38.0892],[145.3249,-38.0883],[145.3223,-38.1026],[145.318,-38.1151],[145.315,-38.1323],[145.3098,-38.1316],[145.3077,-38.1417],[145.313,-38.1453],[145.3194,-38.1622],[145.3242,-38.1656],[145.3422,-38.184],[145.3438,-38.1763],[145.3714,-38.18],[145.3736,-38.1694],[145.3932,-38.1719],[145.4231,-38.1758],[145.4261,-38.1614],[145.445,-38.1639],[145.4481,-38.149],[145.4522,-38.1281],[145.4344,-38.1257],[145.4261,-38.1171],[145.4167,-38.1133],[145.4002,-38.1114],[145.399,-38.1017],[145.3907,-38.0947],[145.3852,-38.0936],[145.3765,-38.0796]]]}},{"type":"Feature","properties":{"pc":"4000"},"geometry":{"type":"Polygon","coordinates":[[[153.0356,-27.4627],[153.0262,-27.4519],[153.0218,-27.4572],[153.0165,-27.458],[153.012,-27.4596],[153.0113,-27.4689],[153.0174,-27.4678],[153.0282,-27.4795],[153.0327,-27.4765],[153.0315,-27.4658],[153.0356,-27.4627]]]}},{"type":"Feature","properties":{"pc":"4005"},"geometry":{"type":"Polygon","coordinates":[[[153.0387,-27.4646],[153.0423,-27.4743],[153.0491,-27.4741],[153.0546,-27.4693],[153.0517,-27.4642],[153.0506,-27.455],[153.0479,-27.4501],[153.039,-27.4606],[153.0387,-27.4646]]]}},{"type":"Feature","properties":{"pc":"4006"},"geometry":{"type":"Polygon","coordinates":[[[153.0479,-27.4501],[153.0473,-27.4418],[153.0417,-27.4414],[153.0399,-27.4336],[153.0313,-27.445],[153.0218,-27.4423],[153.0151,-27.4418],[153.0187,-27.4485],[153.0165,-27.458],[153.0218,-27.4572],[153.0262,-27.4519],[153.0356,-27.4627],[153.0387,-27.4646],[153.039,-27.4606],[153.0479,-27.4501]]]}},{"type":"Feature","properties":{"pc":"4007"},"geometry":{"type":"Polygon","coordinates":[[[153.08,-27.4246],[153.0726,-27.4261],[153.0593,-27.4231],[153.0583,-27.4284],[153.0482,-27.4281],[153.0492,-27.4372],[153.0475,-27.4415],[153.0562,-27.4392],[153.0893,-27.4456],[153.0777,-27.4354],[153.08,-27.4246]]]}},{"type":"Feature","properties":{"pc":"4009"},"geometry":{"type":"Polygon","coordinates":[[[153.1074,-27.4404],[153.1004,-27.4368],[153.1023,-27.4286],[153.093,-27.4286],[153.0944,-27.42],[153.0895,-27.4154],[153.0793,-27.4201],[153.08,-27.4246],[153.0777,-27.4354],[153.0893,-27.4456],[153.1074,-27.4404]]]}},{"type":"Feature","properties":{"pc":"4011"},"geometry":{"type":"Polygon","coordinates":[[[153.0482,-27.4281],[153.0583,-27.4284],[153.0593,-27.4231],[153.0726,-27.4261],[153.08,-27.4246],[153.0793,-27.4201],[153.0758,-27.4084],[153.0657,-27.4123],[153.0574,-27.4096],[153.0525,-27.4087],[153.0487,-27.4129],[153.0443,-27.4253],[153.0482,-27.4281]]]}},{"type":"Feature","properties":{"pc":"4014"},"geometry":{"type":"Polygon","coordinates":[[[153.0818,-27.3346],[153.0846,-27.3487],[153.0789,-27.3558],[153.0805,-27.3629],[153.071,-27.368],[153.0655,-27.3652],[153.0567,-27.3672],[153.0542,-27.3811],[153.055,-27.3881],[153.0595,-27.3889],[153.0648,-27.3837],[153.07,-27.3889],[153.074,-27.3807],[153.0801,-27.3839],[153.0874,-27.3941],[153.0926,-27.3919],[153.0952,-27.3867],[153.1065,-27.3762],[153.1028,-27.3621],[153.1081,-27.3481],[153.0939,-27.3391],[153.0826,-27.3334],[153.0818,-27.3346]]]}},{"type":"Feature","properties":{"pc":"4017"},"geometry":{"type":"Polygon","coordinates":[[[153.0496,-27.2787],[153.0475,-27.2842],[153.0482,-27.2947],[153.043,-27.3024],[153.0389,-27.3018],[153.0361,-27.3089],[153.0281,-27.3075],[153.0202,-27.312],[153.0172,-27.3297],[153.037,-27.3328],[153.0448,-27.3307],[153.0552,-27.3355],[153.0654,-27.3352],[153.0727,-27.3292],[153.0818,-27.3346],[153.0826,-27.3334],[153.0875,-27.3294],[153.0826,-27.3219],[153.0754,-27.3206],[153.0697,-27.3141],[153.065,-27.3014],[153.0662,-27.2813],[153.0496,-27.2787]]]}},{"type":"Feature","properties":{"pc":"4022"},"geometry":{"type":"Polygon","coordinates":[[[153.0822,-27.203],[153.071,-27.2011],[153.0504,-27.1948],[153.0447,-27.1957],[153.0427,-27.2081],[153.0321,-27.2076],[153.0366,-27.2185],[153.0422,-27.2219],[153.0456,-27.2282],[153.0528,-27.2266],[153.0586,-27.2286],[153.0679,-27.2284],[153.0655,-27.228],[153.0683,-27.2145],[153.0727,-27.2111],[153.0801,-27.2069],[153.0822,-27.203]]]}},{"type":"Feature","properties":{"pc":"4030"},"geometry":{"type":"Polygon","coordinates":[[[153.0218,-27.4423],[153.0313,-27.445],[153.0399,-27.4336],[153.0377,-27.4252],[153.0443,-27.4253],[153.0487,-27.4129],[153.0525,-27.4087],[153.0574,-27.4096],[153.0507,-27.4043],[153.0422,-27.408],[153.0352,-27.4142],[153.0311,-27.4211],[153.0243,-27.4224],[153.0218,-27.4423]]]}},{"type":"Feature","properties":{"pc":"4031"},"geometry":{"type":"Polygon","coordinates":[[[153.0243,-27.4224],[153.0311,-27.4211],[153.0352,-27.4142],[153.0422,-27.408],[153.0354,-27.3941],[153.0293,-27.3932],[153.0199,-27.3952],[153.0234,-27.4082],[153.0218,-27.4168],[153.0243,-27.4224]]]}},{"type":"Feature","properties":{"pc":"4032"},"geometry":{"type":"Polygon","coordinates":[[[153.046,-27.3796],[153.035,-27.3771],[153.0294,-27.379],[153.0235,-27.3759],[153.0141,-27.3763],[153.0049,-27.3745],[153.0011,-27.3776],[153.0035,-27.3818],[153.002,-27.3897],[153.0163,-27.3919],[153.0199,-27.3952],[153.0293,-27.3932],[153.0354,-27.3941],[153.0377,-27.39],[153.0444,-27.3879],[153.046,-27.3796]]]}},{"type":"Feature","properties":{"pc":"4034"},"geometry":{"type":"Polygon","coordinates":[[[153.0185,-27.3322],[153.0118,-27.3315],[153.0093,-27.3361],[153.0022,-27.3625],[153.0017,-27.3705],[153.0011,-27.3776],[153.0049,-27.3745],[153.0141,-27.3763],[153.0235,-27.3759],[153.0294,-27.379],[153.035,-27.3771],[153.046,-27.3796],[153.0542,-27.3811],[153.0567,-27.3672],[153.0655,-27.3652],[153.071,-27.368],[153.0805,-27.3629],[153.0789,-27.3558],[153.0846,-27.3487],[153.0818,-27.3346],[153.0727,-27.3292],[153.0654,-27.3352],[153.0552,-27.3355],[153.0526,-27.3522],[153.0353,-27.3496],[153.03,-27.3506],[153.0281,-27.3454],[153.0185,-27.3322]]]}},{"type":"Feature","properties":{"pc":"4036"},"geometry":{"type":"Polygon","coordinates":[[[153.0172,-27.3297],[153.0202,-27.312],[153.0281,-27.3075],[153.0361,-27.3089],[153.0389,-27.3018],[153.043,-27.3024],[153.0482,-27.2947],[153.0475,-27.2842],[153.0496,-27.2787],[153.0408,-27.2795],[153.0351,-27.2867],[153.0355,-27.2971],[153.0309,-27.2984],[153.0158,-27.2875],[153.0138,-27.2914],[153.0072,-27.3012],[152.997,-27.3025],[152.9967,-27.3092],[153.0025,-27.3168],[152.995,-27.33],[153.0082,-27.3321],[153.0093,-27.3361],[153.0118,-27.3315],[153.0185,-27.3322],[153.0172,-27.3297]]]}},{"type":"Feature","properties":{"pc":"4051"},"geometry":{"type":"Polygon","coordinates":[[[152.9632,-27.441],[152.9716,-27.4421],[152.9762,-27.4369],[152.9826,-27.438],[152.9839,-27.4309],[152.9949,-27.4315],[152.9941,-27.4365],[153.0046,-27.4358],[153.002,-27.4451],[153.0101,-27.4404],[153.0151,-27.4418],[153.0218,-27.4423],[153.0243,-27.4224],[153.0218,-27.4168],[153.0137,-27.4195],[153.0083,-27.4128],[153.0029,-27.4162],[152.9981,-27.4122],[152.9833,-27.4095],[152.9786,-27.4185],[152.9669,-27.4239],[152.9573,-27.4223],[152.9483,-27.4283],[152.9521,-27.4394],[152.9632,-27.441]]]}},{"type":"Feature","properties":{"pc":"4053"},"geometry":{"type":"Polygon","coordinates":[[[152.9573,-27.4223],[152.9669,-27.4239],[152.9786,-27.4185],[152.9833,-27.4095],[152.9981,-27.4122],[153.0029,-27.4162],[153.0083,-27.4128],[153.0137,-27.4195],[153.0218,-27.4168],[153.0234,-27.4082],[153.0199,-27.3952],[153.0163,-27.3919],[153.002,-27.3897],[153.0035,-27.3818],[153.0011,-27.3776],[153.0017,-27.3705],[152.9976,-27.3733],[152.9836,-27.3713],[152.9804,-27.3726],[152.9807,-27.3807],[152.9636,-27.382],[152.9622,-27.3955],[152.9652,-27.3964],[152.9667,-27.41],[152.9586,-27.4146],[152.9573,-27.4223]]]}},{"type":"Feature","properties":{"pc":"4054"},"geometry":{"type":"Polygon","coordinates":[[[152.9573,-27.4223],[152.9586,-27.4146],[152.9667,-27.41],[152.9652,-27.3964],[152.9622,-27.3955],[152.9636,-27.382],[152.9527,-27.3805],[152.9478,-27.3816],[152.9445,-27.3906],[152.945,-27.3952],[152.9521,-27.3963],[152.9478,-27.4065],[152.9397,-27.4046],[152.943,-27.4131],[152.9404,-27.4273],[152.9483,-27.4283],[152.9573,-27.4223]]]}},{"type":"Feature","properties":{"pc":"4055"},"geometry":{"type":"Polygon","coordinates":[[[152.9522,-27.3521],[152.9414,-27.3473],[152.9361,-27.3509],[152.9263,-27.3509],[152.9275,-27.3623],[152.9197,-27.3649],[152.9101,-27.3725],[152.9042,-27.3822],[152.8976,-27.4151],[152.9035,-27.4213],[152.9044,-27.4319],[152.9234,-27.4342],[152.9291,-27.4265],[152.9404,-27.4273],[152.943,-27.4131],[152.9397,-27.4046],[152.9478,-27.4065],[152.9521,-27.3963],[152.945,-27.3952],[152.9445,-27.3906],[152.9478,-27.3816],[152.9527,-27.3805],[152.9636,-27.382],[152.9807,-27.3807],[152.9804,-27.3726],[152.9673,-27.3708],[152.9694,-27.3669],[152.9601,-27.3655],[152.9549,-27.3603],[152.9479,-27.3593],[152.9522,-27.3521]]]}},{"type":"Feature","properties":{"pc":"4059"},"geometry":{"type":"Polygon","coordinates":[[[153.0165,-27.458],[153.0187,-27.4485],[153.0151,-27.4418],[153.0101,-27.4404],[153.002,-27.4451],[153,-27.4491],[152.9916,-27.4489],[152.9942,-27.4523],[152.9987,-27.4557],[153.012,-27.4596],[153.0165,-27.458]]]}},{"type":"Feature","properties":{"pc":"4060"},"geometry":{"type":"Polygon","coordinates":[[[152.9916,-27.4489],[153,-27.4491],[153.002,-27.4451],[153.0046,-27.4358],[152.9941,-27.4365],[152.9949,-27.4315],[152.9839,-27.4309],[152.9826,-27.438],[152.9762,-27.4369],[152.9716,-27.4421],[152.9632,-27.441],[152.9678,-27.4506],[152.963,-27.4512],[152.9727,-27.4526],[152.9916,-27.4489]]]}},{"type":"Feature","properties":{"pc":"4061"},"geometry":{"type":"Polygon","coordinates":[[[152.963,-27.4512],[152.9678,-27.4506],[152.9632,-27.441],[152.9521,-27.4394],[152.9483,-27.4283],[152.9404,-27.4273],[152.9291,-27.4265],[152.9234,-27.4342],[152.9271,-27.443],[152.9311,-27.4458],[152.9258,-27.4529],[152.9263,-27.4586],[152.9202,-27.4599],[152.9197,-27.4628],[152.9295,-27.4653],[152.9359,-27.4626],[152.944,-27.4638],[152.9449,-27.459],[152.9578,-27.4608],[152.9583,-27.458],[152.963,-27.4512]]]}},{"type":"Feature","properties":{"pc":"4064"},"geometry":{"type":"Polygon","coordinates":[[[153.0113,-27.4689],[153.012,-27.4596],[152.9987,-27.4557],[152.9942,-27.4523],[152.9869,-27.4568],[152.9888,-27.465],[152.992,-27.4673],[152.9987,-27.4681],[153.0033,-27.4755],[153.0113,-27.4689]]]}},{"type":"Feature","properties":{"pc":"4066"},"geometry":{"type":"Polygon","coordinates":[[[152.9946,-27.4899],[152.9953,-27.4851],[153.0033,-27.4755],[152.9987,-27.4681],[152.992,-27.4673],[152.9818,-27.4722],[152.9658,-27.4651],[152.9666,-27.4591],[152.9583,-27.458],[152.9578,-27.4608],[152.9449,-27.459],[152.944,-27.4638],[152.9359,-27.4626],[152.9295,-27.4653],[152.9197,-27.4628],[152.9185,-27.4808],[152.9233,-27.48],[152.9437,-27.4827],[152.9448,-27.487],[152.9602,-27.4937],[152.972,-27.4887],[152.9845,-27.4878],[152.9933,-27.4932],[152.9946,-27.4899]]]}},{"type":"Feature","properties":{"pc":"4068"},"geometry":{"type":"MultiPolygon","coordinates":[[[[152.9933,-27.4932],[152.9845,-27.4878],[152.972,-27.4887],[152.9602,-27.4937],[152.962,-27.504],[152.9545,-27.5169],[152.9622,-27.5169],[152.9658,-27.5143],[152.9706,-27.5045],[152.977,-27.506],[152.9865,-27.5126],[152.9903,-27.5179],[152.998,-27.522],[153.0079,-27.5212],[153.0076,-27.5172],[152.9978,-27.5147],[152.9995,-27.5085],[152.9885,-27.5072],[152.9933,-27.4932]]],[[[152.9693,-27.5193],[152.9746,-27.5163],[152.988,-27.519],[152.9749,-27.507],[152.9678,-27.5124],[152.9693,-27.5193]]]]}},{"type":"Feature","properties":{"pc":"4069"},"geometry":{"type":"Polygon","coordinates":[[[152.9039,-27.5501],[152.9027,-27.5473],[152.9031,-27.5455],[152.9061,-27.5436],[152.9222,-27.5423],[152.9266,-27.539],[152.9274,-27.5295],[152.9297,-27.5276],[152.9384,-27.5254],[152.95,-27.5273],[152.9593,-27.5326],[152.9664,-27.5435],[152.9733,-27.5427],[152.9699,-27.5351],[152.9707,-27.5251],[152.9658,-27.5143],[152.9622,-27.5169],[152.9545,-27.5169],[152.962,-27.504],[152.9602,-27.4937],[152.9448,-27.487],[152.9437,-27.4827],[152.9233,-27.48],[152.9185,-27.4808],[152.9197,-27.4628],[152.9202,-27.4599],[152.9173,-27.4571],[152.909,-27.4562],[152.9024,-27.4599],[152.8893,-27.4565],[152.8853,-27.4517],[152.8803,-27.4549],[152.8752,-27.4489],[152.8637,-27.4441],[152.86,-27.4474],[152.8388,-27.4469],[152.8276,-27.4436],[152.8225,-27.451],[152.8236,-27.4566],[152.8101,-27.4635],[152.8104,-27.474],[152.8153,-27.4819],[152.8288,-27.4911],[152.8378,-27.4925],[152.8428,-27.4965],[152.8435,-27.5095],[152.868,-27.5132],[152.8635,-27.5349],[152.8831,-27.5376],[152.8878,-27.5414],[152.8866,-27.548],[152.8951,-27.553],[152.9014,-27.5542],[152.9039,-27.5501]]]}},{"type":"Feature","properties":{"pc":"4074"},"geometry":{"type":"Polygon","coordinates":[[[152.94,-27.5591],[152.9426,-27.5439],[152.9482,-27.5364],[152.9497,-27.5292],[152.9457,-27.5282],[152.9296,-27.5286],[152.9273,-27.5389],[152.9245,-27.5425],[152.9067,-27.5439],[152.9032,-27.5467],[152.9067,-27.553],[152.9073,-27.5556],[152.905,-27.5577],[152.8975,-27.5594],[152.8968,-27.5627],[152.9024,-27.5663],[152.9018,-27.5687],[152.904,-27.5658],[152.9153,-27.5656],[152.929,-27.5684],[152.9317,-27.5705],[152.9441,-27.5699],[152.94,-27.5591]]]}},{"type":"Feature","properties":{"pc":"4075"},"geometry":{"type":"Polygon","coordinates":[[[152.9886,-27.5701],[152.9909,-27.5666],[152.9868,-27.5613],[152.9864,-27.5526],[152.9894,-27.5468],[152.9892,-27.5373],[152.9941,-27.5321],[152.99,-27.5283],[152.9954,-27.5246],[152.988,-27.519],[152.9746,-27.5163],[152.9693,-27.5193],[152.9729,-27.5263],[152.9714,-27.5327],[152.975,-27.5395],[152.9743,-27.5445],[152.9654,-27.5446],[152.9594,-27.5531],[152.962,-27.5553],[152.9666,-27.5738],[152.9728,-27.5726],[152.974,-27.5782],[152.9877,-27.5773],[152.9886,-27.5701]]]}},{"type":"Feature","properties":{"pc":"4076"},"geometry":{"type":"Polygon","coordinates":[[[152.9438,-27.6039],[152.9451,-27.5932],[152.9369,-27.5871],[152.9489,-27.5809],[152.9666,-27.5738],[152.962,-27.5553],[152.9594,-27.5531],[152.9526,-27.5583],[152.9463,-27.5559],[152.94,-27.5591],[152.9441,-27.5699],[152.9317,-27.5705],[152.929,-27.5684],[152.9153,-27.5656],[152.904,-27.5658],[152.9018,-27.5687],[152.8948,-27.5765],[152.8969,-27.5857],[152.9031,-27.5915],[152.906,-27.5964],[152.9067,-27.6013],[152.901,-27.6031],[152.9089,-27.6064],[152.9229,-27.6069],[152.9427,-27.6095],[152.9438,-27.6039]]]}},{"type":"Feature","properties":{"pc":"4077"},"geometry":{"type":"Polygon","coordinates":[[[152.9849,-27.6214],[152.9952,-27.6192],[152.9986,-27.6141],[152.9921,-27.6051],[152.9956,-27.601],[152.997,-27.5918],[152.9921,-27.5882],[152.9935,-27.583],[152.9877,-27.5773],[152.974,-27.5782],[152.9728,-27.5726],[152.9666,-27.5738],[152.9489,-27.5809],[152.9369,-27.5871],[152.9451,-27.5932],[152.9438,-27.6039],[152.9596,-27.6013],[152.9614,-27.6092],[152.9718,-27.6072],[152.9776,-27.6098],[152.9751,-27.623],[152.9849,-27.6214]]]}},{"type":"Feature","properties":{"pc":"4078"},"geometry":{"type":"Polygon","coordinates":[[[152.9849,-27.6214],[152.9751,-27.623],[152.9776,-27.6098],[152.9718,-27.6072],[152.9614,-27.6092],[152.9596,-27.6013],[152.9438,-27.6039],[152.9427,-27.6095],[152.9229,-27.6069],[152.9341,-27.6139],[152.9417,-27.6265],[152.9482,-27.6325],[152.9658,-27.6353],[152.9713,-27.6376],[152.975,-27.6361],[152.9855,-27.641],[152.9867,-27.6344],[152.9791,-27.6333],[152.9795,-27.6246],[152.9849,-27.6214]]]}},{"type":"Feature","properties":{"pc":"4101"},"geometry":{"type":"Polygon","coordinates":[[[153.0284,-27.482],[153.0185,-27.4709],[153.0136,-27.4702],[153.0046,-27.4767],[152.9963,-27.4877],[152.9991,-27.49],[153.0132,-27.49],[153.0196,-27.4937],[153.0271,-27.49],[153.0306,-27.4837],[153.0284,-27.482]]]}},{"type":"Feature","properties":{"pc":"4102"},"geometry":{"type":"Polygon","coordinates":[[[153.0306,-27.4837],[153.0271,-27.49],[153.0196,-27.4937],[153.0228,-27.5002],[153.0396,-27.5017],[153.0477,-27.4941],[153.0498,-27.4906],[153.0431,-27.4911],[153.0393,-27.485],[153.0306,-27.4837]]]}},{"type":"Feature","properties":{"pc":"4103"},"geometry":{"type":"Polygon","coordinates":[[[153.0396,-27.5017],[153.0228,-27.5002],[153.0179,-27.5051],[153.0167,-27.5117],[153.0245,-27.5129],[153.0256,-27.5221],[153.0324,-27.525],[153.0389,-27.5137],[153.0437,-27.5148],[153.0387,-27.509],[153.0396,-27.5017]]]}},{"type":"Feature","properties":{"pc":"4104"},"geometry":{"type":"Polygon","coordinates":[[[153.0102,-27.5225],[153.0152,-27.5205],[153.0256,-27.5221],[153.0245,-27.5129],[153.0167,-27.5117],[153.0179,-27.5051],[153.0058,-27.5059],[152.9997,-27.5139],[153.0083,-27.5158],[153.0102,-27.5225]]]}},{"type":"Feature","properties":{"pc":"4105"},"geometry":{"type":"Polygon","coordinates":[[[153.0196,-27.5464],[153.0245,-27.5403],[153.0344,-27.5409],[153.039,-27.5351],[153.0338,-27.5303],[153.0324,-27.525],[153.0256,-27.5221],[153.0152,-27.5205],[153.0102,-27.5225],[152.9954,-27.5246],[152.99,-27.5283],[152.9941,-27.5321],[152.998,-27.5297],[153.0045,-27.5332],[153.0112,-27.5409],[153.0196,-27.5464]]]}},{"type":"Feature","properties":{"pc":"4107"},"geometry":{"type":"Polygon","coordinates":[[[153.0248,-27.5574],[153.0323,-27.5622],[153.0406,-27.5572],[153.0472,-27.5583],[153.0481,-27.5536],[153.0415,-27.5527],[153.0389,-27.5463],[153.0392,-27.5391],[153.0439,-27.5361],[153.039,-27.5351],[153.0344,-27.5409],[153.0245,-27.5403],[153.0196,-27.5464],[153.0248,-27.5574]]]}},{"type":"Feature","properties":{"pc":"4108"},"geometry":{"type":"Polygon","coordinates":[[[153.0376,-27.5742],[153.0478,-27.5741],[153.0522,-27.559],[153.0472,-27.5583],[153.0406,-27.5572],[153.0323,-27.5622],[153.0248,-27.5574],[153.0218,-27.5586],[153.0084,-27.5562],[153.0065,-27.5662],[152.9973,-27.5648],[152.9935,-27.5721],[152.9973,-27.5755],[153.0143,-27.5781],[153.0222,-27.5726],[153.0376,-27.5742]]]}},{"type":"Feature","properties":{"pc":"4109"},"geometry":{"type":"Polygon","coordinates":[[[153.062,-27.6114],[153.0662,-27.59],[153.0686,-27.5831],[153.0732,-27.5821],[153.076,-27.5726],[153.0878,-27.5685],[153.0784,-27.5625],[153.068,-27.5513],[153.0661,-27.561],[153.0522,-27.559],[153.0478,-27.5741],[153.0376,-27.5742],[153.0382,-27.585],[153.0462,-27.5865],[153.0411,-27.5929],[153.0398,-27.599],[153.043,-27.6041],[153.0511,-27.6112],[153.062,-27.6114]]]}},{"type":"Feature","properties":{"pc":"4110"},"geometry":{"type":"Polygon","coordinates":[[[153.0376,-27.5742],[153.0222,-27.5726],[153.0143,-27.5781],[152.9973,-27.5755],[152.9935,-27.5721],[152.9886,-27.5701],[152.9877,-27.5773],[152.9935,-27.583],[152.9921,-27.5882],[152.997,-27.5918],[152.9956,-27.601],[152.9921,-27.6051],[152.9986,-27.6141],[152.9952,-27.6192],[152.9849,-27.6214],[152.9795,-27.6246],[152.9791,-27.6333],[152.9867,-27.6344],[152.9855,-27.641],[152.975,-27.6361],[152.9713,-27.6376],[152.9787,-27.6463],[152.9841,-27.6486],[152.9969,-27.6542],[153.0194,-27.6574],[153.0194,-27.6526],[153.0149,-27.6422],[153.0224,-27.6275],[153.0242,-27.615],[153.0309,-27.6071],[153.0323,-27.6018],[153.0398,-27.599],[153.0411,-27.5929],[153.0462,-27.5865],[153.0382,-27.585],[153.0376,-27.5742]]]}},{"type":"Feature","properties":{"pc":"4111"},"geometry":{"type":"Polygon","coordinates":[[[153.0589,-27.5382],[153.0481,-27.5387],[153.0439,-27.5361],[153.0392,-27.5391],[153.0389,-27.5463],[153.0415,-27.5527],[153.0481,-27.5536],[153.0472,-27.5583],[153.0522,-27.559],[153.0661,-27.561],[153.068,-27.5513],[153.0589,-27.5382]]]}},{"type":"Feature","properties":{"pc":"4113"},"geometry":{"type":"Polygon","coordinates":[[[153.0782,-27.6133],[153.0819,-27.6055],[153.0914,-27.6003],[153.0962,-27.5956],[153.1058,-27.5932],[153.1112,-27.5939],[153.1,-27.5767],[153.1043,-27.5775],[153.107,-27.5701],[153.1043,-27.5641],[153.0924,-27.5647],[153.0878,-27.5685],[153.076,-27.5726],[153.0732,-27.5821],[153.0686,-27.5831],[153.0662,-27.59],[153.062,-27.6114],[153.0782,-27.6133]]]}},{"type":"Feature","properties":{"pc":"4114"},"geometry":{"type":"Polygon","coordinates":[[[153.1404,-27.6563],[153.1409,-27.6534],[153.1184,-27.65],[153.1185,-27.6285],[153.1158,-27.6204],[153.1011,-27.6181],[153.0947,-27.6173],[153.0975,-27.6229],[153.0946,-27.6318],[153.0946,-27.6393],[153.1,-27.6434],[153.0983,-27.6534],[153.0865,-27.6576],[153.0917,-27.6604],[153.1023,-27.6668],[153.1106,-27.669],[153.1169,-27.6797],[153.1203,-27.6777],[153.1203,-27.6639],[153.1239,-27.6627],[153.1268,-27.6532],[153.1404,-27.6563]]]}},{"type":"Feature","properties":{"pc":"4116"},"geometry":{"type":"Polygon","coordinates":[[[153.062,-27.6114],[153.0511,-27.6112],[153.043,-27.6041],[153.0425,-27.6099],[153.0353,-27.6165],[153.0323,-27.6277],[153.0467,-27.6322],[153.0411,-27.6484],[153.0405,-27.6541],[153.0588,-27.6568],[153.0677,-27.6511],[153.0728,-27.6271],[153.0766,-27.6276],[153.0787,-27.6136],[153.0782,-27.6133],[153.062,-27.6114]]]}},{"type":"Feature","properties":{"pc":"4119"},"geometry":{"type":"Polygon","coordinates":[[[153.1217,-27.6102],[153.1112,-27.5939],[153.1058,-27.5932],[153.1011,-27.6181],[153.1158,-27.6204],[153.1191,-27.6198],[153.1217,-27.6102]]]}},{"type":"Feature","properties":{"pc":"4120"},"geometry":{"type":"Polygon","coordinates":[[[153.0437,-27.5148],[153.0501,-27.5182],[153.0595,-27.5091],[153.0497,-27.5029],[153.0477,-27.4941],[153.0396,-27.5017],[153.0387,-27.509],[153.0437,-27.5148]]]}},{"type":"Feature","properties":{"pc":"4121"},"geometry":{"type":"Polygon","coordinates":[[[153.0595,-27.5091],[153.0501,-27.5182],[153.0437,-27.5148],[153.0389,-27.5137],[153.0324,-27.525],[153.0338,-27.5303],[153.039,-27.5351],[153.0439,-27.5361],[153.0481,-27.5387],[153.0589,-27.5382],[153.0837,-27.5217],[153.0847,-27.5169],[153.0746,-27.5137],[153.0595,-27.5091]]]}},{"type":"Feature","properties":{"pc":"4122"},"geometry":{"type":"Polygon","coordinates":[[[153.1203,-27.5364],[153.1087,-27.5347],[153.1017,-27.5253],[153.1043,-27.5187],[153.0886,-27.5159],[153.0847,-27.5169],[153.0837,-27.5217],[153.0589,-27.5382],[153.068,-27.5513],[153.0784,-27.5625],[153.0878,-27.5685],[153.0924,-27.5647],[153.1043,-27.5641],[153.1089,-27.5615],[153.1168,-27.5489],[153.1174,-27.5451],[153.1203,-27.5364]]]}},{"type":"Feature","properties":{"pc":"4123"},"geometry":{"type":"Polygon","coordinates":[[[153.1174,-27.5451],[153.1168,-27.5489],[153.1089,-27.5615],[153.1043,-27.5641],[153.107,-27.5701],[153.1043,-27.5775],[153.1,-27.5767],[153.1112,-27.5939],[153.1217,-27.6102],[153.1311,-27.6079],[153.1448,-27.6105],[153.1481,-27.6028],[153.1427,-27.5912],[153.1359,-27.5841],[153.1383,-27.5737],[153.1459,-27.5709],[153.143,-27.5625],[153.1368,-27.5567],[153.1361,-27.548],[153.1174,-27.5451]]]}},{"type":"Feature","properties":{"pc":"4127"},"geometry":{"type":"Polygon","coordinates":[[[153.1427,-27.5912],[153.1481,-27.6028],[153.1448,-27.6105],[153.1311,-27.6079],[153.1217,-27.6102],[153.1191,-27.6198],[153.1158,-27.6204],[153.1185,-27.6285],[153.1184,-27.65],[153.1409,-27.6534],[153.1404,-27.6563],[153.1466,-27.6536],[153.1548,-27.655],[153.1618,-27.659],[153.1641,-27.6552],[153.1572,-27.6494],[153.1634,-27.6464],[153.1637,-27.6381],[153.1731,-27.6387],[153.1738,-27.6342],[153.1758,-27.6235],[153.1816,-27.6242],[153.1836,-27.6128],[153.1808,-27.6093],[153.1758,-27.6067],[153.1599,-27.5959],[153.1562,-27.5918],[153.1427,-27.5912]]]}},{"type":"Feature","properties":{"pc":"4128"},"geometry":{"type":"Polygon","coordinates":[[[153.1664,-27.6818],[153.1792,-27.6865],[153.1818,-27.6733],[153.1726,-27.6643],[153.183,-27.6638],[153.1888,-27.6673],[153.1936,-27.6416],[153.1832,-27.6383],[153.1823,-27.6341],[153.1738,-27.6342],[153.1731,-27.6387],[153.1637,-27.6381],[153.1634,-27.6464],[153.1572,-27.6494],[153.1641,-27.6552],[153.1618,-27.659],[153.1604,-27.6717],[153.1664,-27.6818]]]}},{"type":"Feature","properties":{"pc":"4129"},"geometry":{"type":"Polygon","coordinates":[[[153.169,-27.6947],[153.1813,-27.6989],[153.1905,-27.7036],[153.1919,-27.696],[153.1968,-27.6957],[153.2026,-27.6891],[153.2056,-27.6807],[153.1888,-27.6673],[153.183,-27.6638],[153.1726,-27.6643],[153.1818,-27.6733],[153.1792,-27.6865],[153.1664,-27.6818],[153.1694,-27.6875],[153.169,-27.6947]]]}},{"type":"Feature","properties":{"pc":"4131"},"geometry":{"type":"Polygon","coordinates":[[[153.1404,-27.6563],[153.1268,-27.6532],[153.1239,-27.6627],[153.1203,-27.6639],[153.1203,-27.6777],[153.1227,-27.6864],[153.142,-27.6882],[153.1439,-27.6901],[153.149,-27.6868],[153.1474,-27.6795],[153.1604,-27.6717],[153.1618,-27.659],[153.1548,-27.655],[153.1466,-27.6536],[153.1404,-27.6563]]]}},{"type":"Feature","properties":{"pc":"4133"},"geometry":{"type":"Polygon","coordinates":[[[153.16,-27.705],[153.1554,-27.6991],[153.1439,-27.6901],[153.142,-27.6882],[153.1227,-27.6864],[153.1203,-27.6777],[153.1169,-27.6797],[153.1076,-27.6855],[153.1028,-27.6913],[153.0993,-27.7002],[153.0939,-27.7072],[153.0906,-27.7219],[153.0649,-27.7187],[153.0602,-27.7449],[153.0512,-27.7436],[153.0489,-27.7567],[153.0422,-27.7594],[153.0409,-27.766],[153.052,-27.7675],[153.0579,-27.7529],[153.0646,-27.7507],[153.0644,-27.7586],[153.0757,-27.7667],[153.0835,-27.7699],[153.0893,-27.7675],[153.1032,-27.767],[153.1014,-27.7576],[153.1197,-27.7441],[153.1194,-27.7375],[153.109,-27.732],[153.1234,-27.7215],[153.1224,-27.715],[153.1571,-27.7204],[153.1608,-27.7091],[153.16,-27.705]]]}},{"type":"Feature","properties":{"pc":"4151"},"geometry":{"type":"Polygon","coordinates":[[[153.0635,-27.4867],[153.0572,-27.4808],[153.0525,-27.4829],[153.0498,-27.4906],[153.0477,-27.4941],[153.0497,-27.5029],[153.0595,-27.5091],[153.0746,-27.5137],[153.0758,-27.5],[153.0686,-27.4992],[153.0646,-27.4942],[153.0635,-27.4867]]]}},{"type":"Feature","properties":{"pc":"4152"},"geometry":{"type":"Polygon","coordinates":[[[153.1127,-27.4872],[153.0988,-27.4834],[153.0953,-27.475],[153.0889,-27.4749],[153.0877,-27.4815],[153.0635,-27.4867],[153.0646,-27.4942],[153.0686,-27.4992],[153.0758,-27.5],[153.0746,-27.5137],[153.0847,-27.5169],[153.0886,-27.5159],[153.1043,-27.5187],[153.1017,-27.5253],[153.1087,-27.5347],[153.1203,-27.5364],[153.123,-27.532],[153.1259,-27.5109],[153.1246,-27.5053],[153.1262,-27.4969],[153.1215,-27.4864],[153.1127,-27.4872]]]}},{"type":"Feature","properties":{"pc":"4157"},"geometry":{"type":"Polygon","coordinates":[[[153.2286,-27.5888],[153.2344,-27.5729],[153.2356,-27.5656],[153.2315,-27.5528],[153.2222,-27.5478],[153.2085,-27.5358],[153.2107,-27.5213],[153.2103,-27.5147],[153.2012,-27.5142],[153.1883,-27.5182],[153.184,-27.5229],[153.1858,-27.5275],[153.176,-27.5331],[153.1724,-27.535],[153.1743,-27.5422],[153.1826,-27.5413],[153.1827,-27.5501],[153.1887,-27.5517],[153.1913,-27.5609],[153.1819,-27.5623],[153.1798,-27.5702],[153.1826,-27.5736],[153.1776,-27.5785],[153.1776,-27.5867],[153.1719,-27.5911],[153.1761,-27.6017],[153.1758,-27.6067],[153.1808,-27.6093],[153.1845,-27.6085],[153.2035,-27.6111],[153.2103,-27.5994],[153.2167,-27.5949],[153.2194,-27.5885],[153.2286,-27.5888]]]}},{"type":"Feature","properties":{"pc":"4160"},"geometry":{"type":"Polygon","coordinates":[[[153.2646,-27.516],[153.2607,-27.5138],[153.2643,-27.4998],[153.2576,-27.4916],[153.2599,-27.4829],[153.2351,-27.4799],[153.2268,-27.4827],[153.2296,-27.4938],[153.2238,-27.5073],[153.2304,-27.5083],[153.2295,-27.5137],[153.2441,-27.517],[153.2466,-27.5236],[153.2642,-27.5241],[153.2646,-27.516]]]}},{"type":"Feature","properties":{"pc":"4161"},"geometry":{"type":"Polygon","coordinates":[[[153.2295,-27.5137],[153.2278,-27.5154],[153.2129,-27.5127],[153.2103,-27.5147],[153.2107,-27.5213],[153.2085,-27.5358],[153.2222,-27.5478],[153.2315,-27.5528],[153.2356,-27.5656],[153.2403,-27.5468],[153.2422,-27.5468],[153.2459,-27.5423],[153.2502,-27.5294],[153.2466,-27.5236],[153.2441,-27.517],[153.2295,-27.5137]]]}},{"type":"Feature","properties":{"pc":"4163"},"geometry":{"type":"Polygon","coordinates":[[[153.2646,-27.516],[153.2642,-27.5241],[153.2466,-27.5236],[153.2502,-27.5294],[153.2459,-27.5423],[153.2422,-27.5468],[153.2812,-27.5493],[153.2837,-27.5463],[153.2779,-27.5405],[153.2844,-27.531],[153.2892,-27.5141],[153.2738,-27.5163],[153.2646,-27.516]]]}},{"type":"Feature","properties":{"pc":"4164"},"geometry":{"type":"Polygon","coordinates":[[[153.2286,-27.5888],[153.2346,-27.5862],[153.2394,-27.588],[153.2451,-27.5854],[153.2527,-27.5882],[153.2614,-27.5833],[153.2719,-27.5858],[153.2782,-27.584],[153.2824,-27.5793],[153.2895,-27.5802],[153.2894,-27.5646],[153.2905,-27.561],[153.2812,-27.5493],[153.2422,-27.5468],[153.2403,-27.5468],[153.2356,-27.5656],[153.2344,-27.5729],[153.2286,-27.5888]]]}},{"type":"Feature","properties":{"pc":"4169"},"geometry":{"type":"Polygon","coordinates":[[[153.0306,-27.4837],[153.0393,-27.485],[153.0431,-27.4911],[153.0498,-27.4906],[153.0525,-27.4829],[153.0572,-27.4808],[153.0501,-27.476],[153.0452,-27.4779],[153.04,-27.475],[153.0344,-27.4766],[153.0284,-27.482],[153.0306,-27.4837]]]}},{"type":"Feature","properties":{"pc":"4170"},"geometry":{"type":"Polygon","coordinates":[[[153.0635,-27.4867],[153.0877,-27.4815],[153.0889,-27.4749],[153.0953,-27.475],[153.0988,-27.4834],[153.1127,-27.4872],[153.109,-27.4828],[153.1104,-27.4763],[153.1072,-27.4713],[153.0963,-27.4696],[153.0895,-27.4652],[153.0879,-27.4575],[153.0896,-27.4497],[153.0701,-27.4456],[153.0693,-27.4502],[153.0732,-27.4549],[153.0681,-27.4587],[153.0619,-27.4714],[153.0574,-27.4698],[153.0501,-27.476],[153.0572,-27.4808],[153.0635,-27.4867]]]}},{"type":"Feature","properties":{"pc":"4171"},"geometry":{"type":"Polygon","coordinates":[[[153.0574,-27.4698],[153.0619,-27.4714],[153.0681,-27.4587],[153.0732,-27.4549],[153.0693,-27.4502],[153.0701,-27.4456],[153.0536,-27.4422],[153.0507,-27.4449],[153.0537,-27.4616],[153.0574,-27.4698]]]}},{"type":"Feature","properties":{"pc":"4172"},"geometry":{"type":"Polygon","coordinates":[[[153.1072,-27.4713],[153.1109,-27.4635],[153.1268,-27.462],[153.1264,-27.4574],[153.1194,-27.4557],[153.1208,-27.4478],[153.114,-27.4434],[153.1258,-27.4393],[153.1295,-27.4285],[153.1212,-27.4333],[153.1152,-27.4398],[153.0993,-27.4481],[153.0896,-27.4497],[153.0879,-27.4575],[153.0895,-27.4652],[153.0963,-27.4696],[153.1072,-27.4713]]]}},{"type":"Feature","properties":{"pc":"4173"},"geometry":{"type":"Polygon","coordinates":[[[153.1549,-27.4662],[153.1382,-27.4636],[153.1268,-27.462],[153.1109,-27.4635],[153.1072,-27.4713],[153.1104,-27.4763],[153.109,-27.4828],[153.1127,-27.4872],[153.1215,-27.4864],[153.1265,-27.4848],[153.1367,-27.4863],[153.1452,-27.4748],[153.1549,-27.4662]]]}},{"type":"Feature","properties":{"pc":"4179"},"geometry":{"type":"Polygon","coordinates":[[[153.192,-27.4763],[153.1942,-27.4724],[153.1901,-27.462],[153.1945,-27.459],[153.1941,-27.4523],[153.1865,-27.4512],[153.1815,-27.4454],[153.1796,-27.4532],[153.1756,-27.4561],[153.1688,-27.4533],[153.1595,-27.4638],[153.1549,-27.4662],[153.1452,-27.4748],[153.1588,-27.4749],[153.1689,-27.4775],[153.1768,-27.4745],[153.192,-27.4763]]]}},{"type":"Feature","properties":{"pc":"4207"},"geometry":{"type":"Polygon","coordinates":[[[153.2056,-27.6807],[153.2026,-27.6891],[153.1968,-27.6957],[153.1919,-27.696],[153.1905,-27.7036],[153.1813,-27.6989],[153.169,-27.6947],[153.1611,-27.6997],[153.16,-27.705],[153.1608,-27.7091],[153.1571,-27.7204],[153.1224,-27.715],[153.1234,-27.7215],[153.109,-27.732],[153.1194,-27.7375],[153.1197,-27.7441],[153.1014,-27.7576],[153.1032,-27.767],[153.0893,-27.7675],[153.0913,-27.769],[153.0868,-27.7837],[153.075,-27.7864],[153.0702,-27.7929],[153.0714,-27.8044],[153.0762,-27.804],[153.0732,-27.82],[153.0864,-27.8219],[153.0865,-27.8285],[153.0897,-27.8178],[153.099,-27.8191],[153.1043,-27.826],[153.1094,-27.8375],[153.1182,-27.8389],[153.1191,-27.845],[153.124,-27.8523],[153.1302,-27.848],[153.1408,-27.847],[153.1417,-27.8427],[153.1527,-27.8443],[153.1587,-27.8371],[153.1654,-27.8381],[153.1732,-27.8348],[153.1805,-27.8409],[153.1811,-27.8539],[153.1889,-27.8551],[153.1854,-27.8737],[153.1863,-27.8812],[153.1833,-27.8954],[153.1951,-27.8972],[153.1959,-27.8928],[153.2032,-27.8938],[153.2049,-27.8846],[153.209,-27.8761],[153.2148,-27.877],[153.2143,-27.8686],[153.2163,-27.8583],[153.2089,-27.8571],[153.2139,-27.839],[153.21,-27.8385],[153.2141,-27.8274],[153.212,-27.8229],[153.2119,-27.8126],[153.2081,-27.8029],[153.2158,-27.7885],[153.2265,-27.7911],[153.2315,-27.7883],[153.2283,-27.7786],[153.2285,-27.7692],[153.2339,-27.763],[153.243,-27.7626],[153.2394,-27.7561],[153.2443,-27.7511],[153.2569,-27.7502],[153.2651,-27.74],[153.2681,-27.7245],[153.2701,-27.7211],[153.2818,-27.7228],[153.2824,-27.7305],[153.2916,-27.7493],[153.3002,-27.7503],[153.3019,-27.7626],[153.317,-27.7659],[153.3265,-27.7666],[153.3398,-27.7638],[153.3413,-27.7603],[153.3509,-27.7608],[153.3539,-27.7641],[153.3618,-27.7635],[153.3543,-27.7547],[153.354,-27.7469],[153.3612,-27.7347],[153.3575,-27.7245],[153.359,-27.7109],[153.3534,-27.6998],[153.3481,-27.6951],[153.3387,-27.6983],[153.3281,-27.697],[153.3212,-27.7102],[153.3037,-27.7145],[153.2984,-27.7099],[153.2923,-27.6981],[153.2925,-27.692],[153.2867,-27.6943],[153.2735,-27.698],[153.2662,-27.6927],[153.2565,-27.6919],[153.2524,-27.6974],[153.2433,-27.6983],[153.2449,-27.6923],[153.2425,-27.6877],[153.223,-27.6786],[153.2056,-27.6807]]]}},{"type":"Feature","properties":{"pc":"4208"},"geometry":{"type":"Polygon","coordinates":[[[153.234,-27.8508],[153.2337,-27.8378],[153.2421,-27.8374],[153.2485,-27.8311],[153.2553,-27.8278],[153.2558,-27.8224],[153.2634,-27.8236],[153.2664,-27.809],[153.2603,-27.8081],[153.2617,-27.8011],[153.2697,-27.7968],[153.2709,-27.7863],[153.2823,-27.7854],[153.2905,-27.781],[153.292,-27.791],[153.3054,-27.7895],[153.3094,-27.7858],[153.3158,-27.7882],[153.3151,-27.8021],[153.3203,-27.8064],[153.3307,-27.8054],[153.3383,-27.8023],[153.3413,-27.805],[153.3514,-27.8018],[153.3564,-27.7977],[153.3666,-27.7963],[153.3733,-27.7997],[153.3836,-27.7996],[153.3916,-27.7939],[153.3897,-27.7913],[153.3821,-27.7864],[153.3843,-27.7844],[153.4249,-27.7796],[153.429,-27.7754],[153.4356,-27.7628],[153.4362,-27.7443],[153.4393,-27.7357],[153.4264,-27.7419],[153.4151,-27.7418],[153.4058,-27.7344],[153.402,-27.7199],[153.3913,-27.707],[153.3879,-27.7091],[153.3831,-27.7097],[153.3719,-27.7073],[153.3694,-27.7112],[153.359,-27.7109],[153.3575,-27.7245],[153.3612,-27.7347],[153.354,-27.7469],[153.3543,-27.7547],[153.3618,-27.7635],[153.3539,-27.7641],[153.3509,-27.7608],[153.3413,-27.7603],[153.3398,-27.7638],[153.3265,-27.7666],[153.317,-27.7659],[153.3019,-27.7626],[153.3002,-27.7503],[153.2916,-27.7493],[153.2824,-27.7305],[153.2818,-27.7228],[153.2701,-27.7211],[153.2681,-27.7245],[153.2651,-27.74],[153.2569,-27.7502],[153.2443,-27.7511],[153.2394,-27.7561],[153.243,-27.7626],[153.2339,-27.763],[153.2285,-27.7692],[153.2283,-27.7786],[153.2315,-27.7883],[153.2265,-27.7911],[153.2158,-27.7885],[153.2081,-27.8029],[153.2119,-27.8126],[153.212,-27.8229],[153.2141,-27.8274],[153.21,-27.8385],[153.2139,-27.839],[153.2089,-27.8571],[153.2163,-27.8583],[153.2226,-27.853],[153.2321,-27.8544],[153.234,-27.8508]]]}},{"type":"Feature","properties":{"pc":"4209"},"geometry":{"type":"MultiPolygon","coordinates":[[[[153.3145,-27.8769],[153.3346,-27.8758],[153.342,-27.8578],[153.349,-27.8575],[153.3531,-27.8487],[153.3571,-27.8463],[153.3664,-27.8513],[153.379,-27.8547],[153.3824,-27.8598],[153.3825,-27.8725],[153.3935,-27.8744],[153.3948,-27.868],[153.4018,-27.8628],[153.3964,-27.8565],[153.3957,-27.8453],[153.393,-27.839],[153.3856,-27.8406],[153.3802,-27.8364],[153.3861,-27.8283],[153.3804,-27.8207],[153.3711,-27.816],[153.371,-27.8076],[153.3687,-27.8017],[153.3618,-27.8004],[153.3514,-27.8018],[153.3413,-27.805],[153.3383,-27.8023],[153.3307,-27.8054],[153.3203,-27.8064],[153.3151,-27.8021],[153.3158,-27.7882],[153.3094,-27.7858],[153.3054,-27.7895],[153.292,-27.791],[153.2905,-27.781],[153.2823,-27.7854],[153.2709,-27.7863],[153.2697,-27.7968],[153.2617,-27.8011],[153.2603,-27.8081],[153.2664,-27.809],[153.2634,-27.8236],[153.2558,-27.8224],[153.2553,-27.8278],[153.2485,-27.8311],[153.2421,-27.8374],[153.2337,-27.8378],[153.234,-27.8508],[153.2434,-27.8589],[153.2549,-27.864],[153.258,-27.8739],[153.2654,-27.8751],[153.2627,-27.8941],[153.265,-27.8995],[153.2553,-27.902],[153.2541,-27.9123],[153.2592,-27.9168],[153.2655,-27.9165],[153.2654,-27.906],[153.2769,-27.9076],[153.2819,-27.9023],[153.2898,-27.9004],[153.2857,-27.8953],[153.2934,-27.8925],[153.296,-27.8857],[153.3145,-27.8769]]],[[[153.3861,-27.786],[153.3925,-27.7929],[153.3912,-27.7955],[153.3877,-27.7974],[153.3781,-27.8046],[153.3737,-27.8093],[153.377,-27.8179],[153.384,-27.8204],[153.3946,-27.8188],[153.4029,-27.8116],[153.4075,-27.8046],[153.4114,-27.7888],[153.4025,-27.7831],[153.3861,-27.786]]],[[[153.3883,-27.8212],[153.3865,-27.8282],[153.397,-27.8286],[153.3977,-27.8231],[153.3883,-27.8212]]]]}},{"type":"Feature","properties":{"pc":"4211"},"geometry":{"type":"MultiPolygon","coordinates":[[[[153.1086,-28.3563],[153.1268,-28.3362],[153.1302,-28.3303],[153.1248,-28.3239],[153.1258,-28.3173],[153.133,-28.3175],[153.1358,-28.3121],[153.1433,-28.3122],[153.1433,-28.3046],[153.1529,-28.3019],[153.1552,-28.2961],[153.1644,-28.2979],[153.1692,-28.2931],[153.1665,-28.2851],[153.1612,-28.2798],[153.1533,-28.2714],[153.1382,-28.2657],[153.1491,-28.2574],[153.1453,-28.2496],[153.1371,-28.2477],[153.1353,-28.2426],[153.125,-28.2361],[153.0987,-28.2349],[153.093,-28.2303],[153.0981,-28.237],[153.0965,-28.2447],[153.098,-28.2523],[153.1107,-28.2563],[153.106,-28.2618],[153.1046,-28.2697],[153.1002,-28.2689],[153.0959,-28.2816],[153.1006,-28.2926],[153.0915,-28.294],[153.0897,-28.3036],[153.0783,-28.302],[153.0789,-28.2986],[153.07,-28.2969],[153.0691,-28.3021],[153.063,-28.3024],[153.052,-28.2995],[153.0258,-28.3105],[153.0318,-28.3126],[153.03,-28.3205],[153.0389,-28.3228],[153.0365,-28.3332],[153.0251,-28.3312],[153.0205,-28.3371],[153.009,-28.3357],[153.008,-28.3403],[153.0222,-28.338],[153.0381,-28.3434],[153.0449,-28.339],[153.0491,-28.342],[153.0653,-28.3442],[153.0742,-28.3522],[153.0863,-28.3546],[153.0892,-28.3533],[153.1023,-28.3579],[153.1086,-28.3563]]],[[[153.2653,-28.2413],[153.2601,-28.2387],[153.2591,-28.2307],[153.2543,-28.2256],[153.2566,-28.2187],[153.2501,-28.2088],[153.2539,-28.1987],[153.2464,-28.1869],[153.2463,-28.1783],[153.2376,-28.1676],[153.2483,-28.1685],[153.2491,-28.1529],[153.2479,-28.1468],[153.2572,-28.1481],[153.2579,-28.1418],[153.2646,-28.1406],[153.278,-28.1429],[153.2849,-28.1359],[153.2919,-28.1366],[153.2897,-28.126],[153.2962,-28.1208],[153.3005,-28.1225],[153.309,-28.1178],[153.3069,-28.1113],[153.3085,-28.101],[153.3143,-28.0915],[153.3186,-28.0773],[153.3095,-28.0588],[153.2987,-28.0553],[153.2996,-28.0505],[153.2956,-28.047],[153.2968,-28.041],[153.3106,-28.0431],[153.3183,-28.0413],[153.324,-28.0222],[153.3359,-28.0184],[153.3436,-28.0197],[153.3494,-28.0179],[153.3535,-28.0428],[153.3718,-28.0324],[153.3779,-28.0368],[153.3851,-28.0326],[153.3958,-28.031],[153.3909,-28.0275],[153.3878,-28.0171],[153.3831,-28.0127],[153.3718,-28.0097],[153.364,-27.9975],[153.3523,-27.9887],[153.3429,-27.986],[153.3422,-27.9807],[153.3471,-27.9711],[153.3447,-27.9571],[153.3377,-27.9415],[153.3297,-27.9263],[153.3139,-27.924],[153.3052,-27.9247],[153.3038,-27.9313],[153.2959,-27.9434],[153.2808,-27.9426],[153.2817,-27.9495],[153.2795,-27.9611],[153.2825,-27.9616],[153.2781,-27.9737],[153.2722,-27.953],[153.257,-27.9617],[153.2487,-27.9574],[153.2387,-27.9615],[153.2323,-27.958],[153.2241,-27.9568],[153.224,-27.9628],[153.2202,-27.9762],[153.2251,-27.9816],[153.2035,-27.9784],[153.2013,-27.9827],[153.2079,-27.9858],[153.2107,-27.993],[153.2205,-27.9944],[153.2186,-28.0083],[153.2389,-28.0112],[153.2363,-28.026],[153.2326,-28.0257],[153.2301,-28.0396],[153.2288,-28.0551],[153.2251,-28.0612],[153.219,-28.0613],[153.2147,-28.0732],[153.2038,-28.0715],[153.1977,-28.0795],[153.1941,-28.0899],[153.1841,-28.0883],[153.1819,-28.0963],[153.1851,-28.1093],[153.1837,-28.1158],[153.161,-28.1133],[153.1622,-28.1217],[153.1541,-28.1258],[153.1589,-28.1311],[153.1632,-28.1397],[153.1728,-28.1473],[153.1633,-28.1551],[153.1589,-28.161],[153.156,-28.1706],[153.1661,-28.1951],[153.1636,-28.1989],[153.1708,-28.2084],[153.1724,-28.2214],[153.1794,-28.2314],[153.1801,-28.2364],[153.1885,-28.2476],[153.1995,-28.2565],[153.2074,-28.2529],[153.2188,-28.2634],[153.2328,-28.2651],[153.2356,-28.2566],[153.2439,-28.2473],[153.2497,-28.2475],[153.264,-28.2435],[153.2653,-28.2413]]]]}},{"type":"Feature","properties":{"pc":"4212"},"geometry":{"type":"Polygon","coordinates":[[[153.3377,-27.9415],[153.3487,-27.9366],[153.3421,-27.924],[153.3436,-27.9191],[153.348,-27.9188],[153.3432,-27.9101],[153.347,-27.903],[153.3522,-27.9021],[153.3568,-27.891],[153.3718,-27.8936],[153.3808,-27.8891],[153.3817,-27.8836],[153.3773,-27.8777],[153.3818,-27.8674],[153.3818,-27.861],[153.3761,-27.855],[153.3664,-27.8513],[153.3571,-27.8463],[153.3531,-27.8487],[153.349,-27.8575],[153.342,-27.8578],[153.3346,-27.8758],[153.3145,-27.8769],[153.3152,-27.9004],[153.3202,-27.9152],[153.3297,-27.9263],[153.3377,-27.9415]]]}},{"type":"Feature","properties":{"pc":"4213"},"geometry":{"type":"Polygon","coordinates":[[[153.2968,-28.2343],[153.2943,-28.2305],[153.2965,-28.2191],[153.3014,-28.2226],[153.3173,-28.207],[153.3132,-28.204],[153.3195,-28.1974],[153.3197,-28.1877],[153.3265,-28.1856],[153.3374,-28.1733],[153.348,-28.1682],[153.3485,-28.1606],[153.3608,-28.1585],[153.3776,-28.1609],[153.3802,-28.1474],[153.3872,-28.1485],[153.392,-28.1432],[153.3866,-28.1398],[153.3867,-28.1321],[153.3978,-28.1314],[153.3975,-28.128],[153.388,-28.126],[153.3882,-28.1163],[153.3822,-28.1153],[153.3846,-28.1032],[153.3915,-28.0999],[153.3932,-28.0941],[153.3841,-28.085],[153.376,-28.0829],[153.3667,-28.0781],[153.3637,-28.0722],[153.3535,-28.0428],[153.3494,-28.0179],[153.3436,-28.0197],[153.3359,-28.0184],[153.324,-28.0222],[153.3183,-28.0413],[153.3106,-28.0431],[153.2968,-28.041],[153.2956,-28.047],[153.2996,-28.0505],[153.2987,-28.0553],[153.3095,-28.0588],[153.3186,-28.0773],[153.3143,-28.0915],[153.3085,-28.101],[153.3069,-28.1113],[153.309,-28.1178],[153.3005,-28.1225],[153.2962,-28.1208],[153.2897,-28.126],[153.2919,-28.1366],[153.2849,-28.1359],[153.278,-28.1429],[153.2646,-28.1406],[153.2579,-28.1418],[153.2572,-28.1481],[153.2479,-28.1468],[153.2491,-28.1529],[153.2483,-28.1685],[153.2376,-28.1676],[153.2463,-28.1783],[153.2464,-28.1869],[153.2539,-28.1987],[153.2501,-28.2088],[153.2566,-28.2187],[153.2543,-28.2256],[153.2591,-28.2307],[153.2601,-28.2387],[153.2653,-28.2413],[153.2742,-28.238],[153.2772,-28.2342],[153.2866,-28.2354],[153.2968,-28.2343]]]}},{"type":"Feature","properties":{"pc":"4214"},"geometry":{"type":"Polygon","coordinates":[[[153.4011,-27.9969],[153.3953,-27.9935],[153.3927,-27.9822],[153.3883,-27.9769],[153.381,-27.9768],[153.3768,-27.9715],[153.3776,-27.9608],[153.3832,-27.9552],[153.3875,-27.9385],[153.3904,-27.9345],[153.3744,-27.9315],[153.3602,-27.9265],[153.3436,-27.9191],[153.3421,-27.924],[153.3487,-27.9366],[153.3377,-27.9415],[153.3447,-27.9571],[153.3471,-27.9711],[153.3422,-27.9807],[153.3429,-27.986],[153.3523,-27.9887],[153.364,-27.9975],[153.3695,-27.9928],[153.3739,-27.9979],[153.3827,-28.0002],[153.3892,-27.996],[153.4011,-27.9969]]]}},{"type":"Feature","properties":{"pc":"4215"},"geometry":{"type":"Polygon","coordinates":[[[153.4077,-27.9382],[153.4029,-27.9359],[153.3904,-27.9345],[153.3875,-27.9385],[153.3832,-27.9552],[153.3776,-27.9608],[153.3768,-27.9715],[153.381,-27.9768],[153.3883,-27.9769],[153.3927,-27.9822],[153.3953,-27.9935],[153.4011,-27.9969],[153.4147,-27.9975],[153.4175,-27.9881],[153.4162,-27.9822],[153.4214,-27.9741],[153.4185,-27.9661],[153.4103,-27.9549],[153.4105,-27.9428],[153.4077,-27.9382]]]}},{"type":"Feature","properties":{"pc":"4216"},"geometry":{"type":"MultiPolygon","coordinates":[[[[153.4077,-27.9382],[153.406,-27.9306],[153.4083,-27.9118],[153.4031,-27.8967],[153.3963,-27.8841],[153.4004,-27.8748],[153.3854,-27.877],[153.3813,-27.8918],[153.3683,-27.8969],[153.3585,-27.8933],[153.3565,-27.9005],[153.3583,-27.9068],[153.3571,-27.9132],[153.348,-27.9188],[153.3436,-27.9191],[153.3602,-27.9265],[153.3744,-27.9315],[153.3904,-27.9345],[153.4029,-27.9359],[153.4077,-27.9382]]],[[[153.4049,-27.8673],[153.4001,-27.8805],[153.405,-27.882],[153.4106,-27.8695],[153.4049,-27.8673]]],[[[153.4197,-27.8852],[153.4215,-27.9043],[153.4178,-27.9198],[153.4225,-27.932],[153.4298,-27.9326],[153.425,-27.908],[153.425,-27.8991],[153.4272,-27.8684],[153.4328,-27.8269],[153.4372,-27.8005],[153.4453,-27.7563],[153.4384,-27.7511],[153.4361,-27.7655],[153.4395,-27.7722],[153.4332,-27.7836],[153.4308,-27.7963],[153.425,-27.8094],[153.4166,-27.8182],[153.4092,-27.8227],[153.4064,-27.835],[153.409,-27.8521],[153.411,-27.8576],[153.4197,-27.8668],[153.4235,-27.8736],[153.4197,-27.8852]]]]}},{"type":"Feature","properties":{"pc":"4217"},"geometry":{"type":"Polygon","coordinates":[[[153.3909,-28.0275],[153.4042,-28.0229],[153.4122,-28.0161],[153.4257,-28.0161],[153.4337,-28.019],[153.4315,-28.0029],[153.4294,-27.9745],[153.4304,-27.939],[153.4244,-27.9442],[153.4244,-27.9743],[153.4186,-27.9823],[153.4191,-27.9912],[153.4147,-27.9975],[153.4011,-27.9969],[153.3892,-27.996],[153.3827,-28.0002],[153.3739,-27.9979],[153.3695,-27.9928],[153.364,-27.9975],[153.3718,-28.0097],[153.3831,-28.0127],[153.3878,-28.0171],[153.3909,-28.0275]]]}},{"type":"Feature","properties":{"pc":"4218"},"geometry":{"type":"Polygon","coordinates":[[[153.4199,-28.0694],[153.4254,-28.068],[153.427,-28.06],[153.4427,-28.0609],[153.4377,-28.0404],[153.4337,-28.019],[153.4257,-28.0161],[153.4122,-28.0161],[153.4042,-28.0229],[153.3909,-28.0275],[153.3958,-28.031],[153.4088,-28.0352],[153.4069,-28.045],[153.4084,-28.0521],[153.4176,-28.062],[153.4199,-28.0694]]]}},{"type":"Feature","properties":{"pc":"4220"},"geometry":{"type":"Polygon","coordinates":[[[153.4425,-28.1145],[153.4499,-28.1076],[153.448,-28.1037],[153.4603,-28.0957],[153.4594,-28.0901],[153.4544,-28.089],[153.4504,-28.0836],[153.4427,-28.0609],[153.427,-28.06],[153.4254,-28.068],[153.4199,-28.0694],[153.4215,-28.0741],[153.4257,-28.0859],[153.4219,-28.0862],[153.4192,-28.1006],[153.4038,-28.1022],[153.4117,-28.117],[153.4261,-28.1243],[153.4425,-28.1145]]]}},{"type":"Feature","properties":{"pc":"4221"},"geometry":{"type":"Polygon","coordinates":[[[153.4372,-28.1617],[153.4443,-28.1604],[153.4497,-28.1517],[153.4499,-28.1447],[153.454,-28.1372],[153.4631,-28.139],[153.4713,-28.1353],[153.4775,-28.1351],[153.4833,-28.1278],[153.4778,-28.1254],[153.4724,-28.1184],[153.4603,-28.0957],[153.448,-28.1037],[153.4499,-28.1076],[153.4425,-28.1145],[153.4461,-28.129],[153.4385,-28.1298],[153.4317,-28.1338],[153.4328,-28.1434],[153.4409,-28.1446],[153.4373,-28.1531],[153.4372,-28.1617]]]}},{"type":"Feature","properties":{"pc":"4223"},"geometry":{"type":"Polygon","coordinates":[[[153.4859,-28.157],[153.4802,-28.1508],[153.4796,-28.1454],[153.4863,-28.1434],[153.4935,-28.1374],[153.4863,-28.1266],[153.4833,-28.1278],[153.4775,-28.1351],[153.4713,-28.1353],[153.4631,-28.139],[153.454,-28.1372],[153.4499,-28.1447],[153.4497,-28.1517],[153.4443,-28.1604],[153.4372,-28.1617],[153.4287,-28.1652],[153.4171,-28.177],[153.4126,-28.1763],[153.4045,-28.1893],[153.4016,-28.1868],[153.3917,-28.1957],[153.3856,-28.1981],[153.3696,-28.2121],[153.3597,-28.2167],[153.3517,-28.2251],[153.342,-28.2289],[153.3363,-28.249],[153.3573,-28.2493],[153.3647,-28.2473],[153.3831,-28.2374],[153.3897,-28.2348],[153.3909,-28.2279],[153.3976,-28.2189],[153.4057,-28.211],[153.4149,-28.2074],[153.4178,-28.2005],[153.4243,-28.1978],[153.4358,-28.1872],[153.4526,-28.181],[153.4685,-28.1624],[153.477,-28.1569],[153.4859,-28.157]]]}},{"type":"Feature","properties":{"pc":"4225"},"geometry":{"type":"Polygon","coordinates":[[[153.5015,-28.1633],[153.5312,-28.1752],[153.5347,-28.1776],[153.5415,-28.169],[153.5522,-28.1644],[153.5501,-28.1621],[153.541,-28.1671],[153.5247,-28.1665],[153.5181,-28.1634],[153.5034,-28.1506],[153.494,-28.1559],[153.4955,-28.1609],[153.5015,-28.1633]]]}},{"type":"Feature","properties":{"pc":"4226"},"geometry":{"type":"Polygon","coordinates":[[[153.3932,-28.0941],[153.4043,-28.0871],[153.399,-28.0827],[153.4137,-28.0737],[153.4215,-28.0741],[153.4199,-28.0694],[153.4176,-28.062],[153.4084,-28.0521],[153.4069,-28.045],[153.4088,-28.0352],[153.3958,-28.031],[153.3851,-28.0326],[153.3779,-28.0368],[153.3718,-28.0324],[153.3535,-28.0428],[153.3637,-28.0722],[153.3667,-28.0781],[153.376,-28.0829],[153.3841,-28.085],[153.3932,-28.0941]]]}},{"type":"Feature","properties":{"pc":"4227"},"geometry":{"type":"Polygon","coordinates":[[[153.3975,-28.128],[153.4117,-28.117],[153.4038,-28.1022],[153.4192,-28.1006],[153.4219,-28.0862],[153.4257,-28.0859],[153.4215,-28.0741],[153.4137,-28.0737],[153.399,-28.0827],[153.4043,-28.0871],[153.3932,-28.0941],[153.3915,-28.0999],[153.3846,-28.1032],[153.3822,-28.1153],[153.3882,-28.1163],[153.388,-28.126],[153.3975,-28.128]]]}},{"type":"Feature","properties":{"pc":"4228"},"geometry":{"type":"Polygon","coordinates":[[[153.3363,-28.249],[153.342,-28.2289],[153.3517,-28.2251],[153.3597,-28.2167],[153.3696,-28.2121],[153.3856,-28.1981],[153.3917,-28.1957],[153.4016,-28.1868],[153.4045,-28.1893],[153.4126,-28.1763],[153.4171,-28.177],[153.4287,-28.1652],[153.4372,-28.1617],[153.4373,-28.1531],[153.4409,-28.1446],[153.4328,-28.1434],[153.4317,-28.1338],[153.4385,-28.1298],[153.4461,-28.129],[153.4425,-28.1145],[153.4261,-28.1243],[153.4117,-28.117],[153.3975,-28.128],[153.3978,-28.1314],[153.3867,-28.1321],[153.3866,-28.1398],[153.392,-28.1432],[153.3872,-28.1485],[153.3802,-28.1474],[153.3776,-28.1609],[153.3608,-28.1585],[153.3485,-28.1606],[153.348,-28.1682],[153.3374,-28.1733],[153.3265,-28.1856],[153.3197,-28.1877],[153.3195,-28.1974],[153.3132,-28.204],[153.3173,-28.207],[153.3014,-28.2226],[153.2965,-28.2191],[153.2943,-28.2305],[153.2968,-28.2343],[153.3048,-28.2397],[153.3146,-28.2372],[153.3298,-28.2369],[153.3319,-28.2461],[153.3363,-28.249]]]}},{"type":"Feature","properties":{"pc":"4280"},"geometry":{"type":"Polygon","coordinates":[[[152.9373,-27.7969],[152.932,-27.803],[152.927,-27.8287],[152.9336,-27.8297],[152.9258,-27.8381],[152.9383,-27.8407],[152.9473,-27.844],[152.9604,-27.8439],[152.9679,-27.8409],[152.9821,-27.8515],[152.9833,-27.8449],[152.9892,-27.8398],[152.9965,-27.8461],[153.0042,-27.8493],[153.0062,-27.8572],[153.0156,-27.8572],[153.0217,-27.8607],[153.0256,-27.8687],[153.0356,-27.8731],[153.0388,-27.8836],[153.044,-27.8891],[153.0503,-27.8806],[153.0581,-27.8789],[153.0659,-27.8743],[153.0718,-27.8648],[153.0675,-27.8608],[153.0745,-27.8498],[153.0744,-27.8402],[153.0865,-27.8285],[153.0864,-27.8219],[153.0732,-27.82],[153.0762,-27.804],[153.0714,-27.8044],[153.0702,-27.7929],[153.075,-27.7864],[153.0868,-27.7837],[153.0913,-27.769],[153.0893,-27.7675],[153.0835,-27.7699],[153.0757,-27.7667],[153.0644,-27.7586],[153.0646,-27.7507],[153.0579,-27.7529],[153.052,-27.7675],[153.0474,-27.7725],[153.041,-27.7694],[153.0355,-27.7618],[153.0251,-27.761],[153.0231,-27.7576],[153.0117,-27.756],[152.9952,-27.7528],[152.9886,-27.7446],[152.9812,-27.7483],[152.9697,-27.7469],[152.969,-27.7567],[152.9639,-27.7708],[152.962,-27.7815],[152.951,-27.8001],[152.94,-27.7924],[152.9373,-27.7969]]]}},{"type":"Feature","properties":{"pc":"4285"},"geometry":{"type":"Polygon","coordinates":[[[153.093,-28.2303],[153.0951,-28.2196],[153.0894,-28.2187],[153.0875,-28.2286],[153.0826,-28.225],[153.0878,-28.1982],[153.0699,-28.1954],[153.0659,-28.1911],[153.0671,-28.185],[153.0786,-28.1867],[153.0816,-28.1839],[153.0925,-28.1857],[153.0909,-28.1944],[153.0935,-28.1988],[153.1046,-28.1966],[153.106,-28.1891],[153.0985,-28.188],[153.1009,-28.1766],[153.1087,-28.1814],[153.1143,-28.1876],[153.1225,-28.1854],[153.1165,-28.1732],[153.1227,-28.1668],[153.125,-28.1591],[153.106,-28.1566],[153.1104,-28.1364],[153.1062,-28.1284],[153.1048,-28.1168],[153.1062,-28.1123],[153.1022,-28.1029],[153.1038,-28.095],[153.098,-28.0921],[153.1002,-28.0808],[153.0962,-28.0753],[153.0976,-28.0609],[153.1218,-28.0372],[153.0744,-28.0299],[153.0787,-28.0093],[153.0785,-28.0036],[153.0864,-27.9912],[153.0867,-27.9865],[153.0938,-27.9766],[153.0992,-27.972],[153.0993,-27.9659],[153.0882,-27.9571],[153.0943,-27.9538],[153.0914,-27.9486],[153.0865,-27.9488],[153.091,-27.9363],[153.0884,-27.9309],[153.0905,-27.9257],[153.0955,-27.9239],[153.094,-27.9182],[153.1005,-27.9181],[153.1063,-27.9114],[153.1012,-27.9065],[153.0978,-27.8954],[153.104,-27.8812],[153.1007,-27.8722],[153.0941,-27.8712],[153.0961,-27.8608],[153.0798,-27.8572],[153.0745,-27.8498],[153.0675,-27.8608],[153.0718,-27.8648],[153.0659,-27.8743],[153.0581,-27.8789],[153.0503,-27.8806],[153.044,-27.8891],[153.0388,-27.8836],[153.0356,-27.8731],[153.0256,-27.8687],[153.0217,-27.8607],[153.0156,-27.8572],[153.0062,-27.8572],[153.0042,-27.8493],[152.9965,-27.8461],[152.9892,-27.8398],[152.9833,-27.8449],[152.9821,-27.8515],[152.9679,-27.8409],[152.9604,-27.8439],[152.9473,-27.844],[152.9383,-27.8407],[152.9258,-27.8381],[152.9336,-27.8297],[152.927,-27.8287],[152.932,-27.803],[152.9373,-27.7969],[152.9328,-27.7991],[152.907,-27.7961],[152.9061,-27.801],[152.8968,-27.7996],[152.8754,-27.8027],[152.8686,-27.793],[152.8615,-27.7934],[152.8589,-27.7904],[152.8417,-27.7836],[152.8236,-27.7811],[152.8218,-27.785],[152.8244,-27.7938],[152.8264,-27.815],[152.8164,-27.8136],[152.8141,-27.8262],[152.8041,-27.8248],[152.8004,-27.8349],[152.7932,-27.8339],[152.7895,-27.853],[152.7948,-27.8566],[152.7932,-27.8653],[152.7865,-27.8651],[152.7856,-27.8704],[152.7956,-27.8719],[152.7944,-27.8782],[152.7903,-27.8836],[152.7948,-27.8867],[152.7918,-27.896],[152.7969,-27.9004],[152.8106,-27.9039],[152.8193,-27.9007],[152.8355,-27.9038],[152.8345,-27.9099],[152.8485,-27.9118],[152.8676,-27.8823],[152.9037,-27.8873],[152.897,-27.8951],[152.8977,-27.903],[152.8943,-27.9082],[152.8827,-27.9085],[152.8768,-27.9124],[152.8822,-27.9167],[152.8788,-27.9224],[152.8795,-27.9289],[152.8766,-27.937],[152.8572,-27.9461],[152.8506,-27.9507],[152.8414,-27.9502],[152.8279,-27.9522],[152.818,-27.9561],[152.8134,-27.9612],[152.7985,-27.9654],[152.7967,-27.971],[152.7875,-27.9825],[152.7803,-27.9844],[152.7949,-28.0026],[152.7977,-28.0024],[152.8163,-28.0253],[152.7841,-28.0458],[152.7805,-28.0414],[152.7673,-28.05],[152.7764,-28.0611],[152.7703,-28.0642],[152.7541,-28.0615],[152.7474,-28.0915],[152.7468,-28.1039],[152.7185,-28.1226],[152.7277,-28.1278],[152.7357,-28.1367],[152.7464,-28.1405],[152.7374,-28.1465],[152.7471,-28.1458],[152.7513,-28.1481],[152.7622,-28.1485],[152.7612,-28.1531],[152.7735,-28.1611],[152.7965,-28.1623],[152.7964,-28.1668],[152.803,-28.1718],[152.8126,-28.1728],[152.8271,-28.1834],[152.8319,-28.1895],[152.8415,-28.1932],[152.8465,-28.1893],[152.8656,-28.1921],[152.8662,-28.1884],[152.8806,-28.1904],[152.8823,-28.2055],[152.9084,-28.2097],[152.9141,-28.225],[152.911,-28.2335],[152.9146,-28.2419],[152.9256,-28.2474],[152.924,-28.2555],[152.9359,-28.2571],[152.9364,-28.254],[152.9506,-28.256],[152.9478,-28.2728],[152.9575,-28.2742],[152.9538,-28.2786],[152.952,-28.2884],[152.9572,-28.2891],[152.9599,-28.3036],[152.9777,-28.304],[152.9845,-28.3095],[152.9815,-28.3258],[152.9889,-28.337],[152.9961,-28.34],[153.008,-28.3403],[153.009,-28.3357],[153.0205,-28.3371],[153.0251,-28.3312],[153.0365,-28.3332],[153.0389,-28.3228],[153.03,-28.3205],[153.0318,-28.3126],[153.0258,-28.3105],[153.052,-28.2995],[153.063,-28.3024],[153.0691,-28.3021],[153.07,-28.2969],[153.0789,-28.2986],[153.0783,-28.302],[153.0897,-28.3036],[153.0915,-28.294],[153.1006,-28.2926],[153.0959,-28.2816],[153.1002,-28.2689],[153.1046,-28.2697],[153.106,-28.2618],[153.1107,-28.2563],[153.098,-28.2523],[153.0965,-28.2447],[153.0981,-28.237],[153.093,-28.2303]]]}},{"type":"Feature","properties":{"pc":"4300"},"geometry":{"type":"Polygon","coordinates":[[[152.8747,-27.7463],[152.8828,-27.7473],[152.8907,-27.7036],[152.9172,-27.7073],[152.9237,-27.7073],[152.9316,-27.6661],[152.9247,-27.6577],[152.9358,-27.6454],[152.9386,-27.6402],[152.9417,-27.6265],[152.9341,-27.6139],[152.9229,-27.6069],[152.9089,-27.6064],[152.901,-27.6031],[152.8976,-27.6028],[152.8935,-27.5992],[152.8889,-27.5903],[152.8884,-27.5897],[152.8829,-27.5922],[152.8836,-27.5987],[152.8789,-27.6065],[152.8853,-27.6217],[152.8751,-27.6264],[152.8672,-27.6725],[152.8721,-27.6786],[152.8764,-27.6859],[152.8772,-27.6936],[152.8697,-27.6998],[152.8661,-27.7111],[152.8599,-27.7163],[152.8635,-27.7243],[152.8624,-27.7357],[152.8763,-27.7376],[152.8747,-27.7463]]]}},{"type":"Feature","properties":{"pc":"4303"},"geometry":{"type":"Polygon","coordinates":[[[152.8211,-27.6352],[152.8218,-27.6313],[152.8337,-27.6279],[152.843,-27.6296],[152.8424,-27.624],[152.8477,-27.6079],[152.8555,-27.6083],[152.8608,-27.598],[152.8564,-27.596],[152.8557,-27.5832],[152.8429,-27.5802],[152.828,-27.5787],[152.8157,-27.5794],[152.8142,-27.5828],[152.8239,-27.5891],[152.8295,-27.5904],[152.8278,-27.5987],[152.8315,-27.6028],[152.8279,-27.6111],[152.8189,-27.6257],[152.8138,-27.6318],[152.8211,-27.6352]]]}},{"type":"Feature","properties":{"pc":"4304"},"geometry":{"type":"Polygon","coordinates":[[[152.8138,-27.6318],[152.8189,-27.6257],[152.8279,-27.6111],[152.8315,-27.6028],[152.8278,-27.5987],[152.8295,-27.5904],[152.8239,-27.5891],[152.8142,-27.5828],[152.7975,-27.5825],[152.786,-27.5863],[152.7798,-27.5935],[152.7835,-27.6039],[152.7829,-27.6168],[152.7788,-27.6239],[152.7919,-27.6321],[152.7907,-27.6384],[152.7938,-27.6419],[152.7976,-27.6389],[152.8138,-27.6318]]]}},{"type":"Feature","properties":{"pc":"4305"},"geometry":{"type":"MultiPolygon","coordinates":[[[[152.7099,-27.8304],[152.7059,-27.8513],[152.7347,-27.8555],[152.7384,-27.8516],[152.7439,-27.8224],[152.7423,-27.8164],[152.7132,-27.8121],[152.7099,-27.8304]]],[[[152.7975,-27.5825],[152.7987,-27.5749],[152.7931,-27.5737],[152.7793,-27.5773],[152.7649,-27.5751],[152.7549,-27.5772],[152.7531,-27.5808],[152.7399,-27.5791],[152.7305,-27.5807],[152.7153,-27.5793],[152.7144,-27.5833],[152.7209,-27.595],[152.7279,-27.6029],[152.7211,-27.6105],[152.7128,-27.616],[152.7182,-27.6265],[152.7273,-27.6292],[152.7295,-27.6371],[152.7308,-27.6503],[152.7205,-27.6609],[152.7463,-27.6649],[152.7644,-27.6614],[152.7795,-27.6533],[152.8012,-27.6563],[152.8046,-27.6522],[152.7938,-27.6419],[152.7907,-27.6384],[152.7919,-27.6321],[152.7788,-27.6239],[152.7829,-27.6168],[152.7835,-27.6039],[152.7798,-27.5935],[152.786,-27.5863],[152.7975,-27.5825]]]]}},{"type":"Feature","properties":{"pc":"4306"},"geometry":{"type":"Polygon","coordinates":[[[152.8721,-27.6786],[152.8502,-27.6755],[152.836,-27.6719],[152.8376,-27.6569],[152.8234,-27.6516],[152.8248,-27.6417],[152.8211,-27.6352],[152.8138,-27.6318],[152.7976,-27.6389],[152.7938,-27.6419],[152.8046,-27.6522],[152.8012,-27.6563],[152.7795,-27.6533],[152.7644,-27.6614],[152.7463,-27.6649],[152.7205,-27.6609],[152.7308,-27.6503],[152.7295,-27.6371],[152.7273,-27.6292],[152.7182,-27.6265],[152.7128,-27.616],[152.7211,-27.6105],[152.7279,-27.6029],[152.7209,-27.595],[152.7144,-27.5833],[152.7153,-27.5793],[152.7305,-27.5807],[152.7399,-27.5791],[152.7531,-27.5808],[152.7549,-27.5772],[152.7649,-27.5751],[152.7793,-27.5773],[152.7931,-27.5737],[152.7987,-27.5749],[152.7975,-27.5825],[152.8142,-27.5828],[152.8157,-27.5794],[152.828,-27.5787],[152.8429,-27.5802],[152.8557,-27.5832],[152.849,-27.5646],[152.8495,-27.5548],[152.8527,-27.5427],[152.846,-27.5281],[152.8493,-27.5258],[152.8412,-27.5157],[152.8435,-27.5095],[152.8428,-27.4965],[152.8378,-27.4925],[152.8288,-27.4911],[152.8153,-27.4819],[152.8104,-27.474],[152.8101,-27.4635],[152.8236,-27.4566],[152.8225,-27.451],[152.8276,-27.4436],[152.8253,-27.4384],[152.8285,-27.4326],[152.8241,-27.4241],[152.8171,-27.4196],[152.806,-27.4167],[152.7987,-27.4051],[152.7756,-27.4017],[152.7756,-27.3891],[152.7696,-27.3789],[152.7623,-27.3717],[152.7615,-27.3618],[152.7629,-27.3546],[152.7718,-27.35],[152.7719,-27.3432],[152.7676,-27.335],[152.7595,-27.3303],[152.7547,-27.3331],[152.7489,-27.3323],[152.7505,-27.3204],[152.7491,-27.3132],[152.756,-27.3098],[152.7568,-27.3007],[152.7536,-27.295],[152.7393,-27.2937],[152.7351,-27.297],[152.7176,-27.2927],[152.7131,-27.2896],[152.7072,-27.2922],[152.7046,-27.277],[152.6905,-27.2744],[152.6836,-27.2716],[152.6816,-27.2638],[152.6818,-27.254],[152.6874,-27.249],[152.6927,-27.2404],[152.6909,-27.2359],[152.7012,-27.2285],[152.686,-27.2265],[152.6843,-27.2364],[152.6736,-27.235],[152.6767,-27.2163],[152.6674,-27.2151],[152.6649,-27.2298],[152.6561,-27.2286],[152.6491,-27.225],[152.6524,-27.2052],[152.6481,-27.2046],[152.6448,-27.2274],[152.6443,-27.2398],[152.647,-27.2435],[152.6329,-27.2441],[152.6314,-27.2543],[152.6248,-27.2578],[152.6166,-27.2566],[152.6149,-27.2651],[152.6108,-27.272],[152.5985,-27.2821],[152.5962,-27.2977],[152.5888,-27.3042],[152.5966,-27.308],[152.598,-27.3149],[152.6091,-27.3217],[152.6141,-27.3317],[152.6174,-27.31],[152.6218,-27.3119],[152.6257,-27.3183],[152.6257,-27.3252],[152.6346,-27.3211],[152.6407,-27.3246],[152.6408,-27.3307],[152.6319,-27.3321],[152.6357,-27.344],[152.6301,-27.3502],[152.6239,-27.365],[152.6312,-27.3796],[152.6382,-27.381],[152.6413,-27.387],[152.639,-27.4046],[152.6346,-27.409],[152.6252,-27.4039],[152.6124,-27.4102],[152.6069,-27.4089],[152.6056,-27.4272],[152.6021,-27.4352],[152.5952,-27.4441],[152.5916,-27.4535],[152.5896,-27.4645],[152.5913,-27.4687],[152.5992,-27.4673],[152.6034,-27.4725],[152.6009,-27.4903],[152.5964,-27.4888],[152.5947,-27.4979],[152.5853,-27.5002],[152.5811,-27.5196],[152.5773,-27.527],[152.5802,-27.5293],[152.6073,-27.5332],[152.6114,-27.5354],[152.609,-27.5484],[152.6166,-27.5495],[152.612,-27.5667],[152.6129,-27.5725],[152.5999,-27.5787],[152.6052,-27.5874],[152.5979,-27.5909],[152.5963,-27.5992],[152.6053,-27.6006],[152.6099,-27.6083],[152.6169,-27.6126],[152.6101,-27.6159],[152.6193,-27.6324],[152.6152,-27.6369],[152.6216,-27.6439],[152.6208,-27.648],[152.6363,-27.6481],[152.6528,-27.6367],[152.6579,-27.6303],[152.6685,-27.6322],[152.6748,-27.6584],[152.6706,-27.6684],[152.6549,-27.6662],[152.6476,-27.7055],[152.6674,-27.7084],[152.6712,-27.7033],[152.6826,-27.7049],[152.6793,-27.7174],[152.6788,-27.7258],[152.674,-27.7305],[152.6748,-27.7345],[152.6833,-27.7382],[152.6883,-27.7431],[152.6856,-27.7548],[152.6914,-27.7615],[152.6843,-27.7671],[152.6862,-27.7761],[152.6945,-27.7773],[152.6924,-27.7891],[152.6965,-27.7897],[152.6938,-27.8041],[152.7027,-27.8054],[152.7073,-27.8112],[152.7132,-27.8121],[152.7423,-27.8164],[152.7439,-27.8224],[152.7384,-27.8516],[152.7347,-27.8555],[152.7509,-27.858],[152.7567,-27.8536],[152.7885,-27.8582],[152.7895,-27.853],[152.7932,-27.8339],[152.8004,-27.8349],[152.8041,-27.8248],[152.8141,-27.8262],[152.8164,-27.8136],[152.8264,-27.815],[152.8244,-27.7938],[152.8218,-27.785],[152.8114,-27.7868],[152.8033,-27.7856],[152.808,-27.7586],[152.8114,-27.7549],[152.8223,-27.7564],[152.8282,-27.7527],[152.8293,-27.7468],[152.8346,-27.7476],[152.836,-27.7557],[152.8435,-27.7553],[152.8568,-27.7573],[152.858,-27.7511],[152.8733,-27.7534],[152.8747,-27.7463],[152.8763,-27.7376],[152.8624,-27.7357],[152.8635,-27.7243],[152.8599,-27.7163],[152.8661,-27.7111],[152.8697,-27.6998],[152.8772,-27.6936],[152.8764,-27.6859],[152.8721,-27.6786]]]}},{"type":"Feature","properties":{"pc":"4350"},"geometry":{"type":"Polygon","coordinates":[[[151.7475,-27.6238],[151.8041,-27.6422],[151.8063,-27.6298],[151.821,-27.6334],[151.8551,-27.638],[151.8564,-27.6308],[151.8747,-27.6334],[151.8736,-27.6355],[151.899,-27.6391],[151.9069,-27.641],[151.9053,-27.6508],[151.9111,-27.6499],[151.9228,-27.6515],[151.9248,-27.6388],[151.9366,-27.6403],[151.9344,-27.6437],[151.949,-27.6463],[151.9489,-27.6362],[151.9421,-27.6321],[151.9426,-27.6234],[151.9482,-27.6176],[151.9606,-27.6209],[151.9673,-27.6197],[151.978,-27.6212],[151.9788,-27.6159],[151.9735,-27.6152],[151.9742,-27.6092],[151.9827,-27.6102],[151.9894,-27.608],[151.9909,-27.599],[151.9949,-27.5995],[151.9972,-27.586],[152.012,-27.5839],[152.0168,-27.5797],[152.0037,-27.5772],[151.9962,-27.5807],[152.0005,-27.5569],[152.0047,-27.5485],[151.9935,-27.5487],[151.9947,-27.541],[151.9882,-27.536],[151.9913,-27.5307],[151.9984,-27.5258],[151.986,-27.5214],[151.9701,-27.518],[151.9648,-27.5245],[151.9588,-27.5224],[151.9552,-27.5143],[151.9663,-27.5082],[151.9679,-27.503],[151.9659,-27.4877],[151.9523,-27.4891],[151.9396,-27.5039],[151.9246,-27.5012],[151.9226,-27.496],[151.9141,-27.4932],[151.911,-27.4951],[151.9086,-27.5138],[151.8847,-27.5106],[151.8823,-27.5248],[151.8693,-27.5231],[151.8702,-27.5187],[151.8647,-27.5112],[151.8699,-27.5072],[151.8712,-27.4993],[151.8583,-27.4973],[151.8472,-27.4924],[151.8453,-27.4925],[151.8412,-27.5165],[151.8362,-27.5111],[151.8182,-27.505],[151.8151,-27.525],[151.806,-27.5209],[151.7791,-27.5328],[151.7729,-27.5309],[151.7759,-27.5422],[151.7756,-27.5484],[151.7688,-27.5864],[151.7452,-27.5833],[151.7416,-27.6036],[151.7358,-27.6028],[151.7323,-27.6187],[151.7475,-27.6238]]]}},{"type":"Feature","properties":{"pc":"4370"},"geometry":{"type":"MultiPolygon","coordinates":[[[[152.2439,-28.2592],[152.2463,-28.2449],[152.2336,-28.2433],[152.2143,-28.2318],[152.1731,-28.2262],[152.1753,-28.2134],[152.167,-28.2133],[152.1697,-28.1981],[152.1634,-28.197],[152.1567,-28.1795],[152.1552,-28.1718],[152.21,-28.1791],[152.213,-28.1827],[152.2356,-28.1708],[152.2293,-28.1617],[152.2216,-28.1574],[152.2226,-28.1478],[152.2338,-28.15],[152.2454,-28.1505],[152.2476,-28.1455],[152.2512,-28.1231],[152.2612,-28.1246],[152.2868,-28.1132],[152.2984,-28.1155],[152.3327,-28.108],[152.3386,-28.0979],[152.3659,-28.1017],[152.3664,-28.0993],[152.3796,-28.1011],[152.3816,-28.0898],[152.4016,-28.0936],[152.4091,-28.0914],[152.4094,-28.0811],[152.4164,-28.081],[152.4163,-28.0697],[152.4024,-28.0653],[152.39,-28.0591],[152.395,-28.049],[152.3943,-28.0438],[152.3885,-28.0363],[152.3903,-28.0309],[152.3828,-28.0244],[152.3749,-28.0123],[152.378,-27.9992],[152.3779,-27.9918],[152.3388,-27.9865],[152.3356,-27.998],[152.319,-27.9972],[152.3125,-27.9942],[152.2994,-27.9977],[152.2939,-27.9937],[152.2803,-28.0012],[152.2715,-28.009],[152.2548,-28.0093],[152.2457,-28.0155],[152.2375,-28.0274],[152.2281,-28.0354],[152.2182,-28.0331],[152.2078,-28.0351],[152.2008,-28.0338],[152.1931,-28.0378],[152.1817,-28.0399],[152.1751,-28.0469],[152.1634,-28.046],[152.1552,-28.049],[152.1428,-28.048],[152.1329,-28.0506],[152.1321,-28.0549],[152.1235,-28.0548],[152.1171,-28.062],[152.1072,-28.0661],[152.1048,-28.08],[152.089,-28.0778],[152.0877,-28.0849],[152.0824,-28.0842],[152.0775,-28.0877],[152.0602,-28.0882],[152.059,-28.0861],[152.0469,-28.0918],[152.0448,-28.0883],[152.0009,-28.1008],[152.0063,-28.1159],[152.0001,-28.1129],[151.9706,-28.12],[151.9661,-28.1159],[151.9572,-28.1191],[151.9526,-28.1162],[151.9064,-28.1097],[151.897,-28.1046],[151.8907,-28.0969],[151.8896,-28.089],[151.8969,-28.0864],[151.8992,-28.0745],[151.8667,-28.0729],[151.8445,-28.0559],[151.8206,-28.0433],[151.815,-28.0411],[151.809,-28.0477],[151.7911,-28.0527],[151.7755,-28.0582],[151.7611,-28.0563],[151.7541,-28.0615],[151.7433,-28.0564],[151.7351,-28.0574],[151.7239,-28.0449],[151.7099,-28.0393],[151.682,-28.0351],[151.6743,-28.0404],[151.6743,-28.0479],[151.6798,-28.0535],[151.6763,-28.0578],[151.6702,-28.0563],[151.669,-28.0669],[151.666,-28.0676],[151.6653,-28.0784],[151.6397,-28.0757],[151.6364,-28.0954],[151.6231,-28.0948],[151.6149,-28.0997],[151.6126,-28.104],[151.6272,-28.1056],[151.6168,-28.1619],[151.6961,-28.173],[151.7023,-28.1782],[151.6962,-28.1834],[151.6877,-28.1948],[151.6847,-28.2066],[151.691,-28.2193],[151.6633,-28.2154],[151.6598,-28.2347],[151.6606,-28.2381],[151.6427,-28.2802],[151.6406,-28.2865],[151.648,-28.2935],[151.6532,-28.3016],[151.6653,-28.3033],[151.6692,-28.3009],[151.6784,-28.3012],[151.6834,-28.3095],[151.6938,-28.3127],[151.7019,-28.3197],[151.7064,-28.3261],[151.7036,-28.3311],[151.7101,-28.3378],[151.7077,-28.3415],[151.6965,-28.3473],[151.6934,-28.3516],[151.6985,-28.3641],[151.6995,-28.351],[151.7081,-28.3454],[151.7201,-28.3333],[151.7233,-28.315],[151.726,-28.306],[151.7439,-28.3005],[151.7518,-28.3017],[151.7557,-28.2977],[151.766,-28.2944],[151.771,-28.2872],[151.7827,-28.2873],[151.7902,-28.2837],[151.7935,-28.2647],[151.8079,-28.2662],[151.8066,-28.2736],[151.824,-28.2764],[151.8261,-28.2619],[151.8282,-28.2575],[151.835,-28.2571],[151.8416,-28.2597],[151.8432,-28.2654],[151.8552,-28.267],[151.846,-28.2776],[151.8482,-28.2846],[151.8548,-28.2835],[151.8396,-28.3733],[151.8678,-28.3773],[151.8688,-28.3716],[151.9016,-28.3763],[151.9,-28.3856],[151.9088,-28.3884],[151.9134,-28.3853],[151.9223,-28.3907],[151.9324,-28.3921],[151.9332,-28.3878],[151.9615,-28.3918],[151.963,-28.3835],[151.9852,-28.3865],[151.9824,-28.4023],[151.9974,-28.4044],[151.9955,-28.4144],[151.9909,-28.4139],[151.9888,-28.4252],[152.0104,-28.4281],[152.0185,-28.4317],[152.0251,-28.4174],[152.0368,-28.4191],[152.0435,-28.4312],[152.038,-28.437],[152.0404,-28.4439],[152.0462,-28.4488],[152.0438,-28.4621],[152.0507,-28.4631],[152.0483,-28.4773],[152.0569,-28.4763],[152.0672,-28.4806],[152.0697,-28.4685],[152.0798,-28.4706],[152.091,-28.4684],[152.1067,-28.4631],[152.1159,-28.4631],[152.1212,-28.4626],[152.1279,-28.4539],[152.1354,-28.4522],[152.142,-28.4424],[152.1463,-28.4393],[152.1545,-28.438],[152.1564,-28.4346],[152.1647,-28.4326],[152.1863,-28.4386],[152.1902,-28.434],[152.2047,-28.4381],[152.2074,-28.4437],[152.2172,-28.4491],[152.2216,-28.4448],[152.231,-28.4296],[152.2381,-28.4235],[152.2392,-28.4179],[152.249,-28.4115],[152.2624,-28.3973],[152.2619,-28.3893],[152.255,-28.378],[152.2484,-28.3726],[152.2394,-28.3735],[152.2387,-28.3633],[152.2409,-28.3505],[152.249,-28.3451],[152.2489,-28.3362],[152.2433,-28.3376],[152.2342,-28.3375],[152.2187,-28.3333],[152.2115,-28.3248],[152.2159,-28.3006],[152.2097,-28.2969],[152.2122,-28.2822],[152.2262,-28.2839],[152.2301,-28.2877],[152.2411,-28.2771],[152.2439,-28.2592]]],[[[152.4589,-28.2268],[152.4566,-28.2171],[152.4591,-28.2082],[152.4522,-28.2047],[152.4394,-28.2041],[152.4335,-28.2065],[152.4265,-28.2131],[152.4246,-28.2226],[152.4183,-28.2228],[152.4172,-28.2299],[152.4071,-28.2256],[152.401,-28.2291],[152.3891,-28.2279],[152.3886,-28.2307],[152.3745,-28.2288],[152.3679,-28.2262],[152.3629,-28.2277],[152.3533,-28.2221],[152.3486,-28.2221],[152.3401,-28.2276],[152.3318,-28.23],[152.3301,-28.2411],[152.3222,-28.2399],[152.32,-28.2521],[152.3005,-28.2491],[152.2993,-28.2554],[152.2925,-28.2603],[152.2757,-28.2579],[152.2745,-28.2641],[152.2673,-28.2645],[152.2633,-28.2874],[152.2608,-28.3067],[152.2706,-28.3107],[152.301,-28.3171],[152.301,-28.3049],[152.3229,-28.3078],[152.3219,-28.3146],[152.332,-28.3158],[152.3337,-28.3055],[152.3441,-28.3032],[152.3493,-28.28],[152.3622,-28.2817],[152.3631,-28.2756],[152.3744,-28.277],[152.3774,-28.2724],[152.3855,-28.2734],[152.3867,-28.2658],[152.4017,-28.2678],[152.4044,-28.2501],[152.4301,-28.2532],[152.4383,-28.255],[152.4398,-28.246],[152.4466,-28.2468],[152.4453,-28.2549],[152.4537,-28.2615],[152.4567,-28.2392],[152.4665,-28.2405],[152.4695,-28.2321],[152.4699,-28.2289],[152.4589,-28.2268]]]]}},{"type":"Feature","properties":{"pc":"4502"},"geometry":{"type":"Polygon","coordinates":[[[152.9935,-27.2677],[152.9778,-27.2629],[152.975,-27.2589],[152.9763,-27.2506],[152.9721,-27.2474],[152.9605,-27.2525],[152.9623,-27.2568],[152.9558,-27.2624],[152.9564,-27.267],[152.9606,-27.2766],[152.965,-27.2776],[152.9664,-27.2709],[152.9768,-27.2748],[152.9856,-27.2753],[152.9938,-27.2732],[152.9935,-27.2677]]]}},{"type":"Feature","properties":{"pc":"4503"},"geometry":{"type":"Polygon","coordinates":[[[153.0786,-27.2645],[153.0704,-27.2657],[153.0566,-27.2611],[153.0549,-27.2554],[153.0477,-27.2504],[153.0421,-27.2549],[153.0341,-27.2574],[153.0289,-27.2522],[153.0181,-27.2487],[153.0056,-27.2364],[152.9985,-27.2217],[152.9919,-27.2118],[152.979,-27.2124],[152.9747,-27.2151],[152.9671,-27.2152],[152.9626,-27.2047],[152.9553,-27.2055],[152.9446,-27.2041],[152.9458,-27.1976],[152.9177,-27.1936],[152.9059,-27.1937],[152.9023,-27.1913],[152.8874,-27.1892],[152.8866,-27.1933],[152.8624,-27.1894],[152.8619,-27.1924],[152.8726,-27.1938],[152.8736,-27.1993],[152.8801,-27.2012],[152.883,-27.2055],[152.8896,-27.2064],[152.8881,-27.2154],[152.891,-27.2195],[152.8858,-27.223],[152.8867,-27.229],[152.8958,-27.2427],[152.8964,-27.2529],[152.9029,-27.2599],[152.8971,-27.2632],[152.8971,-27.2679],[152.9105,-27.2661],[152.9223,-27.2734],[152.9327,-27.2637],[152.9423,-27.262],[152.9462,-27.2567],[152.9564,-27.267],[152.9558,-27.2624],[152.9623,-27.2568],[152.9605,-27.2525],[152.9721,-27.2474],[152.9763,-27.2506],[152.975,-27.2589],[152.9778,-27.2629],[152.9935,-27.2677],[153.0016,-27.2706],[153.0026,-27.2774],[153.0158,-27.2875],[153.0309,-27.2984],[153.0355,-27.2971],[153.0351,-27.2867],[153.0408,-27.2795],[153.0496,-27.2787],[153.0662,-27.2813],[153.0786,-27.2645]]]}},{"type":"Feature","properties":{"pc":"4505"},"geometry":{"type":"Polygon","coordinates":[[[152.9837,-27.1787],[152.9817,-27.1718],[152.9945,-27.1733],[153.0052,-27.1606],[153.019,-27.1637],[153.0269,-27.1614],[153.0324,-27.1547],[153.0362,-27.1575],[153.0415,-27.1538],[153.043,-27.1514],[153.0358,-27.1515],[153.0332,-27.1464],[153.0361,-27.1372],[153.033,-27.1276],[153.0248,-27.1259],[153.0209,-27.1224],[153.0177,-27.1093],[153.0082,-27.1156],[153.003,-27.1137],[152.9981,-27.1161],[152.9877,-27.113],[152.983,-27.1213],[152.9769,-27.1205],[152.9773,-27.127],[152.9596,-27.1247],[152.9608,-27.1342],[152.9596,-27.1427],[152.9451,-27.1406],[152.9429,-27.1525],[152.9357,-27.151],[152.9246,-27.1544],[152.9177,-27.1695],[152.922,-27.1753],[152.9284,-27.1722],[152.9353,-27.1647],[152.9424,-27.1639],[152.9508,-27.1675],[152.9552,-27.167],[152.9526,-27.1803],[152.9549,-27.184],[152.965,-27.1836],[152.9834,-27.1863],[152.9837,-27.1787]]]}},{"type":"Feature","properties":{"pc":"4507"},"geometry":{"type":"Polygon","coordinates":[[[153.1945,-27.0504],[153.1802,-27.0276],[153.1681,-27.0017],[153.1574,-26.973],[153.1415,-26.9184],[153.1322,-26.8823],[153.1305,-26.8718],[153.1305,-26.8602],[153.1289,-26.8456],[153.1249,-26.8464],[153.1289,-26.8581],[153.1271,-26.8594],[153.1273,-26.8717],[153.1236,-26.8811],[153.1179,-26.8827],[153.1137,-26.8877],[153.1008,-26.8958],[153.0837,-26.9023],[153.0777,-26.9069],[153.0752,-26.9196],[153.0829,-26.9279],[153.0833,-26.9369],[153.0905,-26.9433],[153.086,-26.9551],[153.0793,-26.9607],[153.0799,-26.9697],[153.077,-26.9786],[153.0837,-26.9865],[153.0906,-26.9886],[153.0971,-26.9993],[153.0992,-27.0143],[153.1091,-27.0216],[153.1192,-27.0271],[153.1251,-27.0344],[153.1317,-27.0359],[153.1353,-27.0541],[153.1467,-27.0675],[153.1552,-27.0726],[153.1602,-27.0902],[153.1677,-27.1],[153.1764,-27.1002],[153.1978,-27.0963],[153.2022,-27.0873],[153.2076,-27.0817],[153.2049,-27.0684],[153.1997,-27.0574],[153.1945,-27.0504]]]}},{"type":"Feature","properties":{"pc":"4509"},"geometry":{"type":"Polygon","coordinates":[[[153.0321,-27.2076],[153.0301,-27.2101],[153.0159,-27.208],[153.012,-27.2032],[153.0042,-27.2021],[152.9979,-27.2087],[152.9919,-27.2118],[152.9985,-27.2217],[153.0056,-27.2364],[153.0181,-27.2487],[153.0289,-27.2522],[153.0341,-27.2574],[153.0421,-27.2549],[153.0477,-27.2504],[153.0549,-27.2554],[153.0566,-27.2611],[153.0704,-27.2657],[153.0786,-27.2645],[153.0725,-27.2616],[153.0693,-27.2568],[153.0668,-27.2468],[153.0616,-27.2371],[153.0559,-27.2347],[153.0586,-27.2286],[153.0528,-27.2266],[153.0456,-27.2282],[153.0422,-27.2219],[153.0366,-27.2185],[153.0321,-27.2076]]]}},{"type":"Feature","properties":{"pc":"4510"},"geometry":{"type":"MultiPolygon","coordinates":[[[[153.0428,-26.9694],[153.046,-26.9743],[153.0449,-26.9803],[153.0482,-26.9837],[153.0348,-26.9906],[153.0291,-27.0151],[153.0255,-27.0171],[153.0236,-27.0279],[153.003,-27.0402],[152.9894,-27.0398],[152.9758,-27.0408],[152.9612,-27.0454],[152.9334,-27.0413],[152.9301,-27.0302],[152.9016,-27.0261],[152.8975,-27.0399],[152.9035,-27.0458],[152.897,-27.0538],[152.8908,-27.0552],[152.8881,-27.0708],[152.8811,-27.073],[152.879,-27.0814],[152.8712,-27.0797],[152.8592,-27.0742],[152.8583,-27.0791],[152.8467,-27.0797],[152.8452,-27.0891],[152.8361,-27.088],[152.8268,-27.0831],[152.8192,-27.0865],[152.8169,-27.0972],[152.8086,-27.0995],[152.8073,-27.1081],[152.8202,-27.1101],[152.8194,-27.114],[152.8289,-27.1158],[152.8304,-27.1216],[152.8286,-27.1307],[152.8359,-27.1327],[152.8511,-27.1397],[152.8593,-27.1392],[152.8669,-27.1413],[152.8652,-27.1255],[152.8844,-27.1263],[152.8917,-27.1396],[152.906,-27.1344],[152.9065,-27.1269],[152.9177,-27.1206],[152.9202,-27.1173],[152.9272,-27.119],[152.9306,-27.1139],[152.9223,-27.1127],[152.9203,-27.1088],[152.9234,-27.103],[152.9353,-27.099],[152.9484,-27.1016],[152.949,-27.0974],[152.9677,-27.0991],[152.975,-27.0902],[152.9865,-27.1],[152.9911,-27.0983],[152.9951,-27.1047],[153.0014,-27.1029],[153.0084,-27.108],[153.003,-27.1137],[153.0082,-27.1156],[153.0177,-27.1093],[153.0209,-27.1224],[153.0248,-27.1259],[153.033,-27.1276],[153.0361,-27.1372],[153.0332,-27.1464],[153.0358,-27.1515],[153.043,-27.1514],[153.0484,-27.1446],[153.0556,-27.1282],[153.0637,-27.1142],[153.069,-27.1093],[153.0926,-27.0962],[153.0858,-27.0953],[153.0858,-27.0836],[153.0523,-27.0805],[153.0503,-27.0934],[153.0361,-27.0905],[153.0355,-27.0837],[153.0254,-27.0806],[153.0289,-27.0682],[153.028,-27.0618],[153.0366,-27.063],[153.0398,-27.0448],[153.0461,-27.0458],[153.0456,-27.0505],[153.0531,-27.0506],[153.0604,-27.0553],[153.0635,-27.0481],[153.0716,-27.0534],[153.0792,-27.0537],[153.0867,-27.057],[153.096,-27.0548],[153.1065,-27.0579],[153.1126,-27.0529],[153.1051,-27.0433],[153.1027,-27.035],[153.0937,-27.0275],[153.0837,-27.0224],[153.0857,-27.018],[153.0727,-27.0098],[153.0714,-27.0003],[153.0637,-26.9966],[153.0686,-26.9933],[153.0699,-26.9883],[153.0663,-26.9837],[153.0551,-26.9804],[153.0428,-26.9694]]],[[[153.0855,-27.0073],[153.0805,-27.0013],[153.0773,-27.0092],[153.0855,-27.0073]]]]}},{"type":"Feature","properties":{"pc":"4520"},"geometry":{"type":"Polygon","coordinates":[[[152.9234,-27.4342],[152.9044,-27.4319],[152.9035,-27.4213],[152.8976,-27.4151],[152.9042,-27.3822],[152.9101,-27.3725],[152.9197,-27.3649],[152.9275,-27.3623],[152.9263,-27.3509],[152.911,-27.3435],[152.9117,-27.3394],[152.9025,-27.3381],[152.9002,-27.3352],[152.889,-27.3373],[152.8903,-27.3297],[152.8852,-27.3288],[152.8774,-27.3232],[152.878,-27.3155],[152.8842,-27.3123],[152.8747,-27.308],[152.8646,-27.3067],[152.8678,-27.2897],[152.8665,-27.2847],[152.8763,-27.2736],[152.8765,-27.2685],[152.8853,-27.2607],[152.8887,-27.2537],[152.8971,-27.2632],[152.9029,-27.2599],[152.8964,-27.2529],[152.8958,-27.2427],[152.8867,-27.229],[152.8799,-27.2245],[152.8686,-27.226],[152.8647,-27.2199],[152.8559,-27.2204],[152.8524,-27.217],[152.8468,-27.224],[152.8409,-27.2228],[152.838,-27.2177],[152.8301,-27.2158],[152.8266,-27.2192],[152.8199,-27.2137],[152.8082,-27.208],[152.8024,-27.1999],[152.8043,-27.1943],[152.793,-27.1894],[152.7887,-27.1946],[152.7806,-27.1988],[152.7707,-27.1953],[152.761,-27.2082],[152.7529,-27.2107],[152.7508,-27.2228],[152.7453,-27.2326],[152.7483,-27.2352],[152.7458,-27.2495],[152.7486,-27.2504],[152.7494,-27.26],[152.7589,-27.2721],[152.7598,-27.2806],[152.7536,-27.295],[152.7568,-27.3007],[152.756,-27.3098],[152.7491,-27.3132],[152.7505,-27.3204],[152.7489,-27.3323],[152.7547,-27.3331],[152.7595,-27.3303],[152.7676,-27.335],[152.7719,-27.3432],[152.7718,-27.35],[152.7629,-27.3546],[152.7615,-27.3618],[152.7623,-27.3717],[152.7696,-27.3789],[152.7756,-27.3891],[152.7756,-27.4017],[152.7987,-27.4051],[152.806,-27.4167],[152.8171,-27.4196],[152.8241,-27.4241],[152.8285,-27.4326],[152.8253,-27.4384],[152.8276,-27.4436],[152.8388,-27.4469],[152.86,-27.4474],[152.8637,-27.4441],[152.8752,-27.4489],[152.8803,-27.4549],[152.8853,-27.4517],[152.8893,-27.4565],[152.9024,-27.4599],[152.909,-27.4562],[152.9173,-27.4571],[152.9202,-27.4599],[152.9263,-27.4586],[152.9258,-27.4529],[152.9311,-27.4458],[152.9271,-27.443],[152.9234,-27.4342]]]}},{"type":"Feature","properties":{"pc":"4551"},"geometry":{"type":"Polygon","coordinates":[[[153.1096,-26.8437],[153.1149,-26.8417],[153.1219,-26.8261],[153.123,-26.8099],[153.1288,-26.8056],[153.1358,-26.8091],[153.1427,-26.8031],[153.1513,-26.8023],[153.1487,-26.7916],[153.1436,-26.7899],[153.1391,-26.7821],[153.1368,-26.7649],[153.1199,-26.765],[153.1108,-26.7533],[153.1117,-26.7466],[153.1169,-26.7367],[153.1125,-26.7358],[153.1098,-26.7298],[153.1043,-26.7335],[153.1043,-26.7417],[153.1007,-26.7437],[153.09,-26.7406],[153.0829,-26.7456],[153.0789,-26.7531],[153.0684,-26.7552],[153.065,-26.7599],[153.0559,-26.7666],[153.0448,-26.7686],[153.0433,-26.7769],[153.0456,-26.7899],[153.0366,-26.8193],[153.0314,-26.8424],[153.0279,-26.8499],[153.0341,-26.8523],[153.0544,-26.853],[153.0651,-26.8445],[153.0783,-26.8447],[153.0937,-26.8533],[153.1001,-26.8464],[153.1096,-26.8437]]]}},{"type":"Feature","properties":{"pc":"4552"},"geometry":{"type":"Polygon","coordinates":[[[152.8172,-26.836],[152.8268,-26.834],[152.8356,-26.8348],[152.8418,-26.8284],[152.839,-26.8178],[152.829,-26.8084],[152.8326,-26.7991],[152.8393,-26.7976],[152.8427,-26.7936],[152.8412,-26.7879],[152.8476,-26.785],[152.859,-26.7867],[152.8595,-26.7836],[152.8848,-26.7871],[152.8899,-26.7848],[152.8879,-26.7973],[152.8816,-26.8091],[152.8974,-26.8125],[152.8984,-26.8066],[152.9055,-26.8075],[152.9063,-26.8023],[152.9137,-26.8031],[152.9164,-26.8089],[152.9232,-26.8097],[152.9277,-26.8023],[152.9292,-26.7846],[152.9349,-26.7781],[152.936,-26.7673],[152.9247,-26.7728],[152.9142,-26.7689],[152.9156,-26.7614],[152.9194,-26.7544],[152.902,-26.7525],[152.9027,-26.7503],[152.9016,-26.7479],[152.9043,-26.7329],[152.8999,-26.7286],[152.8991,-26.7167],[152.8873,-26.7152],[152.8889,-26.7054],[152.8834,-26.7047],[152.8844,-26.6987],[152.8699,-26.6946],[152.8704,-26.6863],[152.857,-26.6845],[152.8533,-26.6884],[152.845,-26.6773],[152.8158,-26.6727],[152.8143,-26.6804],[152.7918,-26.6776],[152.7962,-26.6708],[152.7826,-26.6689],[152.7807,-26.6793],[152.7739,-26.6779],[152.7687,-26.6725],[152.7643,-26.6792],[152.7563,-26.6772],[152.7582,-26.6673],[152.7535,-26.66],[152.7489,-26.659],[152.7413,-26.6493],[152.7368,-26.6605],[152.7303,-26.6597],[152.7232,-26.6438],[152.716,-26.6393],[152.7154,-26.6351],[152.7055,-26.6352],[152.6978,-26.6236],[152.694,-26.6218],[152.6845,-26.6267],[152.6818,-26.6221],[152.6751,-26.6224],[152.6738,-26.6185],[152.6657,-26.6162],[152.6637,-26.6291],[152.6579,-26.6263],[152.6522,-26.6298],[152.6479,-26.6358],[152.6446,-26.6518],[152.6369,-26.6513],[152.6296,-26.659],[152.6283,-26.6755],[152.6349,-26.6707],[152.6512,-26.6728],[152.652,-26.6687],[152.6605,-26.6698],[152.6561,-26.6991],[152.6486,-26.6913],[152.6344,-26.6916],[152.6309,-26.6963],[152.6326,-26.7085],[152.625,-26.7098],[152.6164,-26.7166],[152.6112,-26.7287],[152.6062,-26.7325],[152.6023,-26.7302],[152.597,-26.7336],[152.5868,-26.7335],[152.5833,-26.7404],[152.5908,-26.7472],[152.6001,-26.7518],[152.6025,-26.7579],[152.6172,-26.7595],[152.6195,-26.762],[152.6325,-26.7644],[152.6391,-26.7618],[152.6457,-26.7736],[152.6532,-26.7687],[152.6615,-26.7691],[152.6673,-26.773],[152.669,-26.7898],[152.6792,-26.7999],[152.6988,-26.803],[152.6965,-26.8091],[152.7091,-26.8111],[152.721,-26.8085],[152.733,-26.8149],[152.7392,-26.808],[152.7495,-26.8163],[152.7469,-26.8242],[152.7396,-26.8228],[152.7408,-26.83],[152.7526,-26.8408],[152.7635,-26.8465],[152.7662,-26.8316],[152.7699,-26.8334],[152.7906,-26.8362],[152.7889,-26.8454],[152.7968,-26.8417],[152.8042,-26.8427],[152.8051,-26.8363],[152.7978,-26.8353],[152.7993,-26.827],[152.8053,-26.8249],[152.8124,-26.8299],[152.8172,-26.836]]]}},{"type":"Feature","properties":{"pc":"4553"},"geometry":{"type":"Polygon","coordinates":[[[153.0165,-26.7418],[153.0117,-26.749],[153.0044,-26.7495],[153.0035,-26.7549],[152.9925,-26.7522],[152.9783,-26.7449],[152.9739,-26.7463],[152.9656,-26.7387],[152.9544,-26.7422],[152.9478,-26.7399],[152.945,-26.7449],[152.9345,-26.7469],[152.9274,-26.7419],[152.9218,-26.7411],[152.9204,-26.7487],[152.9119,-26.7447],[152.9027,-26.7503],[152.902,-26.7525],[152.9194,-26.7544],[152.9156,-26.7614],[152.9142,-26.7689],[152.9247,-26.7728],[152.936,-26.7673],[152.9349,-26.7781],[152.939,-26.7786],[152.9448,-26.7884],[152.9521,-26.7791],[152.964,-26.7764],[152.9759,-26.7795],[152.9793,-26.7733],[152.9963,-26.7746],[153.0118,-26.7741],[153.0091,-26.7825],[153.0229,-26.7843],[153.0222,-26.7931],[153.0331,-26.7971],[153.0456,-26.7899],[153.0433,-26.7769],[153.0448,-26.7686],[153.0559,-26.7666],[153.065,-26.7599],[153.0684,-26.7552],[153.0789,-26.7531],[153.0829,-26.7456],[153.09,-26.7406],[153.1007,-26.7437],[153.1043,-26.7417],[153.1043,-26.7335],[153.0869,-26.7306],[153.0836,-26.7363],[153.079,-26.7331],[153.0683,-26.7317],[153.0578,-26.7285],[153.056,-26.732],[153.033,-26.7354],[153.0316,-26.7439],[153.0165,-26.7418]]]}},{"type":"Feature","properties":{"pc":"4556"},"geometry":{"type":"Polygon","coordinates":[[[153.095,-26.6726],[153.0883,-26.6686],[153.0727,-26.6663],[153.0636,-26.662],[153.0569,-26.6629],[153.0457,-26.6615],[153.0475,-26.653],[153.0459,-26.6511],[153.0338,-26.652],[153.0241,-26.6629],[153.0125,-26.6658],[153.0022,-26.6624],[152.9975,-26.6697],[153.0019,-26.6793],[153.0051,-26.6908],[153.0111,-26.697],[153.0093,-26.7083],[153.0108,-26.7118],[153.0219,-26.7134],[153.0165,-26.7418],[153.0316,-26.7439],[153.033,-26.7354],[153.056,-26.732],[153.0578,-26.7285],[153.0683,-26.7317],[153.079,-26.7331],[153.0836,-26.7363],[153.0869,-26.7306],[153.1043,-26.7335],[153.1098,-26.7298],[153.1224,-26.7211],[153.1135,-26.7137],[153.1058,-26.7154],[153.0852,-26.7133],[153.0881,-26.6956],[153.1043,-26.6847],[153.0969,-26.6751],[153.095,-26.6726]]]}},{"type":"Feature","properties":{"pc":"4557"},"geometry":{"type":"Polygon","coordinates":[[[153.0969,-26.6751],[153.1043,-26.6847],[153.0881,-26.6956],[153.0852,-26.7133],[153.1058,-26.7154],[153.1135,-26.7137],[153.1195,-26.7069],[153.1147,-26.7045],[153.1147,-26.6964],[153.1205,-26.6909],[153.1219,-26.685],[153.1326,-26.6869],[153.1322,-26.6792],[153.1273,-26.6836],[153.1156,-26.6753],[153.0969,-26.6751]]]}},{"type":"Feature","properties":{"pc":"4558"},"geometry":{"type":"Polygon","coordinates":[[[153.1057,-26.6631],[153.1033,-26.6477],[153.1006,-26.6399],[153.0954,-26.6377],[153.0743,-26.6391],[153.0676,-26.6417],[153.0592,-26.6394],[153.055,-26.6407],[153.0532,-26.6534],[153.0475,-26.653],[153.0457,-26.6615],[153.0569,-26.6629],[153.0636,-26.662],[153.0727,-26.6663],[153.0883,-26.6686],[153.095,-26.6726],[153.095,-26.6693],[153.1057,-26.6631]]]}},{"type":"Feature","properties":{"pc":"4559"},"geometry":{"type":"Polygon","coordinates":[[[153.0019,-26.6793],[152.9975,-26.6697],[153.0022,-26.6624],[153.0125,-26.6658],[153.0241,-26.6629],[153.0338,-26.652],[153.0459,-26.6511],[153.0475,-26.653],[153.0532,-26.6534],[153.055,-26.6407],[153.0592,-26.6394],[153.0562,-26.6345],[153.0484,-26.637],[153.0453,-26.6339],[153.0383,-26.6343],[153.0288,-26.639],[153.0182,-26.6398],[153.0123,-26.6367],[152.9963,-26.6376],[152.9929,-26.6417],[152.9834,-26.647],[152.9788,-26.6441],[152.9655,-26.6409],[152.9554,-26.642],[152.9533,-26.6521],[152.9429,-26.6575],[152.9283,-26.6544],[152.9081,-26.6533],[152.9,-26.663],[152.8919,-26.6616],[152.8886,-26.6694],[152.9018,-26.6674],[152.9022,-26.6751],[152.9085,-26.674],[152.9104,-26.6791],[152.9171,-26.6779],[152.9251,-26.6705],[152.9487,-26.6695],[152.9634,-26.6714],[152.9645,-26.676],[152.9722,-26.6755],[152.9874,-26.6803],[153.0019,-26.6793]]]}},{"type":"Feature","properties":{"pc":"4560"},"geometry":{"type":"Polygon","coordinates":[[[152.8919,-26.6616],[152.9,-26.663],[152.9081,-26.6533],[152.9283,-26.6544],[152.9429,-26.6575],[152.9533,-26.6521],[152.9554,-26.642],[152.9655,-26.6409],[152.9788,-26.6441],[152.9834,-26.647],[152.9929,-26.6417],[152.9963,-26.6376],[153.0123,-26.6367],[153.0182,-26.6398],[153.0288,-26.639],[153.0383,-26.6343],[153.0453,-26.6339],[153.0484,-26.637],[153.0562,-26.6345],[153.0592,-26.6394],[153.0676,-26.6417],[153.071,-26.6203],[153.0765,-26.6088],[153.07,-26.6078],[153.0627,-26.6118],[153.0544,-26.6103],[153.0551,-26.599],[153.0654,-26.5877],[153.0661,-26.5821],[153.0464,-26.5793],[153.0443,-26.5907],[153.0398,-26.5899],[153.0398,-26.5985],[153.0348,-26.5993],[153.0241,-26.5962],[153.0169,-26.5965],[153.0095,-26.5935],[153.0015,-26.5932],[152.9959,-26.5962],[152.987,-26.595],[152.9891,-26.5816],[152.9461,-26.5748],[152.9447,-26.5821],[152.9307,-26.5799],[152.9354,-26.5526],[152.9322,-26.5532],[152.9251,-26.5444],[152.9298,-26.5387],[152.9314,-26.5292],[152.9242,-26.5248],[152.9177,-26.5268],[152.9175,-26.5167],[152.9086,-26.5055],[152.9014,-26.5045],[152.9033,-26.4943],[152.897,-26.4934],[152.8916,-26.4982],[152.8942,-26.5012],[152.8923,-26.5084],[152.8856,-26.5188],[152.8838,-26.5249],[152.87,-26.5282],[152.8643,-26.5271],[152.8619,-26.5366],[152.859,-26.5387],[152.8679,-26.5533],[152.8755,-26.5551],[152.8761,-26.5642],[152.883,-26.5717],[152.877,-26.5738],[152.8776,-26.586],[152.8674,-26.5864],[152.866,-26.5926],[152.8537,-26.6104],[152.8518,-26.6246],[152.8385,-26.6259],[152.8362,-26.646],[152.8489,-26.6478],[152.8387,-26.662],[152.8426,-26.6673],[152.8488,-26.6709],[152.845,-26.6773],[152.8533,-26.6884],[152.857,-26.6845],[152.8704,-26.6863],[152.8699,-26.6946],[152.8844,-26.6987],[152.8834,-26.7047],[152.8889,-26.7054],[152.8873,-26.7152],[152.8991,-26.7167],[152.8999,-26.7286],[152.9064,-26.7294],[152.9102,-26.7239],[152.9134,-26.7079],[152.9138,-26.699],[152.9116,-26.6915],[152.9066,-26.6883],[152.8916,-26.6871],[152.8912,-26.6821],[152.8815,-26.6777],[152.879,-26.6714],[152.8832,-26.6622],[152.8919,-26.6616]]]}},{"type":"Feature","properties":{"pc":"4564"},"geometry":{"type":"Polygon","coordinates":[[[153.0676,-26.6417],[153.0743,-26.6391],[153.0954,-26.6377],[153.1006,-26.6399],[153.102,-26.6154],[153.0985,-26.6053],[153.0975,-26.5956],[153.0979,-26.5765],[153.0924,-26.5733],[153.0795,-26.5734],[153.0792,-26.5756],[153.0643,-26.5738],[153.0661,-26.5821],[153.0654,-26.5877],[153.0551,-26.599],[153.0544,-26.6103],[153.0627,-26.6118],[153.07,-26.6078],[153.0765,-26.6088],[153.071,-26.6203],[153.0676,-26.6417]]]}},{"type":"Feature","properties":{"pc":"4567"},"geometry":{"type":"Polygon","coordinates":[[[153.1044,-26.4442],[153.1148,-26.3974],[153.1167,-26.3802],[153.1082,-26.3769],[153.1007,-26.3793],[153.0932,-26.3864],[153.0795,-26.3801],[153.074,-26.3846],[153.0735,-26.3908],[153.0819,-26.3965],[153.0819,-26.4062],[153.0724,-26.4114],[153.0768,-26.4238],[153.0865,-26.4245],[153.0889,-26.4358],[153.0994,-26.4357],[153.1048,-26.4376],[153.1044,-26.4442]]]}},{"type":"Feature","properties":{"pc":"4570"},"geometry":{"type":"Polygon","coordinates":[[[152.5752,-26.584],[152.5793,-26.5809],[152.5879,-26.5797],[152.5955,-26.5841],[152.6025,-26.5779],[152.6063,-26.5843],[152.6187,-26.5843],[152.6256,-26.582],[152.6437,-26.5862],[152.6526,-26.5902],[152.6603,-26.5971],[152.67,-26.5961],[152.6805,-26.5977],[152.6829,-26.5893],[152.681,-26.5839],[152.686,-26.577],[152.695,-26.5756],[152.6949,-26.5679],[152.7008,-26.5652],[152.7106,-26.5566],[152.7147,-26.5463],[152.7285,-26.537],[152.718,-26.5232],[152.7196,-26.5137],[152.7307,-26.5122],[152.7349,-26.4902],[152.7524,-26.4925],[152.7616,-26.4837],[152.7656,-26.482],[152.7654,-26.4758],[152.7577,-26.4754],[152.7572,-26.4688],[152.7481,-26.457],[152.7576,-26.4326],[152.778,-26.4355],[152.7831,-26.4398],[152.7939,-26.4412],[152.7953,-26.4326],[152.7911,-26.432],[152.7935,-26.4179],[152.7969,-26.4158],[152.7893,-26.4035],[152.7779,-26.4025],[152.7791,-26.3953],[152.769,-26.3939],[152.7683,-26.3855],[152.7707,-26.3726],[152.7653,-26.3724],[152.7721,-26.3457],[152.7831,-26.35],[152.7926,-26.3514],[152.7972,-26.3249],[152.8032,-26.3146],[152.8064,-26.3086],[152.8081,-26.2994],[152.8254,-26.2482],[152.8227,-26.2401],[152.8277,-26.2389],[152.8252,-26.2236],[152.8309,-26.2161],[152.8501,-26.2184],[152.853,-26.1984],[152.8764,-26.2012],[152.8848,-26.2072],[152.8925,-26.2165],[152.8974,-26.2107],[152.9037,-26.2072],[152.9223,-26.2094],[152.9226,-26.1987],[152.9339,-26.1966],[152.9401,-26.1984],[152.9453,-26.1921],[152.9566,-26.19],[152.9651,-26.1803],[152.9664,-26.1734],[152.9719,-26.1648],[152.9747,-26.1472],[152.9729,-26.143],[152.9657,-26.1392],[152.9605,-26.1313],[152.9509,-26.1267],[152.9432,-26.1193],[152.9456,-26.1135],[152.933,-26.0985],[152.9236,-26.1015],[152.9152,-26.0958],[152.909,-26.0984],[152.9057,-26.1056],[152.894,-26.1046],[152.8877,-26.0992],[152.8832,-26.0825],[152.8773,-26.0729],[152.8785,-26.0663],[152.878,-26.0525],[152.8688,-26.0451],[152.8712,-26.0413],[152.8787,-26.0413],[152.8833,-26.0309],[152.8822,-26.0196],[152.8961,-26.0189],[152.9042,-26.0153],[152.919,-26.0147],[152.9225,-26.0169],[152.9338,-26.0125],[152.9345,-26.0076],[152.9448,-26.0115],[152.9469,-26.0151],[152.9546,-26.0127],[152.9558,-26.0037],[152.9702,-26.0008],[152.9736,-25.9981],[152.9843,-25.9996],[152.9977,-26.0034],[152.9984,-25.9968],[152.9955,-25.9894],[152.9375,-25.9498],[152.9398,-25.9427],[152.9249,-25.9467],[152.919,-25.9511],[152.9107,-25.9489],[152.906,-25.9443],[152.9041,-25.9277],[152.9014,-25.9241],[152.8783,-25.9082],[152.8599,-25.9107],[152.8535,-25.9162],[152.8526,-25.9075],[152.8578,-25.8972],[152.8552,-25.8848],[152.8468,-25.8784],[152.8406,-25.8582],[152.8437,-25.8511],[152.8377,-25.8471],[152.8272,-25.8568],[152.8195,-25.8556],[152.8153,-25.8469],[152.808,-25.8448],[152.8022,-25.8384],[152.8019,-25.8282],[152.7975,-25.822],[152.7926,-25.8263],[152.7804,-25.832],[152.7684,-25.8334],[152.7621,-25.8378],[152.7626,-25.8496],[152.7661,-25.8597],[152.7704,-25.8646],[152.7625,-25.8673],[152.7608,-25.8757],[152.7549,-25.8876],[152.7488,-25.8859],[152.744,-25.8883],[152.7439,-25.896],[152.7387,-25.9018],[152.7388,-25.9089],[152.7331,-25.9126],[152.7215,-25.9126],[152.7079,-25.9165],[152.7041,-25.9276],[152.6946,-25.9329],[152.6884,-25.9403],[152.6726,-25.9381],[152.6684,-25.9281],[152.6627,-25.9034],[152.641,-25.9001],[152.6351,-25.8914],[152.6291,-25.8879],[152.6176,-25.8866],[152.611,-25.8831],[152.5955,-25.8852],[152.5998,-25.8982],[152.5993,-25.9041],[152.5948,-25.908],[152.5853,-25.9082],[152.5808,-25.9062],[152.5726,-25.9111],[152.555,-25.9103],[152.5568,-25.896],[152.5605,-25.8963],[152.5629,-25.8814],[152.5443,-25.8794],[152.5429,-25.8572],[152.5361,-25.8589],[152.5184,-25.8715],[152.5053,-25.8767],[152.4926,-25.8777],[152.4915,-25.8833],[152.4837,-25.888],[152.4794,-25.8866],[152.4829,-25.8718],[152.4894,-25.8666],[152.4894,-25.8621],[152.4814,-25.8531],[152.4728,-25.8534],[152.4638,-25.858],[152.4555,-25.8565],[152.4495,-25.8397],[152.4431,-25.8426],[152.4413,-25.8542],[152.4185,-25.8516],[152.4173,-25.8586],[152.4128,-25.8596],[152.4117,-25.866],[152.39,-25.8632],[152.3868,-25.8724],[152.3776,-25.8738],[152.3753,-25.8669],[152.3457,-25.8631],[152.3421,-25.858],[152.3259,-25.8558],[152.3284,-25.8414],[152.3135,-25.8394],[152.3072,-25.8331],[152.3068,-25.8216],[152.2956,-25.8194],[152.2993,-25.8121],[152.291,-25.8103],[152.2845,-25.8042],[152.2779,-25.8062],[152.2842,-25.7926],[152.2856,-25.7826],[152.2623,-25.7798],[152.2605,-25.7907],[152.2653,-25.7913],[152.2624,-25.8017],[152.2565,-25.8025],[152.2477,-25.8074],[152.2437,-25.8158],[152.2474,-25.8224],[152.246,-25.8302],[152.2474,-25.8388],[152.2366,-25.8381],[152.2314,-25.8297],[152.2206,-25.8294],[152.215,-25.8467],[152.1995,-25.8557],[152.1974,-25.8537],[152.1814,-25.8516],[152.1824,-25.8608],[152.1747,-25.8662],[152.1693,-25.8816],[152.1698,-25.8875],[152.2062,-25.8913],[152.2316,-25.8945],[152.232,-25.8931],[152.2743,-25.899],[152.2728,-25.9077],[152.2758,-25.9133],[152.2873,-25.9149],[152.2894,-25.9196],[152.2866,-25.9378],[152.3091,-25.9407],[152.3066,-25.9562],[152.3046,-25.9612],[152.2914,-25.9589],[152.2816,-25.9643],[152.278,-25.9797],[152.2901,-25.9816],[152.2888,-25.988],[152.2767,-25.9872],[152.2741,-26.0004],[152.2837,-26.0017],[152.2824,-25.9965],[152.311,-26.0001],[152.3072,-26.0166],[152.3033,-26.0225],[152.3025,-26.0412],[152.3351,-26.0456],[152.337,-26.0347],[152.3539,-26.0368],[152.352,-26.0477],[152.3627,-26.0494],[152.36,-26.0656],[152.3467,-26.073],[152.3383,-26.1256],[152.3488,-26.1269],[152.3507,-26.1344],[152.3697,-26.1364],[152.3698,-26.1448],[152.3737,-26.1453],[152.3723,-26.1547],[152.3688,-26.1626],[152.3597,-26.1624],[152.3586,-26.1689],[152.3468,-26.1673],[152.3433,-26.1778],[152.3402,-26.197],[152.3305,-26.1957],[152.3194,-26.2],[152.3197,-26.2042],[152.3141,-26.2118],[152.3193,-26.2234],[152.3121,-26.2284],[152.3085,-26.2337],[152.318,-26.2368],[152.3202,-26.2402],[152.3435,-26.2429],[152.3508,-26.2501],[152.36,-26.2487],[152.3606,-26.2546],[152.3748,-26.2564],[152.3725,-26.2684],[152.3701,-26.2714],[152.3767,-26.2793],[152.377,-26.2909],[152.3858,-26.2922],[152.3891,-26.3043],[152.3869,-26.3176],[152.3943,-26.3186],[152.3939,-26.3257],[152.3974,-26.3293],[152.4102,-26.3309],[152.41,-26.3435],[152.4204,-26.3475],[152.4148,-26.3573],[152.4239,-26.3661],[152.4167,-26.3672],[152.4124,-26.3771],[152.4127,-26.3818],[152.4083,-26.388],[152.4098,-26.3975],[152.4052,-26.4039],[152.3974,-26.4087],[152.3923,-26.4061],[152.3851,-26.4081],[152.3871,-26.4204],[152.3853,-26.4264],[152.3796,-26.4265],[152.3706,-26.4383],[152.3688,-26.4458],[152.3721,-26.4573],[152.3708,-26.4624],[152.3766,-26.4724],[152.3862,-26.4722],[152.3901,-26.4761],[152.3989,-26.4709],[152.4027,-26.474],[152.4121,-26.4645],[152.4207,-26.4675],[152.4246,-26.4645],[152.4429,-26.4604],[152.4386,-26.4862],[152.4447,-26.4871],[152.4441,-26.5059],[152.4391,-26.5132],[152.44,-26.5176],[152.4357,-26.5238],[152.4361,-26.5376],[152.4496,-26.5309],[152.4485,-26.5379],[152.4431,-26.5444],[152.4403,-26.5571],[152.4509,-26.5584],[152.4491,-26.5698],[152.4585,-26.571],[152.457,-26.5809],[152.5198,-26.5883],[152.5223,-26.5863],[152.5151,-26.5775],[152.5115,-26.5674],[152.554,-26.5726],[152.5604,-26.5818],[152.5752,-26.584]]]}},{"type":"Feature","properties":{"pc":"4573"},"geometry":{"type":"Polygon","coordinates":[[[153.1044,-26.4442],[153.1048,-26.4376],[153.0994,-26.4357],[153.0889,-26.4358],[153.0823,-26.444],[153.0841,-26.4538],[153.0784,-26.4576],[153.0718,-26.4586],[153.0608,-26.4562],[153.0542,-26.4514],[153.0504,-26.4692],[153.0568,-26.4773],[153.0636,-26.4802],[153.0591,-26.4846],[153.0596,-26.4926],[153.0683,-26.5035],[153.0662,-26.5086],[153.0569,-26.51],[153.0445,-26.5081],[153.0382,-26.5138],[153.0411,-26.5263],[153.0479,-26.536],[153.0461,-26.5403],[153.0536,-26.5536],[153.0615,-26.558],[153.0646,-26.5621],[153.0627,-26.5668],[153.0643,-26.5738],[153.0792,-26.5756],[153.0795,-26.5734],[153.0924,-26.5733],[153.0979,-26.5765],[153.1003,-26.5556],[153.1027,-26.5465],[153.0957,-26.5382],[153.0927,-26.5318],[153.0945,-26.5042],[153.0994,-26.4705],[153.1044,-26.4442]]]}},{"type":"Feature","properties":{"pc":"4575"},"geometry":{"type":"Polygon","coordinates":[[[153.1368,-26.7649],[153.1373,-26.7572],[153.1346,-26.7298],[153.1355,-26.7064],[153.1376,-26.6795],[153.1322,-26.6792],[153.1326,-26.6869],[153.1219,-26.685],[153.1205,-26.6909],[153.1147,-26.6964],[153.1147,-26.7045],[153.1195,-26.7069],[153.1135,-26.7137],[153.1224,-26.7211],[153.1098,-26.7298],[153.1125,-26.7358],[153.1169,-26.7367],[153.1117,-26.7466],[153.1108,-26.7533],[153.1199,-26.765],[153.1368,-26.7649]]]}},{"type":"Feature","properties":{"pc":"4650"},"geometry":{"type":"Polygon","coordinates":[[[152.3135,-25.8394],[152.3284,-25.8414],[152.3259,-25.8558],[152.3421,-25.858],[152.3457,-25.8631],[152.3753,-25.8669],[152.3776,-25.8738],[152.3868,-25.8724],[152.39,-25.8632],[152.4117,-25.866],[152.4128,-25.8596],[152.4173,-25.8586],[152.4185,-25.8516],[152.4413,-25.8542],[152.4431,-25.8426],[152.4495,-25.8397],[152.4555,-25.8565],[152.4638,-25.858],[152.4728,-25.8534],[152.4814,-25.8531],[152.4894,-25.8621],[152.4894,-25.8666],[152.4829,-25.8718],[152.4794,-25.8866],[152.4837,-25.888],[152.4915,-25.8833],[152.4926,-25.8777],[152.5053,-25.8767],[152.5184,-25.8715],[152.5361,-25.8589],[152.5429,-25.8572],[152.5443,-25.8794],[152.5629,-25.8814],[152.5605,-25.8963],[152.5568,-25.896],[152.555,-25.9103],[152.5726,-25.9111],[152.5808,-25.9062],[152.5853,-25.9082],[152.5948,-25.908],[152.5993,-25.9041],[152.5998,-25.8982],[152.5955,-25.8852],[152.611,-25.8831],[152.6176,-25.8866],[152.6291,-25.8879],[152.6351,-25.8914],[152.641,-25.9001],[152.6627,-25.9034],[152.6684,-25.9281],[152.6726,-25.9381],[152.6884,-25.9403],[152.6946,-25.9329],[152.7041,-25.9276],[152.7079,-25.9165],[152.7215,-25.9126],[152.7331,-25.9126],[152.7388,-25.9089],[152.7387,-25.9018],[152.7439,-25.896],[152.744,-25.8883],[152.7488,-25.8859],[152.7549,-25.8876],[152.7608,-25.8757],[152.7625,-25.8673],[152.7704,-25.8646],[152.7661,-25.8597],[152.7626,-25.8496],[152.7621,-25.8378],[152.7684,-25.8334],[152.7804,-25.832],[152.7926,-25.8263],[152.7975,-25.822],[152.8019,-25.8282],[152.8022,-25.8384],[152.808,-25.8448],[152.8153,-25.8469],[152.8195,-25.8556],[152.8272,-25.8568],[152.8377,-25.8471],[152.8437,-25.8511],[152.8483,-25.8467],[152.8537,-25.8373],[152.8591,-25.8315],[152.8646,-25.8219],[152.8901,-25.8243],[152.897,-25.8224],[152.899,-25.8165],[152.9043,-25.8118],[152.9122,-25.8152],[152.9271,-25.8093],[152.9329,-25.8053],[152.9396,-25.7959],[152.9496,-25.8016],[152.9552,-25.7995],[152.9642,-25.801],[152.9709,-25.7944],[152.9704,-25.7889],[152.975,-25.7827],[152.976,-25.7712],[152.9691,-25.7619],[152.9567,-25.7575],[152.9449,-25.7593],[152.9404,-25.7627],[152.9349,-25.76],[152.9386,-25.747],[152.9363,-25.7436],[152.9314,-25.7414],[152.9195,-25.7409],[152.9125,-25.7281],[152.9123,-25.7234],[152.9172,-25.7196],[152.9227,-25.7112],[152.9197,-25.707],[152.9109,-25.7059],[152.9064,-25.6998],[152.8978,-25.6956],[152.8932,-25.69],[152.8783,-25.6837],[152.8789,-25.6775],[152.8832,-25.6747],[152.8972,-25.6741],[152.9074,-25.6762],[152.9034,-25.6639],[152.8969,-25.6588],[152.9013,-25.6526],[152.9012,-25.6468],[152.8963,-25.6282],[152.8915,-25.6232],[152.8921,-25.618],[152.8774,-25.6141],[152.8785,-25.6018],[152.8774,-25.5951],[152.879,-25.5838],[152.8785,-25.5757],[152.8753,-25.5728],[152.8736,-25.5696],[152.8738,-25.5681],[152.8762,-25.5658],[152.8778,-25.5624],[152.8694,-25.5538],[152.8644,-25.5517],[152.8593,-25.5474],[152.8611,-25.5426],[152.8685,-25.5396],[152.8655,-25.5327],[152.8671,-25.5292],[152.8776,-25.5233],[152.8735,-25.5164],[152.8674,-25.516],[152.8548,-25.5097],[152.8564,-25.5028],[152.8672,-25.4979],[152.872,-25.4938],[152.8792,-25.4991],[152.8851,-25.4968],[152.8804,-25.4919],[152.8802,-25.4867],[152.8896,-25.4807],[152.8848,-25.4739],[152.8736,-25.4744],[152.8616,-25.4909],[152.8485,-25.4983],[152.8237,-25.494],[152.8366,-25.4861],[152.8489,-25.486],[152.8512,-25.4842],[152.8543,-25.4727],[152.8605,-25.4634],[152.8669,-25.457],[152.865,-25.4488],[152.8607,-25.4475],[152.8569,-25.4346],[152.8489,-25.4328],[152.8433,-25.4278],[152.8351,-25.4237],[152.8189,-25.4217],[152.8176,-25.4298],[152.7932,-25.4265],[152.7914,-25.4374],[152.7701,-25.434],[152.7696,-25.4267],[152.7554,-25.4248],[152.7463,-25.428],[152.7399,-25.4271],[152.7409,-25.4218],[152.7327,-25.4207],[152.7348,-25.4072],[152.7507,-25.4093],[152.754,-25.4029],[152.758,-25.3771],[152.7516,-25.3676],[152.7517,-25.3628],[152.7461,-25.3585],[152.7411,-25.3647],[152.733,-25.3684],[152.7016,-25.3856],[152.6733,-25.4056],[152.6524,-25.425],[152.6505,-25.4255],[152.6414,-25.4055],[152.6136,-25.3662],[152.6046,-25.375],[152.5913,-25.3638],[152.5868,-25.3682],[152.5906,-25.3728],[152.5821,-25.3786],[152.5783,-25.3739],[152.5831,-25.3706],[152.5783,-25.3652],[152.5743,-25.3692],[152.5651,-25.3596],[152.5506,-25.374],[152.559,-25.376],[152.5561,-25.3856],[152.5521,-25.3895],[152.5431,-25.3841],[152.5367,-25.3944],[152.5236,-25.3927],[152.5252,-25.3825],[152.5238,-25.3736],[152.517,-25.368],[152.5022,-25.3659],[152.5055,-25.3442],[152.4807,-25.3558],[152.4731,-25.3513],[152.4081,-25.3217],[152.4062,-25.3345],[152.3847,-25.3562],[152.3724,-25.353],[152.373,-25.363],[152.3545,-25.3661],[152.347,-25.3751],[152.3346,-25.3825],[152.3357,-25.3922],[152.3271,-25.4015],[152.3645,-25.4063],[152.3649,-25.4027],[152.3799,-25.402],[152.3993,-25.4099],[152.4036,-25.4034],[152.4109,-25.4108],[152.4161,-25.4128],[152.4137,-25.4299],[152.411,-25.4385],[152.4041,-25.4429],[152.401,-25.4647],[152.4053,-25.4665],[152.4053,-25.4833],[152.413,-25.4822],[152.4249,-25.4773],[152.4346,-25.4787],[152.439,-25.475],[152.4429,-25.4805],[152.4506,-25.4808],[152.4555,-25.4747],[152.4593,-25.4767],[152.4642,-25.4681],[152.4778,-25.4667],[152.4856,-25.462],[152.4925,-25.4647],[152.4954,-25.4588],[152.5014,-25.4543],[152.5103,-25.4578],[152.5295,-25.4603],[152.5234,-25.4789],[152.5095,-25.487],[152.4987,-25.4906],[152.4862,-25.5052],[152.4773,-25.5082],[152.4699,-25.5179],[152.4798,-25.527],[152.4974,-25.5273],[152.4945,-25.555],[152.4778,-25.555],[152.471,-25.5531],[152.4637,-25.5541],[152.4415,-25.5654],[152.4215,-25.5699],[152.4142,-25.574],[152.4107,-25.5946],[152.4178,-25.5956],[152.4167,-25.6028],[152.4043,-25.6012],[152.4019,-25.6166],[152.3908,-25.6142],[152.3863,-25.62],[152.3914,-25.625],[152.4096,-25.6273],[152.4045,-25.6583],[152.3976,-25.6907],[152.4232,-25.6949],[152.4382,-25.6982],[152.4317,-25.7364],[152.4154,-25.7383],[152.4086,-25.7406],[152.4002,-25.7404],[152.3923,-25.7473],[152.3867,-25.757],[152.3856,-25.7665],[152.3819,-25.7727],[152.364,-25.7688],[152.3601,-25.782],[152.3622,-25.7869],[152.3745,-25.7897],[152.3727,-25.8026],[152.3654,-25.8092],[152.3575,-25.8089],[152.3511,-25.8151],[152.3183,-25.8101],[152.3135,-25.8394]]]}},{"type":"Feature","properties":{"pc":"4655"},"geometry":{"type":"MultiPolygon","coordinates":[[[[152.8669,-25.457],[152.8689,-25.447],[152.8737,-25.4426],[152.8817,-25.4432],[152.8964,-25.4338],[152.9083,-25.4293],[152.9072,-25.4253],[152.8974,-25.4262],[152.897,-25.4198],[152.9094,-25.4188],[152.9226,-25.43],[152.9149,-25.4071],[152.9163,-25.3996],[152.9101,-25.3772],[152.9131,-25.3687],[152.9179,-25.3645],[152.915,-25.3541],[152.9079,-25.3436],[152.9089,-25.338],[152.9042,-25.3302],[152.9057,-25.3246],[152.9018,-25.314],[152.9049,-25.3069],[152.9145,-25.2933],[152.9086,-25.2903],[152.9036,-25.2826],[152.8906,-25.2805],[152.8791,-25.2826],[152.86,-25.2837],[152.8526,-25.2828],[152.8336,-25.2757],[152.8261,-25.2606],[152.8253,-25.2533],[152.8279,-25.2478],[152.8137,-25.2435],[152.8048,-25.2473],[152.8087,-25.2526],[152.8057,-25.2631],[152.7977,-25.266],[152.7795,-25.2688],[152.7688,-25.269],[152.7276,-25.267],[152.7112,-25.2626],[152.6938,-25.2561],[152.6746,-25.2449],[152.6635,-25.244],[152.66,-25.2482],[152.6619,-25.2622],[152.6562,-25.2619],[152.6568,-25.2682],[152.6633,-25.2676],[152.6582,-25.2785],[152.6613,-25.2902],[152.668,-25.3023],[152.6655,-25.3129],[152.6767,-25.3107],[152.6746,-25.3225],[152.6825,-25.3236],[152.6795,-25.34],[152.6915,-25.3418],[152.693,-25.3329],[152.6991,-25.3338],[152.6978,-25.341],[152.7127,-25.3419],[152.7232,-25.3469],[152.7389,-25.3486],[152.745,-25.3522],[152.7461,-25.3585],[152.7517,-25.3628],[152.7516,-25.3676],[152.758,-25.3771],[152.754,-25.4029],[152.7507,-25.4093],[152.7348,-25.4072],[152.7327,-25.4207],[152.7409,-25.4218],[152.7399,-25.4271],[152.7463,-25.428],[152.7554,-25.4248],[152.7696,-25.4267],[152.7701,-25.434],[152.7914,-25.4374],[152.7932,-25.4265],[152.8176,-25.4298],[152.8189,-25.4217],[152.8351,-25.4237],[152.8433,-25.4278],[152.8489,-25.4328],[152.8569,-25.4346],[152.8607,-25.4475],[152.865,-25.4488],[152.8669,-25.457]]],[[[152.9844,-25.3106],[152.9805,-25.3078],[152.9747,-25.2979],[152.9639,-25.2916],[152.9555,-25.2835],[152.9539,-25.2786],[152.9471,-25.2734],[152.944,-25.2843],[152.9512,-25.2884],[152.9596,-25.3033],[152.9695,-25.3053],[152.9771,-25.3099],[152.9862,-25.3234],[152.9898,-25.3163],[152.9844,-25.3106]]],[[[152.8714,-25.4457],[152.8729,-25.451],[152.88,-25.4484],[152.8761,-25.4432],[152.8714,-25.4457]]],[[[152.8644,-25.5517],[152.8711,-25.5517],[152.8765,-25.5559],[152.8824,-25.5513],[152.9024,-25.5418],[152.9086,-25.5339],[152.9094,-25.5262],[152.9048,-25.5168],[152.9031,-25.5009],[152.9003,-25.4955],[152.9126,-25.4868],[152.9185,-25.481],[152.9264,-25.4697],[152.9358,-25.4681],[152.9466,-25.4612],[152.9427,-25.4521],[152.9491,-25.4509],[152.9543,-25.4433],[152.9534,-25.4379],[152.9479,-25.4324],[152.9433,-25.4342],[152.9345,-25.4317],[152.93,-25.4377],[152.9262,-25.4487],[152.9196,-25.4532],[152.9045,-25.4538],[152.897,-25.4557],[152.8781,-25.467],[152.8736,-25.4744],[152.8848,-25.4739],[152.8896,-25.4807],[152.8802,-25.4867],[152.8804,-25.4919],[152.8851,-25.4968],[152.8792,-25.4991],[152.872,-25.4938],[152.8672,-25.4979],[152.8564,-25.5028],[152.8548,-25.5097],[152.8674,-25.516],[152.8735,-25.5164],[152.8776,-25.5233],[152.8671,-25.5292],[152.8655,-25.5327],[152.8685,-25.5396],[152.8611,-25.5426],[152.8593,-25.5474],[152.8644,-25.5517]]],[[[152.8797,-25.5632],[152.8742,-25.568],[152.8743,-25.5707],[152.8787,-25.5749],[152.8835,-25.5753],[152.8839,-25.5622],[152.8797,-25.5632]]],[[[152.8881,-25.5819],[152.8914,-25.5944],[152.8986,-25.5979],[152.901,-25.5948],[152.9,-25.5822],[152.8975,-25.5774],[152.8923,-25.5769],[152.8881,-25.5819]]],[[[152.8893,-25.5694],[152.8916,-25.5739],[152.9034,-25.5722],[152.9031,-25.5666],[152.8985,-25.5601],[152.8893,-25.5694]]],[[[152.9085,-25.5485],[152.9021,-25.5567],[152.9078,-25.5635],[152.9122,-25.5494],[152.9085,-25.5485]]],[[[152.9612,-25.4914],[152.9661,-25.4901],[152.97,-25.4815],[152.9657,-25.4736],[152.9604,-25.4773],[152.9586,-25.4839],[152.9612,-25.4914]]],[[[152.9559,-25.5065],[152.9589,-25.5127],[152.9645,-25.4993],[152.9593,-25.5012],[152.9559,-25.5065]]],[[[152.9145,-25.526],[152.9199,-25.53],[152.9361,-25.5227],[152.9364,-25.5189],[152.9451,-25.5141],[152.9502,-25.5028],[152.9558,-25.4948],[152.9525,-25.4828],[152.9458,-25.4789],[152.9316,-25.4825],[152.9256,-25.4909],[152.9186,-25.497],[152.9102,-25.4992],[152.9074,-25.5056],[152.9095,-25.5178],[152.9145,-25.526]]],[[[152.9254,-25.5898],[152.9278,-25.5831],[152.9236,-25.5756],[152.9186,-25.5771],[152.9185,-25.5851],[152.9254,-25.5898]]],[[[152.9236,-25.612],[152.9218,-25.6169],[152.927,-25.6244],[152.9301,-25.6178],[152.9236,-25.612]]],[[[152.9369,-25.6021],[152.938,-25.596],[152.9315,-25.5863],[152.929,-25.5936],[152.9304,-25.6031],[152.9369,-25.6021]]],[[[152.9532,-25.6053],[152.9555,-25.6131],[152.9608,-25.6106],[152.9627,-25.6042],[152.9561,-25.5987],[152.9532,-25.6053]]],[[[152.9551,-25.6329],[152.9593,-25.6363],[152.9614,-25.6256],[152.9642,-25.6206],[152.9613,-25.6163],[152.9528,-25.6162],[152.9551,-25.6329]]]]}},{"type":"Feature","properties":{"pc":"4670"},"geometry":{"type":"MultiPolygon","coordinates":[[[[152.5137,-25.0718],[152.5222,-25.0695],[152.5367,-25.0772],[152.5413,-25.0698],[152.5473,-25.0677],[152.5406,-25.0607],[152.5128,-25.0207],[152.4968,-24.9926],[152.4917,-24.9806],[152.4864,-24.9541],[152.4857,-24.9462],[152.4868,-24.9304],[152.4925,-24.9208],[152.4905,-24.899],[152.4878,-24.8925],[152.4883,-24.8825],[152.4831,-24.8707],[152.4835,-24.8584],[152.4774,-24.8464],[152.4788,-24.8403],[152.4737,-24.837],[152.4666,-24.8261],[152.4684,-24.8172],[152.4629,-24.8124],[152.4556,-24.8024],[152.4443,-24.7992],[152.4373,-24.7875],[152.429,-24.7794],[152.4212,-24.7753],[152.4134,-24.7581],[152.4079,-24.757],[152.3897,-24.7597],[152.384,-24.7633],[152.3815,-24.7707],[152.3868,-24.7779],[152.3817,-24.7831],[152.378,-24.7711],[152.3831,-24.7577],[152.3955,-24.7469],[152.3775,-24.7311],[152.3663,-24.7305],[152.365,-24.7367],[152.3532,-24.741],[152.3193,-24.7314],[152.2991,-24.7246],[152.2809,-24.7158],[152.265,-24.7061],[152.2499,-24.695],[152.2288,-24.6727],[152.1999,-24.6536],[152.1913,-24.6531],[152.2042,-24.6656],[152.2027,-24.6752],[152.1959,-24.682],[152.1738,-24.6907],[152.1681,-24.691],[152.1622,-24.6955],[152.164,-24.7035],[152.1533,-24.7115],[152.1515,-24.7161],[152.1443,-24.7235],[152.1434,-24.7294],[152.1314,-24.7347],[152.1298,-24.7331],[152.1167,-24.7353],[152.1126,-24.7387],[152.1141,-24.7439],[152.1121,-24.753],[152.1078,-24.7572],[152.1058,-24.7726],[152.1011,-24.781],[152.0867,-24.7901],[152.0664,-24.7877],[152.0631,-24.8106],[152.0518,-24.8022],[152.0498,-24.7978],[152.0401,-24.7902],[152.0294,-24.7866],[152.0223,-24.7824],[152.0155,-24.7812],[152.0016,-24.7823],[151.996,-24.7888],[151.981,-24.7915],[151.9757,-24.7889],[151.9757,-24.7999],[151.9671,-24.812],[151.9666,-24.8158],[151.9477,-24.8139],[151.9466,-24.8204],[151.952,-24.825],[151.9583,-24.8408],[151.9642,-24.8412],[151.9682,-24.8455],[151.973,-24.8441],[151.9778,-24.8595],[151.9832,-24.8676],[151.9899,-24.872],[151.9885,-24.8784],[151.9955,-24.88],[151.999,-24.9001],[152.0051,-24.9023],[152.0117,-24.898],[152.0147,-24.9006],[152.0132,-24.9101],[152.0214,-24.9124],[152.0417,-24.9155],[152.0508,-24.9184],[152.0645,-24.943],[152.069,-24.9331],[152.0831,-24.9504],[152.0936,-24.9491],[152.1015,-24.9448],[152.1039,-24.9503],[152.0988,-24.9696],[152.0902,-24.9751],[152.0901,-24.9838],[152.094,-24.9989],[152.1041,-25.0157],[152.1076,-25.0238],[152.1069,-25.0342],[152.1205,-25.0357],[152.1417,-25.0609],[152.1406,-25.0681],[152.1553,-25.0687],[152.1546,-25.0734],[152.1765,-25.0761],[152.2247,-25.0609],[152.2329,-25.0619],[152.2346,-25.0662],[152.243,-25.0615],[152.2472,-25.0357],[152.2512,-25.0278],[152.2452,-25.0257],[152.2439,-25.0214],[152.2353,-25.0244],[152.227,-25.0233],[152.2286,-25.0131],[152.2252,-25.0127],[152.2266,-25.0033],[152.2593,-25.0075],[152.2667,-24.9994],[152.2948,-25.0383],[152.294,-25.0399],[152.3964,-25.0533],[152.5122,-25.0683],[152.5137,-25.0718]]],[[[151.9908,-24.6809],[152.0254,-24.6852],[152.0356,-24.6762],[152.0494,-24.6705],[152.0724,-24.6736],[152.0692,-24.663],[152.0755,-24.6609],[152.0749,-24.6568],[152.0825,-24.6504],[152.089,-24.6478],[152.0973,-24.6492],[152.104,-24.6421],[152.1006,-24.6341],[152.1087,-24.6298],[152.1112,-24.6194],[152.1077,-24.6139],[152.1118,-24.6025],[152.1172,-24.5963],[152.1176,-24.5915],[152.0986,-24.5736],[152.0908,-24.5642],[152.0777,-24.545],[152.0662,-24.5235],[152.06,-24.5182],[152.046,-24.5268],[152.0316,-24.53],[152.025,-24.5263],[152.0168,-24.5159],[152.0107,-24.5137],[151.9987,-24.5156],[151.9905,-24.5273],[151.9966,-24.5346],[151.9866,-24.5363],[151.9891,-24.5403],[151.9871,-24.5493],[151.9841,-24.5536],[151.9768,-24.557],[151.9742,-24.5635],[151.9691,-24.5687],[151.9688,-24.5801],[151.9593,-24.5876],[151.9887,-24.5914],[151.9857,-24.6113],[151.9601,-24.6084],[151.9613,-24.6166],[151.9658,-24.6247],[151.9605,-24.6309],[151.9591,-24.6402],[151.9714,-24.6407],[151.9838,-24.6446],[151.9961,-24.6442],[151.9954,-24.6493],[151.9875,-24.6483],[151.9864,-24.6555],[151.9943,-24.6565],[151.9908,-24.6809]]],[[[152.713,-24.1179],[152.7182,-24.1165],[152.7192,-24.1109],[152.7119,-24.1109],[152.713,-24.1179]]]]}},{"type":"Feature","properties":{"pc":"4680"},"geometry":{"type":"MultiPolygon","coordinates":[[[[150.9831,-24.4718],[150.9856,-24.4698],[150.9887,-24.4562],[150.9881,-24.4469],[150.9932,-24.4427],[150.9942,-24.4242],[150.9919,-24.4165],[150.9931,-24.4096],[150.9995,-24.406],[151.0006,-24.3989],[151.005,-24.3946],[151.0168,-24.397],[151.0296,-24.3921],[151.0444,-24.3943],[151.0478,-24.4018],[151.0451,-24.4049],[151.0453,-24.4129],[151.0574,-24.4276],[151.061,-24.4261],[151.0697,-24.4326],[151.072,-24.4379],[151.0899,-24.441],[151.0981,-24.4503],[151.0998,-24.4585],[151.1061,-24.4625],[151.107,-24.4702],[151.1149,-24.4746],[151.1181,-24.4671],[151.1225,-24.4683],[151.1341,-24.4638],[151.1379,-24.4556],[151.1436,-24.4591],[151.1534,-24.4606],[151.1542,-24.4654],[151.1692,-24.479],[151.1689,-24.4845],[151.1643,-24.4868],[151.1614,-24.4989],[151.1554,-24.5076],[151.1541,-24.5127],[151.1559,-24.5217],[151.1523,-24.5269],[151.1529,-24.5377],[151.1568,-24.5413],[151.1575,-24.547],[151.1621,-24.5503],[151.169,-24.5497],[151.1735,-24.5454],[151.1837,-24.5421],[151.1995,-24.5398],[151.2021,-24.5312],[151.2092,-24.5327],[151.2213,-24.5296],[151.228,-24.5327],[151.2284,-24.5372],[151.2236,-24.5717],[151.2185,-24.5755],[151.2207,-24.5795],[151.2187,-24.5861],[151.2302,-24.6279],[151.2235,-24.6277],[151.216,-24.6245],[151.2077,-24.6246],[151.1983,-24.6298],[151.1937,-24.6349],[151.1947,-24.6425],[151.1992,-24.6439],[151.207,-24.6377],[151.2201,-24.6339],[151.2303,-24.643],[151.2374,-24.6533],[151.2475,-24.6565],[151.2557,-24.6625],[151.2641,-24.6599],[151.2669,-24.6538],[151.272,-24.6561],[151.2836,-24.655],[151.2919,-24.6575],[151.2973,-24.6676],[151.3065,-24.6665],[151.3069,-24.6579],[151.3093,-24.6524],[151.3153,-24.6472],[151.3228,-24.6442],[151.3361,-24.6454],[151.3418,-24.6493],[151.3514,-24.6354],[151.3578,-24.6306],[151.367,-24.6122],[151.374,-24.6098],[151.3814,-24.6122],[151.3846,-24.6083],[151.3909,-24.6147],[151.398,-24.6171],[151.4068,-24.6154],[151.4098,-24.6071],[151.4107,-24.5966],[151.4245,-24.5958],[151.4332,-24.5916],[151.4423,-24.5769],[151.4356,-24.5711],[151.4335,-24.5635],[151.4388,-24.563],[151.4528,-24.5704],[151.4637,-24.56],[151.4706,-24.5366],[151.4712,-24.5274],[151.467,-24.519],[151.4595,-24.5144],[151.4607,-24.5081],[151.432,-24.4774],[151.4348,-24.4724],[151.427,-24.4646],[151.4277,-24.4586],[151.4359,-24.4546],[151.4374,-24.4431],[151.4314,-24.4396],[151.4319,-24.4183],[151.4301,-24.4054],[151.4325,-24.4019],[151.4244,-24.3933],[151.4164,-24.3899],[151.4155,-24.383],[151.4177,-24.3747],[151.4261,-24.3666],[151.4338,-24.3536],[151.4447,-24.3543],[151.456,-24.3569],[151.459,-24.3512],[151.4509,-24.3317],[151.4499,-24.3274],[151.439,-24.3217],[151.438,-24.3173],[151.443,-24.3119],[151.4382,-24.3029],[151.4396,-24.2939],[151.4345,-24.288],[151.4238,-24.281],[151.4157,-24.2803],[151.4122,-24.2774],[151.4017,-24.2785],[151.4034,-24.268],[151.4012,-24.2603],[151.4028,-24.2541],[151.3969,-24.2461],[151.397,-24.24],[151.3862,-24.2332],[151.3855,-24.2263],[151.3765,-24.2108],[151.3753,-24.2009],[151.3638,-24.1951],[151.3646,-24.1902],[151.3797,-24.1891],[151.3957,-24.1789],[151.4068,-24.1808],[151.4117,-24.1918],[151.4208,-24.193],[151.4254,-24.1901],[151.4329,-24.1904],[151.4423,-24.1865],[151.4447,-24.1795],[151.4399,-24.1672],[151.4426,-24.1593],[151.4411,-24.1549],[151.4445,-24.1503],[151.4404,-24.1465],[151.4439,-24.1408],[151.4506,-24.1361],[151.4581,-24.1261],[151.4712,-24.1279],[151.474,-24.1156],[151.474,-24.107],[151.4704,-24.1003],[151.4594,-24.0944],[151.4568,-24.0903],[151.4505,-24.092],[151.445,-24.0875],[151.4418,-24.0773],[151.4346,-24.0568],[151.4251,-24.0461],[151.4283,-24.0342],[151.4326,-24.0322],[151.435,-24.0252],[151.4286,-24.0145],[151.4325,-24.0026],[151.427,-23.9876],[151.4047,-23.9662],[151.3963,-23.9629],[151.3791,-23.951],[151.3666,-23.9375],[151.356,-23.9365],[151.346,-23.9192],[151.3394,-23.9139],[151.3347,-23.9067],[151.3269,-23.8883],[151.3244,-23.8748],[151.3186,-23.8739],[151.32,-23.8595],[151.3116,-23.8522],[151.3081,-23.8563],[151.3009,-23.8592],[151.2913,-23.8573],[151.2877,-23.8541],[151.2807,-23.8556],[151.2734,-23.8478],[151.271,-23.8354],[151.256,-23.8315],[151.252,-23.8322],[151.2307,-23.8159],[151.2212,-23.8228],[151.2153,-23.8237],[151.2099,-23.8211],[151.1882,-23.8342],[151.1802,-23.8356],[151.1768,-23.8482],[151.1787,-23.8552],[151.1748,-23.8643],[151.1674,-23.8537],[151.1575,-23.8486],[151.1498,-23.8416],[151.1384,-23.8409],[151.1331,-23.8426],[151.1282,-23.849],[151.1209,-23.8483],[151.1161,-23.8428],[151.1073,-23.8483],[151.0946,-23.8479],[151.095,-23.8579],[151.0869,-23.8621],[151.1016,-23.899],[151.1,-23.9151],[151.0963,-23.9182],[151.0977,-23.9271],[151.0881,-23.9259],[151.0846,-23.9353],[151.0806,-23.9348],[151.079,-23.9457],[151.0859,-23.9452],[151.0918,-23.955],[151.0889,-23.9604],[151.0916,-23.9657],[151.0902,-23.975],[151.0868,-23.9823],[151.0698,-23.9804],[151.0674,-23.974],[151.0536,-23.9748],[151.0483,-23.9715],[151.0305,-23.9782],[151.023,-23.979],[151.0128,-23.9832],[151,-23.9748],[150.9946,-23.9788],[150.984,-23.9907],[150.9791,-23.9826],[150.9652,-23.9875],[150.9612,-23.9862],[150.9529,-23.9773],[150.9445,-23.9773],[150.9369,-23.9845],[150.9322,-23.9838],[150.9234,-23.9781],[150.9173,-23.9712],[150.914,-23.9732],[150.9007,-23.9747],[150.8951,-23.9735],[150.8838,-23.967],[150.8732,-23.9732],[150.8698,-23.9715],[150.862,-23.9737],[150.8534,-23.973],[150.851,-23.97],[150.84,-23.9725],[150.8171,-23.9701],[150.8073,-23.9635],[150.8013,-23.9554],[150.7919,-23.9545],[150.7871,-23.9574],[150.7785,-23.9561],[150.7742,-23.962],[150.7452,-23.9534],[150.7308,-23.9448],[150.7153,-23.949],[150.7082,-23.9494],[150.6968,-23.954],[150.6848,-23.9484],[150.6866,-23.9595],[150.6948,-23.975],[150.6947,-23.9825],[150.7022,-23.9875],[150.6979,-23.9952],[150.6974,-24.0027],[150.6981,-24.027],[150.702,-24.0482],[150.7049,-24.0518],[150.7042,-24.0591],[150.7122,-24.0682],[150.7133,-24.0722],[150.7206,-24.0752],[150.7175,-24.0941],[150.7197,-24.0959],[150.7164,-24.1079],[150.7237,-24.1199],[150.7196,-24.1239],[150.7231,-24.1378],[150.7316,-24.1384],[150.737,-24.1412],[150.7564,-24.1427],[150.7725,-24.1488],[150.7802,-24.1464],[150.7807,-24.1539],[150.786,-24.1528],[150.7962,-24.1673],[150.8095,-24.1756],[150.8131,-24.1824],[150.8107,-24.1956],[150.8028,-24.2037],[150.803,-24.214],[150.8081,-24.2182],[150.8025,-24.2256],[150.8001,-24.2436],[150.798,-24.247],[150.7994,-24.2546],[150.7899,-24.2569],[150.7863,-24.2604],[150.7855,-24.2682],[150.7779,-24.2702],[150.7775,-24.275],[150.7909,-24.2869],[150.7861,-24.299],[150.7791,-24.3061],[150.7795,-24.3164],[150.7837,-24.3184],[150.7795,-24.3262],[150.7762,-24.3473],[150.7702,-24.3538],[150.7824,-24.3623],[150.786,-24.3719],[150.7979,-24.3668],[150.8151,-24.369],[150.8261,-24.3669],[150.8323,-24.371],[150.8427,-24.3631],[150.8444,-24.357],[150.8635,-24.3552],[150.8567,-24.3684],[150.8548,-24.3765],[150.8489,-24.3815],[150.8608,-24.3927],[150.8684,-24.4023],[150.8605,-24.4082],[150.8784,-24.4201],[150.8812,-24.4169],[150.8964,-24.4163],[150.9046,-24.4225],[150.9135,-24.4229],[150.922,-24.4132],[150.9244,-24.4064],[150.9384,-24.4024],[150.9393,-24.4084],[150.9652,-24.4603],[150.9657,-24.4675],[150.9831,-24.4718]]],[[[151.294,-23.71],[151.2902,-23.7007],[151.2865,-23.684],[151.2788,-23.6799],[151.2766,-23.6692],[151.2722,-23.6629],[151.2658,-23.6662],[151.2554,-23.6631],[151.2471,-23.6547],[151.2458,-23.6463],[151.2394,-23.6431],[151.2375,-23.6362],[151.2367,-23.6219],[151.229,-23.6159],[151.2256,-23.6095],[151.2247,-23.5934],[151.2267,-23.5875],[151.2244,-23.5797],[151.2254,-23.5662],[151.2356,-23.5308],[151.2352,-23.4936],[151.2392,-23.4881],[151.2352,-23.4836],[151.2305,-23.4869],[151.2321,-23.4946],[151.2284,-23.4986],[151.2185,-23.5035],[151.2221,-23.5093],[151.2174,-23.5184],[151.2089,-23.5265],[151.1996,-23.5323],[151.1931,-23.531],[151.1954,-23.5194],[151.1993,-23.5201],[151.2033,-23.5146],[151.1996,-23.5104],[151.1902,-23.5093],[151.1739,-23.5111],[151.1583,-23.51],[151.1231,-23.4907],[151.1199,-23.494],[151.1117,-23.4913],[151.1069,-23.4858],[151.1009,-23.4884],[151.0934,-23.4829],[151.0858,-23.4802],[151.0852,-23.4861],[151.078,-23.4873],[151.0777,-23.481],[151.0722,-23.4749],[151.0752,-23.47],[151.0807,-23.4682],[151.0754,-23.4607],[151.06,-23.449],[151.0539,-23.4478],[151.0508,-23.4541],[151.0431,-23.4563],[151.0188,-23.4521],[151.0152,-23.4545],[151.0163,-23.462],[151.01,-23.4765],[150.99,-23.4806],[150.9813,-23.4857],[150.9769,-23.4906],[150.9808,-23.4946],[150.9887,-23.4967],[150.9927,-23.5061],[150.9939,-23.5155],[151.0007,-23.5269],[151.0027,-23.5348],[151.0126,-23.5537],[151.0325,-23.5704],[151.0359,-23.5791],[151.0355,-23.5888],[151.0378,-23.5976],[151.0439,-23.6087],[151.0464,-23.6211],[151.0506,-23.6246],[151.0592,-23.6271],[151.0648,-23.6326],[151.0804,-23.6396],[151.0925,-23.6469],[151.0969,-23.6573],[151.1204,-23.6616],[151.1366,-23.6778],[151.1371,-23.6833],[151.142,-23.6892],[151.1421,-23.6933],[151.1499,-23.7037],[151.1552,-23.7136],[151.1596,-23.717],[151.1628,-23.7286],[151.1753,-23.7496],[151.1884,-23.7641],[151.1866,-23.7702],[151.1921,-23.7734],[151.2,-23.7832],[151.2073,-23.788],[151.2155,-23.797],[151.2253,-23.7986],[151.237,-23.7899],[151.2418,-23.7904],[151.2466,-23.7792],[151.2554,-23.7798],[151.2612,-23.7729],[151.2664,-23.7801],[151.2826,-23.793],[151.2843,-23.7884],[151.2905,-23.7836],[151.2857,-23.7749],[151.2868,-23.7688],[151.3001,-23.7545],[151.3036,-23.7585],[151.309,-23.7545],[151.3026,-23.7475],[151.2989,-23.7388],[151.294,-23.71]]],[[[151.1551,-23.4054],[151.1627,-23.4004],[151.1582,-23.3963],[151.1525,-23.4002],[151.1551,-23.4054]]],[[[151.3258,-23.7747],[151.3255,-23.7824],[151.3311,-23.8025],[151.336,-23.8068],[151.3352,-23.8149],[151.3364,-23.8247],[151.3416,-23.8256],[151.3511,-23.8196],[151.3565,-23.8198],[151.361,-23.8248],[151.3633,-23.843],[151.3671,-23.8492],[151.363,-23.8601],[151.3664,-23.8651],[151.3666,-23.8745],[151.3801,-23.8804],[151.3886,-23.8744],[151.3886,-23.8691],[151.3942,-23.8646],[151.3865,-23.8454],[151.385,-23.838],[151.3775,-23.8268],[151.3735,-23.8123],[151.3673,-23.8086],[151.3598,-23.7983],[151.35,-23.7958],[151.346,-23.7918],[151.34,-23.7808],[151.3373,-23.7602],[151.3309,-23.7569],[151.3328,-23.768],[151.3258,-23.7747]]],[[[151.7067,-23.3011],[151.7135,-23.3006],[151.7171,-23.2948],[151.7128,-23.2922],[151.7048,-23.2931],[151.7008,-23.2988],[151.7067,-23.3011]]],[[[151.434,-24.0519],[151.4392,-24.0518],[151.4397,-24.0442],[151.437,-24.0373],[151.4304,-24.0374],[151.4268,-24.0439],[151.434,-24.0519]]]]}},{"type":"Feature","properties":{"pc":"4700"},"geometry":{"type":"MultiPolygon","coordinates":[[[[150.5896,-23.4202],[150.5782,-23.41],[150.5619,-23.3852],[150.5519,-23.3776],[150.5411,-23.3908],[150.5351,-23.3929],[150.5272,-23.3903],[150.5145,-23.3748],[150.5136,-23.3716],[150.5027,-23.3612],[150.4932,-23.3586],[150.4848,-23.3632],[150.4722,-23.3725],[150.4671,-23.3787],[150.4593,-23.3802],[150.4511,-23.3848],[150.4401,-23.3783],[150.4353,-23.3717],[150.4293,-23.4069],[150.4335,-23.4057],[150.459,-23.4178],[150.4676,-23.4268],[150.5068,-23.4327],[150.5146,-23.439],[150.5067,-23.4415],[150.5057,-23.447],[150.5194,-23.4516],[150.528,-23.4624],[150.5843,-23.4232],[150.5896,-23.4202]]],[[[150.9066,-23.0852],[150.9141,-23.087],[150.9112,-23.0779],[150.9023,-23.0647],[150.8993,-23.0561],[150.8921,-23.0545],[150.8934,-23.0646],[150.8867,-23.0694],[150.8846,-23.0774],[150.8894,-23.0832],[150.897,-23.0793],[150.904,-23.0797],[150.9066,-23.0852]]],[[[151.0784,-23.1541],[151.069,-23.161],[151.0794,-23.1634],[151.0817,-23.1597],[151.0784,-23.1541]]],[[[150.9397,-23.1978],[150.9435,-23.1939],[150.9551,-23.1885],[150.9596,-23.1918],[150.9633,-23.188],[150.9726,-23.1842],[150.981,-23.1843],[150.9842,-23.1881],[150.9901,-23.1774],[150.983,-23.1763],[150.9755,-23.1712],[150.9728,-23.1619],[150.9763,-23.1532],[150.9714,-23.1522],[150.9595,-23.1602],[150.9511,-23.1712],[150.9447,-23.1717],[150.9328,-23.1677],[150.9321,-23.1733],[150.936,-23.1762],[150.9353,-23.1904],[150.9397,-23.1978]]]]}},{"type":"Feature","properties":{"pc":"4701"},"geometry":{"type":"Polygon","coordinates":[[[150.4904,-23.2378],[150.495,-23.2449],[150.4986,-23.2546],[150.5057,-23.2685],[150.5101,-23.2816],[150.5219,-23.278],[150.5314,-23.2878],[150.5377,-23.3008],[150.5346,-23.3043],[150.5165,-23.3144],[150.5163,-23.3186],[150.5085,-23.3224],[150.508,-23.328],[150.5008,-23.3312],[150.4925,-23.3286],[150.4897,-23.3303],[150.4943,-23.343],[150.4932,-23.3586],[150.5027,-23.3612],[150.5136,-23.3716],[150.5145,-23.3748],[150.5272,-23.3903],[150.5351,-23.3929],[150.5411,-23.3908],[150.5519,-23.3776],[150.5619,-23.3852],[150.5782,-23.41],[150.5896,-23.4202],[150.5934,-23.4237],[150.597,-23.4348],[150.602,-23.4427],[150.6089,-23.4485],[150.6168,-23.4501],[150.6255,-23.4572],[150.6279,-23.4747],[150.6371,-23.4857],[150.6556,-23.4879],[150.661,-23.4901],[150.6605,-23.4976],[150.651,-23.5022],[150.6412,-23.5051],[150.637,-23.5085],[150.638,-23.5169],[150.6483,-23.5182],[150.6545,-23.515],[150.6682,-23.5046],[150.6825,-23.4979],[150.6913,-23.4998],[150.7058,-23.5058],[150.7142,-23.5021],[150.7254,-23.4917],[150.7325,-23.44],[150.745,-23.4415],[150.7481,-23.4203],[150.7554,-23.4212],[150.7563,-23.4159],[150.7681,-23.4175],[150.7772,-23.4118],[150.7803,-23.3923],[150.772,-23.3891],[150.759,-23.3873],[150.7602,-23.3798],[150.7157,-23.3734],[150.7101,-23.3634],[150.7063,-23.3639],[150.6873,-23.3408],[150.6784,-23.347],[150.6692,-23.3398],[150.6624,-23.3432],[150.6558,-23.3365],[150.6475,-23.3355],[150.6459,-23.3464],[150.6405,-23.3457],[150.6373,-23.3505],[150.6275,-23.3438],[150.6252,-23.345],[150.6131,-23.3423],[150.6056,-23.3255],[150.6097,-23.3195],[150.6039,-23.3136],[150.6095,-23.3118],[150.6087,-23.3036],[150.6149,-23.2968],[150.6148,-23.2899],[150.6221,-23.2901],[150.6261,-23.2621],[150.6376,-23.2595],[150.6286,-23.2537],[150.6335,-23.2429],[150.6171,-23.2334],[150.5968,-23.2305],[150.5954,-23.2249],[150.5757,-23.2224],[150.5787,-23.2021],[150.5734,-23.2009],[150.5707,-23.1945],[150.5667,-23.1948],[150.566,-23.1871],[150.5617,-23.1806],[150.5656,-23.1766],[150.5646,-23.1706],[150.5528,-23.1693],[150.5531,-23.1763],[150.5265,-23.1732],[150.5254,-23.1808],[150.5136,-23.1794],[150.5119,-23.1923],[150.5057,-23.1916],[150.5034,-23.21],[150.4995,-23.228],[150.4919,-23.2336],[150.4904,-23.2378]]]}},{"type":"Feature","properties":{"pc":"4702"},"geometry":{"type":"MultiPolygon","coordinates":[[[[150.1552,-24.7851],[150.1537,-24.7676],[150.1579,-24.7642],[150.1998,-24.7696],[150.2017,-24.7589],[150.2101,-24.7526],[150.2112,-24.7396],[150.2068,-24.7275],[150.2052,-24.7111],[150.2097,-24.6997],[150.2201,-24.7076],[150.2194,-24.7115],[150.2283,-24.7127],[150.2256,-24.7221],[150.2499,-24.7255],[150.2535,-24.7049],[150.2596,-24.7113],[150.2722,-24.7134],[150.2695,-24.7252],[150.2749,-24.731],[150.2831,-24.7358],[150.2933,-24.7297],[150.3032,-24.7199],[150.3127,-24.7062],[150.3306,-24.6966],[150.337,-24.6851],[150.3444,-24.6841],[150.3512,-24.6747],[150.3568,-24.6725],[150.3679,-24.6734],[150.3723,-24.6716],[150.3818,-24.6727],[150.3698,-24.6485],[150.3472,-24.6444],[150.3411,-24.6377],[150.3478,-24.6344],[150.3492,-24.6292],[150.3552,-24.6285],[150.3579,-24.6228],[150.367,-24.6255],[150.3695,-24.6222],[150.3814,-24.6216],[150.3825,-24.6137],[150.3739,-24.6106],[150.3721,-24.6013],[150.369,-24.5967],[150.3677,-24.5809],[150.3626,-24.5801],[150.3571,-24.5736],[150.3458,-24.5775],[150.3325,-24.5762],[150.3242,-24.5638],[150.3217,-24.5475],[150.3174,-24.5467],[150.3149,-24.5401],[150.3154,-24.5314],[150.3299,-24.5324],[150.3344,-24.531],[150.3349,-24.5219],[150.3293,-24.52],[150.3397,-24.5096],[150.3403,-24.4985],[150.3371,-24.4896],[150.3466,-24.4844],[150.3474,-24.4807],[150.3383,-24.476],[150.3353,-24.4684],[150.3294,-24.4652],[150.3282,-24.4573],[150.3229,-24.4513],[150.3161,-24.4491],[150.3152,-24.4394],[150.3199,-24.4368],[150.3201,-24.4302],[150.3295,-24.4261],[150.3296,-24.419],[150.3324,-24.4159],[150.3244,-24.408],[150.3171,-24.4041],[150.311,-24.3925],[150.3004,-24.3863],[150.3047,-24.3558],[150.2614,-24.3508],[150.264,-24.3328],[150.2556,-24.3318],[150.2634,-24.3243],[150.262,-24.3173],[150.2064,-24.3099],[150.2171,-24.2913],[150.2149,-24.2823],[150.221,-24.2741],[150.2217,-24.2662],[150.2287,-24.2568],[150.2222,-24.2507],[150.2184,-24.2418],[150.2227,-24.2355],[150.2177,-24.2283],[150.2156,-24.2182],[150.2163,-24.2109],[150.2271,-24.1994],[150.2385,-24.2],[150.2649,-24.1889],[150.2801,-24.2005],[150.2836,-24.1957],[150.295,-24.1863],[150.2994,-24.1871],[150.3066,-24.1817],[150.3092,-24.1847],[150.3214,-24.1758],[150.3323,-24.1883],[150.3406,-24.1826],[150.3497,-24.1857],[150.3372,-24.1949],[150.3518,-24.211],[150.3781,-24.2442],[150.3884,-24.2386],[150.3936,-24.2419],[150.3956,-24.247],[150.4071,-24.2567],[150.4164,-24.2751],[150.4174,-24.2886],[150.4257,-24.3023],[150.4314,-24.3085],[150.4493,-24.2992],[150.4593,-24.3027],[150.4687,-24.2979],[150.4878,-24.2821],[150.4845,-24.2757],[150.4688,-24.2531],[150.489,-24.2416],[150.4943,-24.2405],[150.5034,-24.2448],[150.5054,-24.2326],[150.5093,-24.221],[150.5066,-24.2079],[150.5072,-24.1975],[150.5041,-24.1784],[150.51,-24.1623],[150.515,-24.1624],[150.5174,-24.1525],[150.5134,-24.1508],[150.4998,-24.1556],[150.505,-24.1212],[150.5011,-24.1149],[150.5065,-24.079],[150.5175,-24.0754],[150.5312,-24.0736],[150.5304,-24.0641],[150.5271,-24.0582],[150.5348,-24.0516],[150.5445,-24.0534],[150.557,-24.0519],[150.5587,-24.0572],[150.5672,-24.0587],[150.5695,-24.0641],[150.5755,-24.0613],[150.5838,-24.064],[150.5893,-24.0623],[150.5762,-24.0224],[150.5792,-24.0181],[150.5885,-24.0148],[150.5959,-24.0169],[150.6016,-24.0152],[150.6069,-24.0179],[150.6153,-24.0117],[150.6318,-24.0116],[150.6354,-24.0169],[150.6471,-24.0209],[150.649,-24.0273],[150.6598,-24.0258],[150.6676,-24.0316],[150.6767,-24.0355],[150.6782,-24.0242],[150.6981,-24.027],[150.6974,-24.0027],[150.6979,-23.9952],[150.7022,-23.9875],[150.6947,-23.9825],[150.6948,-23.975],[150.6866,-23.9595],[150.6848,-23.9484],[150.6786,-23.9451],[150.6771,-23.9393],[150.666,-23.9346],[150.6614,-23.9295],[150.6549,-23.9275],[150.6487,-23.9323],[150.6332,-23.9223],[150.626,-23.9073],[150.6212,-23.9065],[150.6231,-23.8965],[150.6176,-23.8911],[150.618,-23.8842],[150.6073,-23.864],[150.6033,-23.854],[150.5983,-23.8486],[150.5995,-23.8372],[150.6026,-23.8336],[150.5983,-23.8276],[150.5881,-23.8249],[150.5819,-23.8289],[150.5675,-23.8249],[150.5639,-23.8266],[150.5551,-23.8236],[150.5438,-23.8275],[150.5443,-23.8379],[150.535,-23.841],[150.5336,-23.8495],[150.5208,-23.8519],[150.5092,-23.8481],[150.5025,-23.8498],[150.4936,-23.8456],[150.4919,-23.8495],[150.485,-23.8502],[150.4821,-23.8442],[150.4756,-23.8428],[150.4689,-23.8519],[150.46,-23.8469],[150.4612,-23.8399],[150.4504,-23.8297],[150.448,-23.8233],[150.4379,-23.8228],[150.4265,-23.819],[150.4164,-23.8206],[150.4118,-23.8152],[150.3978,-23.8211],[150.3966,-23.8279],[150.3864,-23.8374],[150.3786,-23.837],[150.3708,-23.8335],[150.3647,-23.824],[150.3523,-23.8205],[150.3476,-23.8168],[150.3484,-23.8111],[150.3409,-23.8073],[150.3321,-23.8117],[150.3284,-23.824],[150.3179,-23.8219],[150.3176,-23.8153],[150.3136,-23.8129],[150.3157,-23.7951],[150.3081,-23.7918],[150.3086,-23.7875],[150.3147,-23.7843],[150.3125,-23.7768],[150.3138,-23.769],[150.3086,-23.7596],[150.2896,-23.7584],[150.293,-23.7519],[150.2848,-23.7432],[150.2831,-23.7343],[150.2768,-23.7315],[150.2798,-23.7238],[150.277,-23.7199],[150.2708,-23.7193],[150.2665,-23.7131],[150.258,-23.7092],[150.2538,-23.7045],[150.2562,-23.7003],[150.264,-23.6984],[150.268,-23.6913],[150.2563,-23.6841],[150.2529,-23.6723],[150.262,-23.6694],[150.2601,-23.6613],[150.2659,-23.6563],[150.2748,-23.6519],[150.2704,-23.6473],[150.2763,-23.6429],[150.2789,-23.6358],[150.287,-23.6311],[150.2934,-23.6322],[150.3009,-23.6292],[150.3049,-23.6307],[150.3133,-23.6395],[150.3136,-23.6427],[150.3262,-23.6425],[150.347,-23.6489],[150.3493,-23.6562],[150.3568,-23.6527],[150.3582,-23.6441],[150.357,-23.6308],[150.3629,-23.6264],[150.3693,-23.618],[150.3721,-23.6104],[150.3767,-23.6084],[150.3859,-23.5988],[150.3964,-23.5997],[150.3952,-23.592],[150.4106,-23.5944],[150.4163,-23.5973],[150.4331,-23.6017],[150.446,-23.5938],[150.4499,-23.5934],[150.4673,-23.6011],[150.4753,-23.6035],[150.4834,-23.6097],[150.494,-23.6131],[150.4965,-23.6168],[150.5086,-23.6173],[150.5151,-23.6197],[150.5233,-23.6152],[150.5264,-23.609],[150.5185,-23.5975],[150.5235,-23.565],[150.5337,-23.5704],[150.552,-23.5728],[150.5573,-23.5389],[150.6431,-23.55],[150.6445,-23.5416],[150.6393,-23.5388],[150.631,-23.5285],[150.6316,-23.523],[150.638,-23.5169],[150.637,-23.5085],[150.6412,-23.5051],[150.651,-23.5022],[150.6605,-23.4976],[150.661,-23.4901],[150.6556,-23.4879],[150.6371,-23.4857],[150.6279,-23.4747],[150.6255,-23.4572],[150.6168,-23.4501],[150.6089,-23.4485],[150.602,-23.4427],[150.597,-23.4348],[150.5934,-23.4237],[150.5896,-23.4202],[150.5843,-23.4232],[150.528,-23.4624],[150.5194,-23.4516],[150.5057,-23.447],[150.5067,-23.4415],[150.5146,-23.439],[150.5068,-23.4327],[150.4676,-23.4268],[150.459,-23.4178],[150.4335,-23.4057],[150.4293,-23.4069],[150.4353,-23.3717],[150.4401,-23.3783],[150.4511,-23.3848],[150.4593,-23.3802],[150.4671,-23.3787],[150.4722,-23.3725],[150.4848,-23.3632],[150.4932,-23.3586],[150.4943,-23.343],[150.4897,-23.3303],[150.4925,-23.3286],[150.5008,-23.3312],[150.508,-23.328],[150.5085,-23.3224],[150.5163,-23.3186],[150.5165,-23.3144],[150.5346,-23.3043],[150.5377,-23.3008],[150.5314,-23.2878],[150.5219,-23.278],[150.5101,-23.2816],[150.5046,-23.2919],[150.4947,-23.2918],[150.4869,-23.2976],[150.4852,-23.3013],[150.4696,-23.3012],[150.4748,-23.3118],[150.4795,-23.3147],[150.4716,-23.3211],[150.4604,-23.3375],[150.4499,-23.3397],[150.4472,-23.3313],[150.4522,-23.322],[150.4518,-23.314],[150.4476,-23.3059],[150.437,-23.2925],[150.4338,-23.2851],[150.4267,-23.2537],[150.4225,-23.2461],[150.4359,-23.2225],[150.4401,-23.2189],[150.4456,-23.2232],[150.4564,-23.2278],[150.4618,-23.2262],[150.4605,-23.2346],[150.4904,-23.2378],[150.4919,-23.2336],[150.4995,-23.228],[150.5034,-23.21],[150.5057,-23.1916],[150.5119,-23.1923],[150.5136,-23.1794],[150.5154,-23.1654],[150.5024,-23.164],[150.5034,-23.1561],[150.496,-23.1552],[150.4457,-23.149],[150.4515,-23.1098],[150.4562,-23.1064],[150.4634,-23.1075],[150.4647,-23.0986],[150.4712,-23.083],[150.4771,-23.0901],[150.4932,-23.0923],[150.4924,-23.0986],[150.5015,-23.0999],[150.5207,-23.1026],[150.5253,-23.072],[150.5348,-23.073],[150.537,-23.0582],[150.5293,-23.0572],[150.5313,-23.044],[150.5121,-23.0414],[150.5177,-23.0062],[150.5314,-23.0079],[150.5379,-22.9673],[150.5617,-22.9705],[150.5672,-22.9317],[150.5854,-22.934],[150.5504,-22.9092],[150.5554,-22.9006],[150.5698,-22.8969],[150.576,-22.9],[150.5801,-22.8951],[150.5946,-22.8982],[150.5955,-22.8954],[150.5899,-22.8861],[150.5886,-22.8788],[150.5793,-22.8605],[150.5793,-22.8507],[150.5874,-22.8487],[150.5904,-22.8401],[150.5973,-22.8401],[150.6079,-22.8434],[150.6116,-22.8321],[150.6164,-22.8303],[150.6198,-22.8202],[150.6168,-22.8137],[150.6246,-22.7588],[150.6196,-22.7582],[150.6208,-22.7489],[150.6256,-22.7423],[150.6356,-22.7411],[150.6416,-22.7434],[150.7156,-22.7582],[150.7207,-22.745],[150.7603,-22.7562],[150.7696,-22.7593],[150.7656,-22.7687],[150.8079,-22.7738],[150.8126,-22.7514],[150.8168,-22.7482],[150.8169,-22.7392],[150.8191,-22.7326],[150.8242,-22.7303],[150.8214,-22.7211],[150.8229,-22.7115],[150.8298,-22.7034],[150.8262,-22.698],[150.8281,-22.689],[150.8311,-22.6846],[150.8219,-22.6809],[150.8134,-22.6798],[150.8044,-22.6715],[150.803,-22.658],[150.8046,-22.6486],[150.8013,-22.6454],[150.7938,-22.6457],[150.7903,-22.6503],[150.7811,-22.6464],[150.7777,-22.639],[150.775,-22.614],[150.7782,-22.5845],[150.7816,-22.5677],[150.7856,-22.5602],[150.7881,-22.5505],[150.7814,-22.5472],[150.7803,-22.5407],[150.7891,-22.5364],[150.7778,-22.5263],[150.7646,-22.5267],[150.7545,-22.5236],[150.758,-22.5343],[150.7563,-22.5394],[150.7591,-22.5435],[150.7677,-22.547],[150.7627,-22.5522],[150.7589,-22.5705],[150.7451,-22.5831],[150.7406,-22.5973],[150.7438,-22.6167],[150.737,-22.6275],[150.7219,-22.6362],[150.7135,-22.6368],[150.7053,-22.63],[150.7212,-22.6333],[150.7287,-22.629],[150.7319,-22.6244],[150.7308,-22.616],[150.7245,-22.6129],[150.7198,-22.6035],[150.719,-22.5976],[150.7265,-22.5801],[150.7265,-22.5681],[150.7211,-22.5563],[150.7085,-22.5514],[150.6917,-22.5536],[150.6912,-22.5588],[150.6863,-22.5607],[150.6814,-22.5678],[150.6771,-22.5661],[150.6842,-22.555],[150.684,-22.5476],[150.688,-22.5418],[150.6743,-22.5329],[150.6683,-22.5229],[150.6689,-22.5191],[150.665,-22.5089],[150.6748,-22.5059],[150.6738,-22.501],[150.6676,-22.499],[150.6567,-22.488],[150.6591,-22.4846],[150.6742,-22.4919],[150.6814,-22.4847],[150.686,-22.4924],[150.691,-22.4929],[150.6996,-22.4981],[150.6961,-22.5031],[150.6986,-22.5067],[150.7129,-22.5129],[150.7268,-22.5142],[150.7271,-22.4955],[150.7294,-22.4883],[150.74,-22.4739],[150.7495,-22.4749],[150.7585,-22.4684],[150.7513,-22.4601],[150.7474,-22.453],[150.7468,-22.446],[150.7364,-22.4435],[150.7305,-22.4472],[150.7218,-22.4433],[150.7166,-22.4438],[150.7088,-22.4392],[150.7032,-22.4394],[150.6932,-22.4306],[150.6875,-22.4135],[150.6837,-22.3871],[150.6863,-22.379],[150.6785,-22.3747],[150.68,-22.3641],[150.6754,-22.3564],[150.6655,-22.3492],[150.6607,-22.3504],[150.6586,-22.3566],[150.6617,-22.3621],[150.6573,-22.3664],[150.6505,-22.369],[150.6563,-22.3811],[150.6663,-22.3919],[150.6695,-22.401],[150.664,-22.4071],[150.6616,-22.4184],[150.66,-22.4398],[150.6578,-22.4465],[150.6503,-22.4347],[150.6559,-22.4266],[150.655,-22.419],[150.6578,-22.4142],[150.6459,-22.3929],[150.6343,-22.3915],[150.6307,-22.3961],[150.6233,-22.3936],[150.6125,-22.3845],[150.6187,-22.3826],[150.6234,-22.3884],[150.6376,-22.3822],[150.6401,-22.374],[150.6334,-22.3707],[150.6283,-22.3615],[150.629,-22.3569],[150.6407,-22.3634],[150.6411,-22.3573],[150.6458,-22.3473],[150.6428,-22.3425],[150.634,-22.3389],[150.626,-22.3318],[150.6186,-22.3334],[150.6068,-22.3304],[150.6031,-22.3344],[150.597,-22.3279],[150.5889,-22.3261],[150.5859,-22.3294],[150.5758,-22.3252],[150.5661,-22.3162],[150.5557,-22.3235],[150.556,-22.3316],[150.551,-22.3369],[150.5505,-22.3427],[150.5436,-22.3449],[150.5398,-22.3506],[150.5392,-22.3716],[150.5342,-22.3749],[150.5333,-22.3813],[150.5361,-22.3927],[150.5328,-22.4001],[150.535,-22.4065],[150.5401,-22.4052],[150.5402,-22.4204],[150.544,-22.4256],[150.5377,-22.4322],[150.5417,-22.437],[150.542,-22.4432],[150.5491,-22.4466],[150.5597,-22.4483],[150.5701,-22.4521],[150.5757,-22.4515],[150.5838,-22.4577],[150.5874,-22.4626],[150.5809,-22.4651],[150.5794,-22.4598],[150.5724,-22.4558],[150.5606,-22.4523],[150.553,-22.4523],[150.5346,-22.4452],[150.5331,-22.45],[150.5408,-22.4616],[150.5481,-22.4702],[150.5563,-22.477],[150.5792,-22.4803],[150.5555,-22.4816],[150.5527,-22.4856],[150.5571,-22.4939],[150.5689,-22.5047],[150.5674,-22.5231],[150.5804,-22.5427],[150.5853,-22.5552],[150.5923,-22.5648],[150.5918,-22.5748],[150.573,-22.5773],[150.5666,-22.5671],[150.5561,-22.563],[150.5492,-22.5694],[150.5467,-22.5763],[150.5374,-22.5902],[150.5421,-22.6019],[150.5355,-22.5989],[150.5348,-22.5883],[150.5425,-22.5778],[150.5448,-22.5614],[150.533,-22.5528],[150.521,-22.5497],[150.5111,-22.5421],[150.5021,-22.5379],[150.4959,-22.5303],[150.4918,-22.5214],[150.4862,-22.5214],[150.4887,-22.5292],[150.501,-22.5415],[150.5016,-22.5491],[150.4977,-22.5602],[150.4908,-22.5488],[150.4914,-22.5423],[150.4839,-22.5343],[150.4756,-22.5305],[150.4718,-22.5262],[150.4569,-22.5233],[150.4462,-22.5225],[150.4354,-22.5089],[150.4244,-22.4989],[150.4149,-22.4943],[150.4051,-22.4965],[150.4029,-22.4813],[150.396,-22.4757],[150.3859,-22.4721],[150.3839,-22.4654],[150.3802,-22.4634],[150.3686,-22.4628],[150.3578,-22.4531],[150.3452,-22.4465],[150.3412,-22.4417],[150.3335,-22.4412],[150.3222,-22.4268],[150.3146,-22.4264],[150.3053,-22.4224],[150.2997,-22.4177],[150.2983,-22.4062],[150.2792,-22.3983],[150.2749,-22.4013],[150.2653,-22.401],[150.2552,-22.3964],[150.2514,-22.3973],[150.2219,-22.3902],[150.2159,-22.3914],[150.2155,-22.3855],[150.2094,-22.3806],[150.2058,-22.3691],[150.1993,-22.3706],[150.1838,-22.3648],[150.1774,-22.3605],[150.1749,-22.3521],[150.1789,-22.3409],[150.1859,-22.336],[150.1888,-22.3265],[150.1922,-22.3252],[150.1771,-22.3125],[150.1633,-22.3084],[150.1574,-22.305],[150.1549,-22.2978],[150.159,-22.2947],[150.1574,-22.2859],[150.15,-22.2716],[150.1516,-22.2598],[150.1443,-22.2548],[150.136,-22.2535],[150.1333,-22.2496],[150.1234,-22.2444],[150.1216,-22.2379],[150.116,-22.2382],[150.1102,-22.233],[150.1093,-22.2272],[150.1028,-22.2212],[150.1003,-22.2117],[150.0877,-22.1828],[150.0845,-22.1685],[150.0812,-22.164],[150.0816,-22.1524],[150.0789,-22.1504],[150.0703,-22.1553],[150.0637,-22.151],[150.0618,-22.138],[150.0533,-22.135],[150.0483,-22.1298],[150.0409,-22.1279],[150.0355,-22.1292],[150.0303,-22.1364],[150.0298,-22.1442],[150.0248,-22.147],[150.0051,-22.1429],[149.9975,-22.1456],[149.9921,-22.1501],[149.9868,-22.1636],[149.9762,-22.1695],[149.964,-22.1742],[149.9559,-22.1853],[149.9489,-22.2016],[149.9436,-22.2101],[149.9421,-22.222],[149.9439,-22.2293],[149.9397,-22.2326],[149.9376,-22.2415],[149.9317,-22.2544],[149.9311,-22.2643],[149.9259,-22.265],[149.9175,-22.2761],[149.9185,-22.2849],[149.9158,-22.2952],[149.9224,-22.3051],[149.9206,-22.3116],[149.9146,-22.316],[149.9173,-22.3231],[149.9291,-22.3235],[149.927,-22.3447],[149.9155,-22.3418],[149.913,-22.3458],[149.9179,-22.3598],[149.9314,-22.389],[149.94,-22.4003],[149.9467,-22.4159],[149.9567,-22.4358],[149.9631,-22.456],[149.9735,-22.4663],[149.9812,-22.486],[149.982,-22.4986],[149.9848,-22.507],[149.9946,-22.5226],[150.0028,-22.5301],[150.004,-22.5378],[150.0021,-22.5465],[150.0048,-22.5523],[150.0055,-22.5641],[150.0109,-22.5829],[150.0178,-22.5896],[150.0201,-22.6031],[150.0306,-22.6187],[150.029,-22.6271],[150.0303,-22.6335],[150.0379,-22.6343],[150.0358,-22.6422],[150.0418,-22.6475],[150.0422,-22.6559],[150.0462,-22.6603],[150.0598,-22.6559],[150.0659,-22.6514],[150.074,-22.6538],[150.0764,-22.6608],[150.0721,-22.6703],[150.0586,-22.6796],[150.044,-22.6945],[150.0256,-22.7062],[150.0189,-22.7134],[150.0242,-22.7191],[150.0193,-22.7213],[149.996,-22.7184],[149.9938,-22.7336],[149.9905,-22.7367],[149.9416,-22.7311],[149.9431,-22.7428],[149.9483,-22.7447],[149.9536,-22.7512],[149.9529,-22.7614],[149.9562,-22.7687],[149.9627,-22.769],[149.9697,-22.7757],[149.9778,-22.7748],[149.9825,-22.7881],[149.9841,-22.797],[149.9896,-22.7997],[149.9945,-22.7956],[150.0001,-22.8061],[149.9972,-22.8084],[149.9988,-22.8158],[149.9942,-22.8491],[149.9888,-22.8424],[149.9794,-22.8412],[149.981,-22.8295],[149.9669,-22.8275],[149.9685,-22.8378],[149.9667,-22.8409],[149.9572,-22.9022],[149.9777,-22.9047],[149.9877,-22.9181],[149.9897,-22.9241],[150.0043,-22.9351],[150.0024,-22.9479],[149.9923,-22.9465],[149.9749,-22.9822],[149.9678,-22.9861],[149.9598,-22.995],[149.9583,-23.0075],[149.9499,-23.0187],[149.9434,-23.0206],[149.9392,-23.0251],[149.9285,-23.0299],[149.9273,-23.0242],[149.9332,-23.0137],[149.9205,-23.0068],[149.9081,-23.0071],[149.9023,-22.997],[149.891,-22.996],[149.8778,-22.9881],[149.8663,-22.994],[149.8613,-22.9899],[149.8506,-22.9868],[149.8466,-22.9984],[149.8411,-23.0001],[149.8339,-22.9968],[149.8352,-22.9908],[149.8281,-22.9878],[149.8265,-22.9816],[149.821,-22.9813],[149.8147,-22.9847],[149.8086,-22.9914],[149.8025,-22.9923],[149.7895,-23.0055],[149.784,-23.0069],[149.7785,-23.0145],[149.7691,-23.0176],[149.7613,-23.0172],[149.7529,-23.0216],[149.7448,-23.0197],[149.7376,-23.0264],[149.7312,-23.0259],[149.7238,-23.033],[149.7196,-23.0415],[149.7221,-23.0522],[149.7195,-23.0607],[149.6726,-23.082],[149.6554,-23.0766],[149.6489,-23.0774],[149.6369,-23.0742],[149.6219,-23.0847],[149.617,-23.0934],[149.5029,-23.1241],[149.4947,-23.1169],[149.4816,-23.1131],[149.4782,-23.1082],[149.4805,-23.099],[149.4865,-23.0996],[149.4906,-23.0958],[149.4919,-23.0841],[149.4889,-23.0704],[149.4863,-23.0668],[149.4858,-23.0578],[149.4695,-23.0474],[149.4534,-23.0404],[149.4425,-23.0334],[149.4292,-23.0204],[149.4279,-23.0052],[149.4251,-23.0013],[149.4162,-22.9994],[149.4113,-22.9881],[149.4158,-22.9748],[149.4215,-22.962],[149.4215,-22.9538],[149.4177,-22.9462],[149.4145,-22.9166],[149.4011,-22.8963],[149.384,-22.896],[149.3768,-22.8908],[149.3686,-22.8779],[149.3537,-22.8761],[149.3467,-22.8787],[149.3283,-22.8777],[149.3271,-22.8831],[149.3313,-22.8931],[149.3302,-22.8986],[149.3218,-22.9046],[149.3143,-22.905],[149.3084,-22.9119],[149.3018,-22.9282],[149.2863,-22.9406],[149.2839,-22.9461],[149.2881,-22.9482],[149.2873,-22.956],[149.2801,-22.9616],[149.276,-22.9619],[149.2505,-22.9745],[149.2408,-22.9729],[149.2342,-22.9825],[149.2343,-22.9873],[149.2291,-23.003],[149.224,-23.0115],[149.2144,-23.0227],[149.2103,-23.0328],[149.2026,-23.0468],[149.1928,-23.0505],[149.1799,-23.0482],[149.1731,-23.0517],[149.1473,-23.0587],[149.1303,-23.0607],[149.1251,-23.0627],[149.1114,-23.056],[149.0964,-23.0595],[149.0816,-23.0615],[149.0545,-23.0584],[149.0443,-23.0588],[149.0396,-23.0617],[149.0345,-23.0718],[149.0254,-23.0814],[149.0052,-23.0859],[149.0002,-23.088],[148.9796,-23.0923],[148.9725,-23.0983],[148.9716,-23.1068],[148.9772,-23.1131],[148.9734,-23.1245],[148.9782,-23.1282],[148.9906,-23.1297],[148.9871,-23.1428],[148.991,-23.1465],[149.0057,-23.1502],[149.0065,-23.1663],[148.998,-23.1742],[148.9926,-23.1855],[148.9854,-23.1945],[148.9776,-23.193],[148.9679,-23.1958],[148.9703,-23.2021],[148.9588,-23.2033],[148.9523,-23.2092],[148.9473,-23.2179],[148.9526,-23.2246],[148.9481,-23.2405],[148.9449,-23.2435],[148.9272,-23.2443],[148.9212,-23.2513],[148.9269,-23.256],[148.9251,-23.2619],[148.9143,-23.2651],[148.898,-23.2614],[148.8869,-23.2559],[148.8805,-23.248],[148.8732,-23.2528],[148.874,-23.2596],[148.8657,-23.2602],[148.8558,-23.2659],[148.8527,-23.2817],[148.8468,-23.284],[148.8457,-23.2906],[148.8564,-23.31],[148.8671,-23.3154],[148.87,-23.3265],[148.8686,-23.3516],[148.8597,-23.3609],[148.9381,-23.37],[148.8926,-23.3995],[148.8992,-23.4025],[148.9159,-23.407],[148.9146,-23.4127],[148.9205,-23.4213],[148.9173,-23.4341],[148.9108,-23.438],[148.9088,-23.4425],[148.9253,-23.5314],[148.9331,-23.5301],[148.9464,-23.5846],[148.9424,-23.5858],[148.9098,-23.5861],[148.9082,-23.5973],[148.8918,-23.5955],[148.8849,-23.5928],[148.8813,-23.5975],[148.8684,-23.5963],[148.8697,-23.5864],[148.8593,-23.5857],[148.7856,-23.5862],[148.7257,-23.5948],[148.7082,-23.5999],[148.696,-23.5955],[148.6858,-23.6013],[148.6675,-23.601],[148.6485,-23.5997],[148.6718,-23.5558],[148.6766,-23.5461],[148.6311,-23.5399],[148.6122,-23.5396],[148.6029,-23.54],[148.5924,-23.5431],[148.586,-23.5341],[148.5778,-23.5324],[148.5749,-23.537],[148.5741,-23.5446],[148.5693,-23.5529],[148.5583,-23.5535],[148.5504,-23.556],[148.5461,-23.5525],[148.5375,-23.556],[148.5255,-23.5503],[148.5228,-23.538],[148.5246,-23.525],[148.5229,-23.5052],[148.573,-23.4689],[148.5504,-23.4069],[148.5013,-23.4016],[148.4851,-23.4061],[148.4628,-23.4344],[148.4561,-23.441],[148.4513,-23.4334],[148.444,-23.4323],[148.43,-23.4358],[148.4192,-23.4323],[148.4113,-23.4269],[148.402,-23.424],[148.3794,-23.4218],[148.3571,-23.4244],[148.3433,-23.4287],[148.4076,-23.4704],[148.407,-23.4712],[148.3013,-23.5549],[148.2871,-23.5384],[148.2625,-23.5565],[148.2785,-23.5608],[148.2732,-23.6009],[148.2622,-23.5997],[148.2599,-23.6301],[148.2162,-23.6252],[148.219,-23.6318],[148.1593,-23.6251],[148.1597,-23.6229],[148.0984,-23.6161],[148.091,-23.6247],[148.0852,-23.6265],[148.0702,-23.6401],[148.0715,-23.6524],[148.0632,-23.6495],[148.058,-23.6537],[148.0527,-23.6531],[148.0419,-23.6482],[148.0479,-23.6646],[148.0463,-23.6692],[148.0392,-23.6714],[148.0334,-23.6703],[148.033,-23.6655],[148.0422,-23.6587],[148.0369,-23.6556],[148.0298,-23.662],[148.0222,-23.664],[148.0238,-23.6567],[148.0323,-23.6493],[148.025,-23.6482],[148.0227,-23.6512],[148.0156,-23.6492],[148.0132,-23.6448],[148.004,-23.642],[148.0041,-23.6491],[147.9948,-23.6512],[147.9905,-23.6428],[147.9858,-23.6406],[147.9836,-23.6343],[147.9773,-23.6343],[147.9817,-23.6416],[147.98,-23.6479],[147.9717,-23.6524],[147.9734,-23.6593],[147.9778,-23.6639],[147.9808,-23.6745],[147.9765,-23.6805],[147.9669,-23.6857],[147.9634,-23.6814],[147.953,-23.6786],[147.9497,-23.6834],[147.9371,-23.6941],[147.9319,-23.6868],[147.9319,-23.6779],[147.9294,-23.6733],[147.916,-23.668],[147.9193,-23.6614],[147.9155,-23.6533],[147.9115,-23.6536],[147.909,-23.6462],[147.894,-23.6457],[147.9028,-23.6565],[147.8954,-23.6595],[147.8945,-23.6741],[147.9,-23.6696],[147.9064,-23.6724],[147.9042,-23.6828],[147.8939,-23.6794],[147.8927,-23.7005],[147.887,-23.7045],[147.8823,-23.7135],[147.8763,-23.7302],[147.8641,-23.7332],[147.8569,-23.7537],[147.8601,-23.7588],[147.8463,-23.7591],[147.8425,-23.769],[147.8507,-23.7802],[147.8503,-23.786],[147.8579,-23.79],[147.8453,-23.7926],[147.8477,-23.8024],[147.8467,-23.806],[147.8353,-23.8133],[147.8264,-23.8226],[147.8277,-23.8317],[147.9952,-23.8512],[148.0005,-23.8471],[148.0391,-23.8515],[148.0456,-23.8686],[148.0487,-23.8733],[148.0504,-23.8859],[148.058,-23.892],[148.063,-23.8926],[148.0608,-23.9085],[148.119,-23.915],[148.1376,-23.9188],[148.1462,-23.9225],[148.1631,-23.9252],[148.1727,-23.938],[148.1746,-23.9338],[148.1827,-23.9326],[148.1955,-23.9232],[148.2015,-23.9163],[148.213,-23.9133],[148.2222,-23.9066],[148.2248,-23.8948],[148.2298,-23.8872],[148.2304,-23.8768],[148.2369,-23.8727],[148.2574,-23.8718],[148.2677,-23.8636],[148.279,-23.8638],[148.2915,-23.855],[148.2921,-23.8473],[148.3074,-23.8421],[148.3223,-23.8448],[148.3312,-23.8404],[148.3414,-23.8431],[148.3473,-23.8421],[148.3535,-23.8376],[148.3615,-23.8367],[148.3792,-23.8236],[148.3877,-23.8218],[148.3972,-23.8132],[148.4094,-23.8097],[148.4206,-23.7978],[148.428,-23.7934],[148.4344,-23.7859],[148.4363,-23.7767],[148.4525,-23.7787],[148.5153,-23.7851],[148.5111,-23.7925],[148.5078,-23.8053],[148.51,-23.8106],[148.518,-23.8152],[148.517,-23.8256],[148.5105,-23.8432],[148.5118,-23.8513],[148.508,-23.8586],[148.5113,-23.8662],[148.5175,-23.8684],[148.5119,-23.8749],[148.5102,-23.8817],[148.5028,-23.8885],[148.4951,-23.8876],[148.4863,-23.8954],[148.4832,-23.9043],[148.4869,-23.9137],[148.4918,-23.9188],[148.491,-23.9243],[148.4821,-23.9331],[148.4846,-23.9403],[148.4944,-23.942],[148.5075,-23.9543],[148.5084,-23.9619],[148.501,-23.9761],[148.5071,-23.9833],[148.5076,-23.9882],[148.5295,-23.9971],[148.5347,-24.0136],[148.5331,-24.0275],[148.5231,-24.0346],[148.5232,-24.044],[148.5291,-24.0522],[148.5423,-24.0588],[148.5434,-24.0673],[148.5377,-24.0772],[148.5331,-24.0887],[148.535,-24.0958],[148.5417,-24.0962],[148.5566,-24.105],[148.5532,-24.1301],[148.5227,-24.1518],[148.5213,-24.1622],[148.5899,-24.1703],[148.5904,-24.1758],[148.5981,-24.1846],[148.5924,-24.1896],[148.5862,-24.1864],[148.5758,-24.1903],[148.5735,-24.1994],[148.5765,-24.2095],[148.5769,-24.2247],[148.5808,-24.2314],[148.589,-24.2374],[148.5934,-24.2435],[148.5943,-24.2498],[148.5987,-24.2539],[148.6087,-24.2543],[148.6105,-24.2586],[148.6083,-24.2669],[148.609,-24.2755],[148.6231,-24.2893],[148.6206,-24.2967],[148.6127,-24.3093],[148.6154,-24.3137],[148.6145,-24.3201],[148.6207,-24.328],[148.6155,-24.3332],[148.6126,-24.342],[148.6038,-24.3475],[148.5965,-24.3668],[148.5979,-24.3763],[148.5956,-24.3778],[148.5934,-24.3882],[148.5948,-24.3915],[148.5886,-24.4114],[148.5807,-24.4184],[148.5832,-24.4328],[148.5896,-24.4369],[148.5852,-24.4656],[148.5641,-24.4741],[148.5571,-24.476],[148.5303,-24.4728],[148.5246,-24.5133],[148.5038,-24.5141],[148.494,-24.518],[148.489,-24.5538],[148.4983,-24.5549],[148.4958,-24.5726],[148.4834,-24.5689],[148.4814,-24.5724],[148.4825,-24.5846],[148.4633,-24.6008],[148.4503,-24.5976],[148.4407,-24.5878],[148.4362,-24.5756],[148.4383,-24.5656],[148.4431,-24.5568],[148.4138,-24.548],[148.4136,-24.5496],[148.3934,-24.5639],[148.3921,-24.5734],[148.3878,-24.5745],[148.3724,-24.5854],[148.363,-24.5868],[148.36,-24.5945],[148.3448,-24.6031],[148.3211,-24.5982],[148.3118,-24.6026],[148.3044,-24.6036],[148.2986,-24.6001],[148.2815,-24.5931],[148.269,-24.5986],[148.2572,-24.6122],[148.2535,-24.6112],[148.2344,-24.5882],[148.21,-24.5607],[148.2161,-24.5564],[148.2098,-24.5489],[148.1691,-24.5444],[148.163,-24.5471],[148.1595,-24.5545],[148.163,-24.5626],[148.161,-24.5673],[148.1511,-24.5786],[148.1338,-24.5892],[148.1307,-24.5949],[148.1185,-24.5998],[148.1092,-24.6113],[148.11,-24.6187],[148.1077,-24.6238],[148.1096,-24.6293],[148.1055,-24.6416],[148.1064,-24.6486],[148.1022,-24.6563],[148.0951,-24.6633],[148.0787,-24.6748],[148.0698,-24.6731],[148.0625,-24.6744],[148.0597,-24.6797],[148.0527,-24.6831],[148.0447,-24.6825],[148.0429,-24.6682],[148.047,-24.662],[148.0444,-24.6571],[148.0424,-24.646],[148.0481,-24.6328],[148.0606,-24.6136],[148.0686,-24.6061],[148.0808,-24.6004],[148.0775,-24.589],[148.0872,-24.5799],[148.092,-24.571],[148.0835,-24.5609],[148.0855,-24.5554],[148.0562,-24.5507],[148.0519,-24.5857],[148.0275,-24.5829],[148.0176,-24.5716],[148.0269,-24.5526],[148.0392,-24.5451],[148.0477,-24.5288],[148.0008,-24.5225],[147.9854,-24.5353],[147.9639,-24.5331],[147.9647,-24.5269],[147.958,-24.5217],[147.9516,-24.5299],[147.9519,-24.535],[147.9589,-24.5384],[147.9579,-24.5425],[147.9593,-24.5577],[147.9585,-24.5669],[147.9665,-24.5762],[147.9509,-24.5891],[147.9371,-24.5853],[147.9404,-24.5762],[147.9315,-24.5598],[147.9264,-24.5573],[147.9155,-24.5573],[147.9059,-24.5544],[147.89,-24.5526],[147.8872,-24.5545],[147.8923,-24.5758],[147.8912,-24.5923],[147.8888,-24.5978],[147.8798,-24.6018],[147.8781,-24.6099],[147.8878,-24.6184],[147.8775,-24.6252],[147.8801,-24.6311],[147.8748,-24.6345],[147.8782,-24.6464],[147.8745,-24.6568],[147.884,-24.6659],[147.8802,-24.6704],[147.8667,-24.6762],[147.8562,-24.6759],[147.8558,-24.6817],[147.8411,-24.6934],[147.8252,-24.6949],[147.8218,-24.6902],[147.8113,-24.6889],[147.8054,-24.6856],[147.8081,-24.6792],[147.8046,-24.6762],[147.8105,-24.671],[147.8182,-24.6678],[147.8187,-24.6571],[147.8233,-24.6334],[147.8275,-24.6238],[147.8281,-24.6148],[147.8193,-24.6136],[147.8202,-24.6051],[147.8191,-24.5929],[147.8075,-24.5907],[147.8064,-24.5788],[147.8022,-24.5786],[147.7913,-24.5849],[147.7877,-24.5928],[147.7834,-24.5944],[147.7749,-24.591],[147.7667,-24.5918],[147.764,-24.597],[147.7561,-24.5998],[147.7468,-24.5846],[147.7383,-24.5859],[147.735,-24.5941],[147.7301,-24.5929],[147.7279,-24.5879],[147.7197,-24.5876],[147.7137,-24.5968],[147.7031,-24.6048],[147.6964,-24.6057],[147.6937,-24.616],[147.6893,-24.619],[147.6859,-24.6292],[147.6936,-24.6403],[147.7013,-24.64],[147.7052,-24.637],[147.7131,-24.6362],[147.7293,-24.6414],[147.7375,-24.6397],[147.7447,-24.6415],[147.7536,-24.6363],[147.7585,-24.642],[147.7672,-24.6422],[147.7713,-24.646],[147.767,-24.658],[147.7576,-24.6573],[147.7555,-24.6659],[147.7658,-24.6735],[147.7614,-24.6788],[147.7586,-24.6915],[147.7524,-24.7022],[147.74,-24.7099],[147.7389,-24.7157],[147.7346,-24.7185],[147.7254,-24.7183],[147.7077,-24.6923],[147.7033,-24.6891],[147.6955,-24.6935],[147.6894,-24.6887],[147.6763,-24.6827],[147.6726,-24.6759],[147.6584,-24.6826],[147.6526,-24.6819],[147.6292,-24.6898],[147.5992,-24.6907],[147.5602,-24.7176],[147.5703,-24.7199],[147.5799,-24.7254],[147.5823,-24.7324],[147.5692,-24.7307],[147.5476,-24.7357],[147.4997,-24.7706],[147.4884,-24.7709],[147.4785,-24.7808],[147.4432,-24.7617],[147.3689,-24.7297],[147.3142,-24.769],[147.335,-24.7686],[147.3418,-24.776],[147.3542,-24.785],[147.3533,-24.7966],[147.3585,-24.8003],[147.2158,-24.7864],[147.2082,-24.7871],[147.2037,-24.7812],[147.1967,-24.7795],[147.194,-24.7668],[147.1705,-24.7526],[147.1542,-24.7492],[147.1511,-24.7438],[147.142,-24.7474],[147.132,-24.7481],[147.1124,-24.7449],[147.1063,-24.7427],[147.1148,-24.6984],[147.0496,-24.6871],[147.0262,-24.6805],[147.0281,-24.6741],[147.0169,-24.6687],[147.0012,-24.6567],[146.9978,-24.6529],[146.9752,-24.6382],[146.9541,-24.6235],[146.9159,-24.6054],[146.9133,-24.6011],[146.8956,-24.5831],[146.8851,-24.5967],[146.8844,-24.6123],[146.8903,-24.6154],[146.8948,-24.6288],[146.8932,-24.637],[146.8993,-24.6463],[146.9089,-24.6479],[146.9127,-24.6525],[146.9125,-24.6585],[146.9209,-24.664],[146.9348,-24.6775],[146.9364,-24.6881],[146.9401,-24.6919],[146.942,-24.7043],[146.9331,-24.707],[146.9209,-24.7166],[146.9199,-24.7234],[146.9132,-24.7323],[146.9135,-24.7367],[146.9095,-24.7438],[146.9006,-24.7453],[146.8982,-24.753],[146.894,-24.7582],[146.8823,-24.7625],[146.8803,-24.7734],[146.8891,-24.7789],[146.8926,-24.7883],[146.9034,-24.8052],[147.0019,-24.8093],[147.0916,-24.8141],[147.0894,-24.8465],[147.1388,-24.849],[147.1366,-24.8829],[147.2964,-24.8958],[147.304,-24.8897],[147.3054,-24.885],[147.3196,-24.8824],[147.3185,-24.8726],[147.3256,-24.873],[147.3416,-24.8713],[147.3498,-24.8755],[147.3611,-24.8752],[147.3698,-24.8767],[147.3725,-24.8718],[147.381,-24.8708],[147.3963,-24.8763],[147.4197,-24.8814],[147.4343,-24.8809],[147.4563,-24.8787],[147.4764,-24.8782],[147.4859,-24.8758],[147.4917,-24.8657],[147.4965,-24.847],[147.5014,-24.8447],[147.509,-24.8349],[147.5066,-24.8232],[147.5187,-24.8302],[147.5342,-24.8234],[147.5402,-24.823],[147.5424,-24.8175],[147.5503,-24.8211],[147.5583,-24.8192],[147.5605,-24.8343],[147.5785,-24.836],[147.583,-24.8276],[147.5922,-24.8182],[147.608,-24.8116],[147.6173,-24.8049],[147.6309,-24.8038],[147.6473,-24.797],[147.6502,-24.7907],[147.6457,-24.7873],[147.6444,-24.777],[147.6515,-24.7711],[147.6734,-24.7701],[147.6805,-24.7738],[147.6868,-24.7647],[147.6935,-24.7611],[147.7021,-24.7604],[147.7049,-24.7531],[147.7161,-24.7502],[147.7199,-24.7429],[147.7244,-24.7409],[147.7303,-24.733],[147.737,-24.7297],[147.746,-24.7287],[147.7518,-24.7306],[147.7632,-24.7289],[147.7768,-24.739],[147.7835,-24.7337],[147.7913,-24.7307],[147.8014,-24.7349],[147.8116,-24.7371],[147.8244,-24.7351],[147.8288,-24.7429],[147.8281,-24.7518],[147.8376,-24.7545],[147.848,-24.765],[147.8542,-24.7796],[147.8643,-24.7859],[147.8737,-24.7877],[147.8861,-24.7938],[147.8922,-24.8018],[147.8985,-24.8062],[147.9008,-24.8143],[147.9093,-24.8154],[147.9196,-24.8248],[147.914,-24.8385],[147.9158,-24.8461],[147.9255,-24.8523],[147.934,-24.8609],[147.9379,-24.8616],[147.9471,-24.873],[147.9463,-24.8761],[147.952,-24.8832],[147.9616,-24.8811],[147.9732,-24.8815],[147.9842,-24.8898],[147.9899,-24.8966],[147.9951,-24.8995],[148.0042,-24.8968],[148.0135,-24.8987],[148.0297,-24.9114],[148.0347,-24.9122],[148.0447,-24.9093],[148.052,-24.9109],[148.0577,-24.9155],[148.0631,-24.9245],[148.066,-24.9356],[148.0753,-24.9431],[148.0765,-24.9479],[148.0731,-24.9562],[148.0777,-24.9666],[148.0759,-24.976],[148.0851,-25.0021],[148.099,-25.0183],[148.1164,-25.0228],[148.1216,-25.042],[148.1251,-25.0439],[148.1345,-25.0433],[148.1452,-25.0613],[148.1501,-25.0614],[148.1606,-25.0841],[148.1751,-25.0845],[148.1813,-25.0795],[148.1992,-25.082],[148.2101,-25.0802],[148.2133,-25.0864],[148.2347,-25.1007],[148.2362,-25.1143],[148.242,-25.1205],[148.2519,-25.1276],[148.2556,-25.1335],[148.2611,-25.1356],[148.2687,-25.1452],[148.2767,-25.1489],[148.2761,-25.1531],[148.2846,-25.159],[148.2911,-25.1612],[148.2946,-25.1661],[148.2918,-25.1753],[148.2929,-25.1819],[148.3064,-25.2041],[148.3056,-25.2123],[148.3125,-25.213],[148.3262,-25.2103],[148.3371,-25.2178],[148.3477,-25.2201],[148.352,-25.2291],[148.3624,-25.2328],[148.3684,-25.2314],[148.3764,-25.2348],[148.3804,-25.2417],[148.3875,-25.2442],[148.3946,-25.243],[148.4001,-25.246],[148.4096,-25.2591],[148.4148,-25.2595],[148.4209,-25.2509],[148.4266,-25.2496],[148.4353,-25.2535],[148.4532,-25.2544],[148.466,-25.2472],[148.4763,-25.2453],[148.488,-25.2469],[148.5029,-25.2465],[148.5185,-25.2435],[148.5383,-25.2457],[148.5489,-25.2524],[148.5544,-25.2541],[148.5666,-25.2495],[148.5839,-25.2572],[148.5928,-25.2628],[148.6001,-25.2728],[148.6257,-25.2799],[148.6332,-25.2794],[148.6431,-25.2841],[148.6531,-25.2983],[148.6663,-25.3108],[148.6708,-25.3084],[148.6799,-25.2953],[148.6823,-25.2833],[148.6856,-25.2815],[148.6932,-25.2848],[148.6999,-25.2845],[148.7084,-25.2775],[148.7152,-25.2825],[148.7275,-25.2879],[148.7355,-25.2836],[148.738,-25.2781],[148.7453,-25.2797],[148.7592,-25.3107],[148.7526,-25.3129],[148.7471,-25.3186],[148.7474,-25.3242],[148.7389,-25.3276],[148.7335,-25.3336],[148.7332,-25.3377],[148.7267,-25.3425],[148.719,-25.3869],[148.7249,-25.3903],[148.7259,-25.4008],[148.7372,-25.4098],[148.7441,-25.4132],[148.7618,-25.4174],[148.7656,-25.4243],[148.7749,-25.4317],[148.776,-25.4349],[148.7912,-25.4391],[148.7981,-25.4454],[148.8045,-25.4408],[148.8109,-25.441],[148.8149,-25.452],[148.8257,-25.4555],[148.8334,-25.4599],[148.8637,-25.4648],[148.8729,-25.4612],[148.8769,-25.4698],[148.9004,-25.4724],[148.9071,-25.4673],[148.9191,-25.4675],[148.9277,-25.4632],[148.9348,-25.4651],[148.9381,-25.4586],[148.9531,-25.4568],[148.9549,-25.4454],[148.9583,-25.4432],[148.9613,-25.4318],[148.9597,-25.4298],[148.9639,-25.4131],[148.9543,-25.4148],[148.9564,-25.4016],[148.9654,-25.3962],[148.9697,-25.386],[148.9735,-25.3844],[148.9767,-25.3766],[148.98,-25.3752],[148.9762,-25.3624],[148.9781,-25.356],[148.9674,-25.341],[148.9521,-25.338],[148.95,-25.3286],[148.9552,-25.3233],[148.9683,-25.3215],[148.9765,-25.3176],[148.9787,-25.3109],[148.9723,-25.3037],[148.9638,-25.3007],[148.9554,-25.2799],[148.9401,-25.276],[148.9252,-25.2641],[148.9295,-25.2565],[148.929,-25.2456],[148.9336,-25.2328],[148.8811,-25.2285],[148.884,-25.2155],[148.8793,-25.2089],[148.8815,-25.2046],[148.8686,-25.1848],[148.863,-25.1833],[148.8583,-25.163],[148.862,-25.1529],[148.8722,-25.1516],[148.874,-25.1477],[148.8673,-25.1412],[148.8587,-25.1421],[148.8548,-25.1313],[148.8469,-25.1261],[148.8415,-25.115],[148.8332,-25.1028],[148.8292,-25.0888],[148.8174,-25.0714],[148.815,-25.0505],[148.8131,-25.0452],[148.818,-25.0355],[148.8137,-25.0111],[148.817,-24.9945],[148.821,-24.9973],[148.8182,-25.0091],[148.8277,-25.0023],[148.8303,-24.9925],[148.8251,-24.9888],[148.8316,-24.9752],[148.8279,-24.9689],[148.8274,-24.9603],[148.838,-24.9357],[148.8445,-24.9331],[148.8463,-24.9279],[148.8526,-24.9247],[148.8584,-24.9314],[148.8664,-24.9251],[148.8659,-24.9157],[148.8757,-24.9117],[148.8761,-24.907],[148.8653,-24.8949],[148.8605,-24.8947],[148.938,-24.8371],[148.9715,-24.8481],[148.9657,-24.8424],[148.9727,-24.8281],[148.9698,-24.8137],[148.9612,-24.8105],[148.9613,-24.7976],[148.9579,-24.788],[148.9601,-24.7821],[148.9677,-24.778],[148.9767,-24.7775],[148.9778,-24.7695],[148.9837,-24.7626],[148.9942,-24.7598],[149.001,-24.7488],[148.9978,-24.7411],[149.0023,-24.7305],[149.0085,-24.722],[149.0151,-24.7163],[149.0138,-24.7095],[149.018,-24.705],[149.018,-24.6855],[149.0141,-24.6729],[149.0156,-24.6679],[149.0124,-24.6624],[149.0134,-24.6579],[149.0032,-24.6506],[149.0152,-24.6443],[149.0189,-24.6386],[149.0262,-24.6343],[149.0185,-24.6199],[149.0225,-24.6159],[149.0336,-24.6109],[149.0521,-24.5825],[149.0568,-24.5771],[149.0576,-24.5704],[149.0624,-24.5521],[149.0679,-24.5436],[149.0668,-24.5262],[149.0566,-24.5187],[149.0557,-24.513],[149.1209,-24.5314],[149.1513,-24.482],[149.1657,-24.4837],[149.1758,-24.4906],[149.1867,-24.5035],[149.1958,-24.5041],[149.234,-24.5089],[149.2465,-24.5021],[149.2521,-24.4968],[149.2626,-24.4915],[149.2733,-24.4883],[149.2816,-24.4837],[149.2974,-24.4819],[149.3067,-24.4784],[149.3092,-24.4404],[149.3518,-24.4591],[149.3554,-24.4487],[149.3908,-24.4041],[149.3984,-24.3882],[149.4049,-24.3897],[149.417,-24.366],[149.425,-24.3547],[149.43,-24.3507],[149.5131,-24.3948],[149.6183,-24.4326],[149.6115,-24.4855],[149.6163,-24.4877],[149.6309,-24.4869],[149.6384,-24.4933],[149.6519,-24.488],[149.6581,-24.4829],[149.6652,-24.4825],[149.6736,-24.4851],[149.6772,-24.4905],[149.686,-24.4905],[149.7267,-24.5382],[149.7874,-24.5451],[149.7969,-24.5443],[149.8028,-24.5506],[149.8116,-24.5394],[149.8032,-24.5245],[149.8053,-24.5154],[149.8045,-24.5006],[149.8103,-24.494],[149.8178,-24.4954],[149.8214,-24.4999],[149.827,-24.501],[149.8371,-24.4891],[149.8417,-24.4801],[149.8361,-24.4732],[149.8334,-24.4659],[149.8399,-24.457],[149.8393,-24.4427],[149.8515,-24.4323],[149.8481,-24.4234],[149.8371,-24.4249],[149.8311,-24.4182],[149.8175,-24.4114],[149.8148,-24.4006],[149.8168,-24.3944],[149.8656,-24.3953],[149.8648,-24.3801],[149.8859,-24.3757],[149.9524,-24.3844],[149.9876,-24.3919],[150.0426,-24.4044],[150.0388,-24.4343],[150.0437,-24.4348],[150.0389,-24.4661],[150.0439,-24.4667],[150.049,-24.5154],[150.063,-24.5133],[150.0673,-24.5155],[150.096,-24.5619],[150.1113,-24.5977],[150.0791,-24.6212],[150.0757,-24.6217],[150.066,-24.685],[150.0758,-24.7057],[150.0793,-24.7207],[150.0732,-24.7608],[150.0778,-24.7686],[150.0852,-24.7715],[150.0844,-24.7762],[150.0935,-24.7787],[150.0958,-24.7779],[150.1552,-24.7851]],[[149.4289,-24.2255],[149.4186,-24.2271],[149.397,-24.2323],[149.3935,-24.2314],[149.3832,-24.2397],[149.3726,-24.2404],[149.3709,-24.2305],[149.3513,-24.1997],[149.3657,-24.183],[149.3765,-24.1655],[149.4041,-24.1443],[149.4064,-24.1334],[149.3994,-24.1242],[149.4951,-23.9879],[149.4962,-23.9925],[149.5022,-23.9986],[149.5106,-23.9998],[149.504,-24.0196],[149.5065,-24.0575],[149.506,-24.086],[149.5038,-24.1005],[149.5038,-24.1164],[149.5024,-24.1614],[149.494,-24.1778],[149.4856,-24.186],[149.4766,-24.1913],[149.4732,-24.2079],[149.4686,-24.2134],[149.4547,-24.219],[149.4289,-24.2255]],[[149.7616,-23.7811],[149.7625,-23.7964],[149.7608,-23.805],[149.7734,-23.822],[149.7804,-23.8378],[149.7815,-23.8506],[149.7938,-23.8541],[149.7999,-23.8601],[149.8081,-23.8587],[149.8143,-23.865],[149.8173,-23.8865],[149.7084,-23.8746],[149.7102,-23.8599],[149.6362,-23.847],[149.6441,-23.7961],[149.6501,-23.762],[149.6165,-23.7481],[149.5952,-23.74],[149.6035,-23.7135],[149.6009,-23.7127],[149.6132,-23.619],[149.5418,-23.6108],[149.5476,-23.5658],[149.527,-23.5635],[149.532,-23.5269],[149.6105,-23.5357],[149.6149,-23.5061],[149.6197,-23.5112],[149.6309,-23.5096],[149.6361,-23.5053],[149.6452,-23.5031],[149.6539,-23.5049],[149.664,-23.5192],[149.6578,-23.5328],[149.6666,-23.535],[149.6765,-23.5338],[149.6903,-23.5292],[149.7028,-23.5363],[149.7114,-23.5283],[149.7253,-23.5288],[149.7306,-23.5364],[149.7287,-23.5446],[149.7449,-23.5833],[149.7479,-23.5933],[149.7519,-23.6217],[149.7568,-23.6272],[149.767,-23.6277],[149.7638,-23.6377],[149.769,-23.6452],[149.7739,-23.648],[149.7743,-23.6559],[149.7661,-23.6698],[149.7573,-23.6795],[149.7587,-23.6926],[149.7569,-23.7001],[149.7648,-23.702],[149.7678,-23.7119],[149.7817,-23.7158],[149.7844,-23.723],[149.7834,-23.7284],[149.771,-23.7372],[149.7659,-23.7379],[149.7599,-23.7453],[149.7632,-23.7579],[149.7607,-23.7676],[149.7616,-23.7811]],[[150.2851,-23.1329],[150.2894,-23.1034],[150.2935,-23.0848],[150.3462,-23.0922],[150.3507,-23.1004],[150.3593,-23.1026],[150.3628,-23.1073],[150.3676,-23.0999],[150.3778,-23.0999],[150.3799,-23.1069],[150.3863,-23.1156],[150.3855,-23.1202],[150.3947,-23.1288],[150.3965,-23.1326],[150.4048,-23.1386],[150.4054,-23.1533],[150.4094,-23.1572],[150.4161,-23.1722],[150.4168,-23.1795],[150.4144,-23.1833],[150.4018,-23.1904],[150.395,-23.1842],[150.3869,-23.1829],[150.3838,-23.1785],[150.3824,-23.1688],[150.3927,-23.1612],[150.3919,-23.1549],[150.385,-23.1432],[150.3656,-23.1464],[150.3586,-23.1435],[150.3488,-23.1447],[150.337,-23.1431],[150.3339,-23.1402],[150.3265,-23.141],[150.2966,-23.1377],[150.2851,-23.1329]]],[[[147.1988,-23.7359],[147.2093,-23.734],[147.2172,-23.7383],[147.2252,-23.7356],[147.2371,-23.725],[147.3191,-23.7342],[147.3214,-23.7342],[147.4812,-23.7534],[147.4962,-23.7371],[147.5104,-23.745],[147.5392,-23.7578],[147.5608,-23.7513],[147.5652,-23.7446],[147.5707,-23.7078],[147.5755,-23.7032],[147.5766,-23.6795],[147.5813,-23.6581],[147.581,-23.6445],[147.6066,-23.6478],[147.639,-23.6511],[147.6412,-23.6356],[147.6008,-23.5959],[147.5903,-23.5696],[147.6041,-23.5663],[147.6237,-23.5698],[147.6547,-23.567],[147.6691,-23.5624],[147.6857,-23.5588],[147.6936,-23.5551],[147.7037,-23.5531],[147.7197,-23.572],[147.683,-23.5986],[147.7017,-23.6207],[147.7115,-23.6221],[147.7307,-23.6447],[147.7327,-23.6449],[147.7529,-23.6304],[147.7971,-23.6836],[147.7953,-23.6976],[147.7983,-23.7036],[147.8032,-23.7047],[147.8228,-23.6912],[147.8295,-23.6851],[147.8314,-23.6792],[147.8203,-23.6657],[147.8355,-23.6549],[147.8302,-23.647],[147.8367,-23.6452],[147.8414,-23.6484],[147.8464,-23.6473],[147.9028,-23.6077],[147.913,-23.6078],[147.9329,-23.568],[147.9317,-23.5605],[147.9372,-23.5524],[147.9401,-23.5408],[147.9562,-23.5412],[147.9578,-23.529],[147.9735,-23.5308],[147.979,-23.4889],[147.9813,-23.4824],[147.9808,-23.4798],[147.9835,-23.458],[147.9356,-23.4531],[147.7834,-23.436],[147.7427,-23.4314],[147.7455,-23.4097],[147.7051,-23.4052],[147.7061,-23.3976],[147.5941,-23.385],[147.5647,-23.3821],[147.5508,-23.3764],[147.5448,-23.3803],[147.5456,-23.3942],[147.5223,-23.3874],[147.5146,-23.3867],[147.4904,-23.3892],[147.4438,-23.395],[147.4167,-23.4038],[147.4105,-23.4069],[147.3926,-23.4001],[147.3894,-23.401],[147.3837,-23.4141],[147.3937,-23.424],[147.3917,-23.4265],[147.3817,-23.4286],[147.3788,-23.435],[147.3703,-23.4405],[147.3591,-23.4426],[147.3569,-23.4463],[147.3484,-23.4493],[147.3298,-23.463],[147.3298,-23.4688],[147.3127,-23.4787],[147.3059,-23.4881],[147.3007,-23.4892],[147.2985,-23.4941],[147.3,-23.5057],[147.303,-23.5145],[147.2978,-23.5244],[147.2921,-23.526],[147.2838,-23.5248],[147.2746,-23.5352],[147.264,-23.539],[147.2557,-23.5439],[147.2504,-23.5429],[147.2464,-23.5463],[147.2344,-23.5519],[147.2214,-23.5504],[147.2184,-23.5701],[147.2122,-23.5761],[147.2205,-23.5884],[147.2182,-23.5957],[147.2056,-23.6019],[147.1999,-23.6062],[147.1983,-23.6126],[147.2021,-23.6212],[147.2033,-23.6313],[147.2113,-23.6366],[147.2072,-23.6473],[147.2006,-23.6546],[147.2034,-23.6582],[147.2051,-23.6683],[147.2095,-23.6759],[147.1957,-23.6845],[147.1986,-23.6914],[147.1952,-23.7002],[147.1976,-23.7087],[147.1941,-23.7122],[147.1937,-23.7182],[147.2007,-23.7271],[147.1988,-23.7359]]],[[[149.965,-22.4771],[149.9649,-22.4805],[149.9716,-22.4916],[149.9745,-22.4907],[149.9716,-22.4804],[149.965,-22.4771]]],[[[149.9076,-22.4779],[149.9085,-22.4695],[149.8989,-22.4623],[149.8982,-22.4681],[149.9076,-22.4779]]],[[[149.8793,-22.2523],[149.8918,-22.2528],[149.8928,-22.248],[149.8846,-22.2357],[149.8806,-22.2343],[149.8745,-22.2381],[149.8744,-22.2451],[149.8793,-22.2523]]],[[[149.88,-22.2592],[149.8847,-22.2632],[149.8945,-22.2614],[149.8936,-22.2541],[149.8841,-22.2557],[149.88,-22.2592]]],[[[149.9139,-22.2297],[149.9098,-22.2288],[149.9048,-22.2347],[149.8962,-22.2506],[149.8975,-22.259],[149.9078,-22.2578],[149.9129,-22.2504],[149.9156,-22.2378],[149.9139,-22.2297]]],[[[149.8915,-22.2428],[149.8962,-22.2434],[149.9003,-22.2357],[149.8909,-22.2364],[149.8915,-22.2428]]],[[[149.9197,-22.2005],[149.9222,-22.2002],[149.9317,-22.1873],[149.9311,-22.1818],[149.9246,-22.1765],[149.9223,-22.188],[149.9187,-22.1958],[149.9197,-22.2005]]],[[[149.8048,-21.9866],[149.8085,-21.99],[149.8138,-21.9874],[149.8094,-21.9822],[149.8048,-21.9866]]],[[[149.8461,-22.0077],[149.8501,-22.0119],[149.8634,-22.0123],[149.8628,-22.0071],[149.8757,-22.0017],[149.8787,-21.996],[149.8764,-21.9925],[149.869,-21.9926],[149.8653,-22.0004],[149.8445,-22.0021],[149.8461,-22.0077]]],[[[149.8618,-22.1697],[149.8663,-22.1789],[149.8653,-22.1885],[149.8698,-22.1922],[149.8742,-22.2009],[149.878,-22.2021],[149.8776,-22.2092],[149.8691,-22.2135],[149.866,-22.2191],[149.868,-22.2248],[149.8728,-22.2277],[149.8906,-22.2347],[149.898,-22.2343],[149.9026,-22.2313],[149.9143,-22.2152],[149.9186,-22.205],[149.9169,-22.1953],[149.9207,-22.1868],[149.9233,-22.176],[149.9233,-22.1686],[149.9207,-22.1547],[149.9247,-22.1434],[149.93,-22.1337],[149.9223,-22.128],[149.9173,-22.1172],[149.9163,-22.1048],[149.9113,-22.0979],[149.9047,-22.0786],[149.9077,-22.0721],[149.9052,-22.0674],[149.9095,-22.0609],[149.9089,-22.0537],[149.9033,-22.0516],[149.8973,-22.0541],[149.8816,-22.0679],[149.8835,-22.0774],[149.8788,-22.0914],[149.8833,-22.0955],[149.8728,-22.1043],[149.8737,-22.1114],[149.8697,-22.1185],[149.8747,-22.126],[149.8691,-22.1402],[149.8716,-22.1467],[149.8632,-22.1581],[149.8618,-22.1697]]],[[[150.111,-21.9321],[150.1154,-21.9279],[150.1142,-21.921],[150.1083,-21.9222],[150.111,-21.9321]]],[[[150.0139,-22.1056],[150.0088,-22.1019],[150.0011,-22.1102],[150.0044,-22.1152],[150.0011,-22.1222],[149.9923,-22.1135],[149.9872,-22.1173],[149.9813,-22.1167],[149.9735,-22.1217],[149.9691,-22.1346],[149.9576,-22.1329],[149.9497,-22.1348],[149.9451,-22.1413],[149.9366,-22.1451],[149.9332,-22.1523],[149.9406,-22.1622],[149.9452,-22.172],[149.9753,-22.1588],[149.9789,-22.1554],[149.9829,-22.1461],[149.9982,-22.1362],[150.0034,-22.1353],[150.0087,-22.128],[150.0161,-22.1284],[150.0228,-22.1235],[150.0204,-22.1183],[150.0108,-22.1146],[150.0139,-22.1056]]],[[[150.2516,-22.3648],[150.2669,-22.3645],[150.2664,-22.358],[150.2537,-22.3619],[150.2516,-22.3648]]],[[[150.1253,-21.9943],[150.1245,-21.9999],[150.1304,-22.0023],[150.1379,-21.9989],[150.1364,-21.9927],[150.1281,-21.9876],[150.1253,-21.9943]]],[[[150.1854,-21.9788],[150.182,-21.9741],[150.1714,-21.9729],[150.1688,-21.9756],[150.1599,-21.9776],[150.1647,-21.986],[150.1692,-21.9984],[150.1803,-21.9984],[150.1787,-21.9907],[150.18,-21.9826],[150.1854,-21.9788]]],[[[150.3617,-22.0176],[150.3692,-22.0242],[150.3739,-22.0208],[150.3663,-22.0112],[150.3617,-22.0176]]],[[[150.2973,-22.2424],[150.2999,-22.2465],[150.3144,-22.2456],[150.3212,-22.2431],[150.3234,-22.2357],[150.3142,-22.2331],[150.3096,-22.2366],[150.2975,-22.2387],[150.2973,-22.2424]]],[[[150.4215,-22.2945],[150.4269,-22.2931],[150.4264,-22.2773],[150.4314,-22.2718],[150.4461,-22.2662],[150.4567,-22.2597],[150.4634,-22.2592],[150.4642,-22.247],[150.4628,-22.2398],[150.4562,-22.235],[150.4571,-22.2313],[150.4642,-22.2294],[150.46,-22.2245],[150.4559,-22.2275],[150.4418,-22.231],[150.4392,-22.2413],[150.4315,-22.2476],[150.4306,-22.2521],[150.4371,-22.2604],[150.4343,-22.2677],[150.4155,-22.2796],[150.4173,-22.2868],[150.4231,-22.2902],[150.4215,-22.2945]]],[[[150.4721,-22.2859],[150.467,-22.287],[150.4606,-22.2973],[150.4726,-22.2949],[150.486,-22.311],[150.4838,-22.3238],[150.4757,-22.3352],[150.4804,-22.3414],[150.483,-22.3493],[150.4882,-22.3479],[150.4915,-22.3407],[150.4972,-22.3421],[150.5013,-22.336],[150.5075,-22.3333],[150.5101,-22.3378],[150.5203,-22.3333],[150.5166,-22.3275],[150.5274,-22.3189],[150.5355,-22.3219],[150.5425,-22.3211],[150.5408,-22.3155],[150.5427,-22.3022],[150.547,-22.2972],[150.552,-22.3037],[150.5602,-22.2944],[150.5546,-22.2917],[150.5513,-22.2814],[150.5488,-22.2792],[150.5349,-22.2754],[150.5354,-22.2689],[150.5246,-22.2576],[150.5296,-22.2513],[150.5292,-22.2447],[150.5234,-22.2426],[150.5207,-22.2363],[150.5197,-22.225],[150.508,-22.219],[150.5004,-22.2118],[150.4949,-22.2118],[150.4894,-22.2066],[150.4792,-22.2066],[150.475,-22.2171],[150.4704,-22.2212],[150.4756,-22.2276],[150.4748,-22.232],[150.4831,-22.2324],[150.4848,-22.2297],[150.4958,-22.2352],[150.4862,-22.2433],[150.4854,-22.2506],[150.4814,-22.2547],[150.4885,-22.2585],[150.4919,-22.2645],[150.4767,-22.2609],[150.4694,-22.2669],[150.4739,-22.2808],[150.4721,-22.2859]]],[[[150.7644,-23.2585],[150.7586,-23.2558],[150.755,-23.2462],[150.745,-23.2493],[150.7349,-23.238],[150.7108,-23.2355],[150.7062,-23.2259],[150.6939,-23.222],[150.6891,-23.2162],[150.6599,-23.2127],[150.6567,-23.2347],[150.64,-23.2327],[150.6335,-23.2429],[150.6286,-23.2537],[150.6376,-23.2595],[150.6261,-23.2621],[150.6221,-23.2901],[150.6148,-23.2899],[150.6149,-23.2968],[150.6087,-23.3036],[150.6095,-23.3118],[150.6039,-23.3136],[150.6097,-23.3195],[150.6056,-23.3255],[150.6131,-23.3423],[150.6252,-23.345],[150.6275,-23.3438],[150.6373,-23.3505],[150.6405,-23.3457],[150.6459,-23.3464],[150.6475,-23.3355],[150.6558,-23.3365],[150.6624,-23.3432],[150.6692,-23.3398],[150.6784,-23.347],[150.6873,-23.3408],[150.7063,-23.3639],[150.7101,-23.3634],[150.7157,-23.3734],[150.7602,-23.3798],[150.759,-23.3873],[150.772,-23.3891],[150.7803,-23.3923],[150.7772,-23.4118],[150.7681,-23.4175],[150.7563,-23.4159],[150.7554,-23.4212],[150.7481,-23.4203],[150.745,-23.4415],[150.7325,-23.44],[150.7254,-23.4917],[150.7287,-23.4916],[150.7492,-23.4979],[150.7626,-23.5039],[150.7728,-23.5066],[150.7906,-23.506],[150.7913,-23.5023],[150.8048,-23.5013],[150.815,-23.5046],[150.8265,-23.504],[150.85,-23.5069],[150.8609,-23.502],[150.8656,-23.4869],[150.8714,-23.4806],[150.868,-23.4756],[150.8501,-23.4594],[150.8349,-23.4427],[150.8209,-23.425],[150.8151,-23.4162],[150.8042,-23.3935],[150.7984,-23.377],[150.7959,-23.3664],[150.791,-23.3576],[150.7925,-23.3552],[150.7916,-23.3418],[150.7937,-23.3338],[150.7923,-23.3219],[150.7821,-23.3245],[150.7697,-23.318],[150.7676,-23.3027],[150.7593,-23.3004],[150.76,-23.2969],[150.7702,-23.3],[150.7664,-23.2962],[150.7689,-23.2874],[150.7736,-23.2884],[150.7794,-23.2963],[150.7819,-23.2915],[150.7885,-23.2872],[150.7849,-23.2835],[150.7903,-23.2789],[150.7931,-23.2725],[150.7843,-23.268],[150.7789,-23.2693],[150.7714,-23.2648],[150.7694,-23.2597],[150.7644,-23.2585]]],[[[150.6842,-21.9603],[150.682,-21.9654],[150.6904,-21.9672],[150.6893,-21.9612],[150.6931,-21.9515],[150.6847,-21.9477],[150.6842,-21.9603]]],[[[150.8519,-23.5132],[150.8645,-23.517],[150.8703,-23.5122],[150.8701,-23.5052],[150.8519,-23.5096],[150.8519,-23.5132]]],[[[150.8537,-23.534],[150.8622,-23.5336],[150.8653,-23.5278],[150.8519,-23.5216],[150.8385,-23.5208],[150.8412,-23.5273],[150.847,-23.5326],[150.8537,-23.534]]],[[[150.8221,-23.6665],[150.8151,-23.6665],[150.8043,-23.6592],[150.7954,-23.6621],[150.7891,-23.6585],[150.7871,-23.6454],[150.7797,-23.6533],[150.782,-23.6586],[150.7666,-23.6627],[150.7517,-23.6709],[150.7466,-23.6712],[150.7366,-23.6647],[150.7332,-23.6579],[150.7256,-23.6518],[150.7244,-23.6454],[150.7163,-23.6445],[150.7098,-23.6351],[150.7019,-23.6401],[150.6983,-23.6654],[150.6925,-23.6647],[150.6909,-23.6754],[150.6817,-23.6703],[150.6765,-23.6714],[150.6718,-23.7019],[150.6803,-23.7041],[150.6906,-23.7147],[150.6804,-23.7232],[150.6827,-23.7261],[150.6801,-23.7414],[150.6629,-23.7391],[150.661,-23.7508],[150.676,-23.7534],[150.6744,-23.7642],[150.6947,-23.7667],[150.6974,-23.7499],[150.7235,-23.7532],[150.7258,-23.7579],[150.7327,-23.7604],[150.7476,-23.7615],[150.7565,-23.7682],[150.7583,-23.7625],[150.7638,-23.7625],[150.7695,-23.7582],[150.7723,-23.7484],[150.7723,-23.741],[150.7824,-23.7362],[150.7912,-23.7279],[150.7926,-23.7164],[150.7993,-23.7135],[150.8028,-23.7079],[150.8113,-23.7033],[150.8184,-23.7034],[150.8102,-23.6931],[150.8034,-23.6876],[150.8083,-23.6855],[150.8069,-23.6804],[150.8157,-23.6756],[150.8187,-23.6842],[150.8285,-23.6828],[150.819,-23.6714],[150.8347,-23.6713],[150.8336,-23.659],[150.8284,-23.6613],[150.8273,-23.6671],[150.8221,-23.6665]]]]}},{"type":"Feature","properties":{"pc":"4703"},"geometry":{"type":"Polygon","coordinates":[[[150.7995,-23.2278],[150.7891,-23.2085],[150.7934,-23.2005],[150.7934,-23.1862],[150.7999,-23.1828],[150.7934,-23.1777],[150.7912,-23.1669],[150.7924,-23.1622],[150.7849,-23.1592],[150.7835,-23.166],[150.7747,-23.165],[150.7688,-23.1579],[150.7626,-23.1419],[150.7508,-23.1355],[150.7497,-23.1218],[150.7521,-23.1049],[150.7594,-23.0867],[150.7683,-23.0674],[150.7719,-23.0521],[150.7723,-23.0218],[150.7755,-23.0004],[150.7774,-22.9619],[150.791,-22.9433],[150.7936,-22.9294],[150.7872,-22.9233],[150.7863,-22.9149],[150.7868,-22.8931],[150.7883,-22.8763],[150.7932,-22.8463],[150.7973,-22.8255],[150.8038,-22.8158],[150.8108,-22.8174],[150.8066,-22.806],[150.8097,-22.7991],[150.8064,-22.7949],[150.8079,-22.7738],[150.7656,-22.7687],[150.7696,-22.7593],[150.7603,-22.7562],[150.7207,-22.745],[150.7156,-22.7582],[150.6416,-22.7434],[150.6356,-22.7411],[150.6256,-22.7423],[150.6208,-22.7489],[150.6196,-22.7582],[150.6246,-22.7588],[150.6168,-22.8137],[150.6198,-22.8202],[150.6164,-22.8303],[150.6116,-22.8321],[150.6079,-22.8434],[150.5973,-22.8401],[150.5904,-22.8401],[150.5874,-22.8487],[150.5793,-22.8507],[150.5793,-22.8605],[150.5886,-22.8788],[150.5899,-22.8861],[150.5955,-22.8954],[150.5946,-22.8982],[150.5801,-22.8951],[150.576,-22.9],[150.5698,-22.8969],[150.5554,-22.9006],[150.5504,-22.9092],[150.5854,-22.934],[150.5672,-22.9317],[150.5617,-22.9705],[150.5379,-22.9673],[150.5314,-23.0079],[150.5177,-23.0062],[150.5121,-23.0414],[150.5313,-23.044],[150.5293,-23.0572],[150.537,-23.0582],[150.5348,-23.073],[150.5253,-23.072],[150.5207,-23.1026],[150.5015,-23.0999],[150.4986,-23.1244],[150.5007,-23.1246],[150.4985,-23.1395],[150.494,-23.1389],[150.4924,-23.1497],[150.496,-23.1552],[150.5034,-23.1561],[150.5024,-23.164],[150.5154,-23.1654],[150.5136,-23.1794],[150.5254,-23.1808],[150.5265,-23.1732],[150.5531,-23.1763],[150.5528,-23.1693],[150.5646,-23.1706],[150.5656,-23.1766],[150.5617,-23.1806],[150.566,-23.1871],[150.5667,-23.1948],[150.5707,-23.1945],[150.5734,-23.2009],[150.5787,-23.2021],[150.5757,-23.2224],[150.5954,-23.2249],[150.5968,-23.2305],[150.6171,-23.2334],[150.6335,-23.2429],[150.64,-23.2327],[150.6567,-23.2347],[150.6599,-23.2127],[150.6891,-23.2162],[150.6939,-23.222],[150.7062,-23.2259],[150.7108,-23.2355],[150.7349,-23.238],[150.745,-23.2493],[150.755,-23.2462],[150.7586,-23.2558],[150.7644,-23.2585],[150.7752,-23.2454],[150.7795,-23.2484],[150.7974,-23.2448],[150.797,-23.2309],[150.7995,-23.2278]]]}},{"type":"Feature","properties":{"pc":"4740"},"geometry":{"type":"MultiPolygon","coordinates":[[[[149.0988,-21.3187],[149.1062,-21.3234],[149.1332,-21.3262],[149.1401,-21.3351],[149.1229,-21.3454],[149.1233,-21.3486],[149.1102,-21.3546],[149.1045,-21.3803],[149.1268,-21.4028],[149.1464,-21.4127],[149.1505,-21.4108],[149.1527,-21.4039],[149.1531,-21.393],[149.148,-21.3801],[149.1501,-21.3772],[149.1478,-21.3701],[149.1508,-21.3638],[149.2023,-21.3697],[149.2084,-21.3657],[149.2195,-21.3669],[149.222,-21.3629],[149.2192,-21.3571],[149.2224,-21.3344],[149.2294,-21.3415],[149.2309,-21.332],[149.2382,-21.3329],[149.2376,-21.3375],[149.2654,-21.3407],[149.2642,-21.3499],[149.2604,-21.3494],[149.2589,-21.3605],[149.2669,-21.3643],[149.271,-21.3737],[149.2896,-21.3758],[149.2933,-21.3803],[149.3002,-21.3824],[149.3029,-21.3864],[149.3096,-21.3812],[149.3127,-21.374],[149.3086,-21.3647],[149.3096,-21.3596],[149.3152,-21.3545],[149.305,-21.3451],[149.2972,-21.3407],[149.3001,-21.3333],[149.2945,-21.3209],[149.2956,-21.3013],[149.2955,-21.2855],[149.2987,-21.2733],[149.2915,-21.2701],[149.2895,-21.2746],[149.2788,-21.2791],[149.274,-21.2776],[149.2658,-21.2709],[149.2605,-21.262],[149.2577,-21.2453],[149.252,-21.2497],[149.2358,-21.2571],[149.2325,-21.2624],[149.2249,-21.2637],[149.2225,-21.2683],[149.2148,-21.2738],[149.2133,-21.2793],[149.2053,-21.2844],[149.2003,-21.2943],[149.1932,-21.2979],[149.1903,-21.2944],[149.2017,-21.2784],[149.1909,-21.2769],[149.1924,-21.2721],[149.1993,-21.2681],[149.2012,-21.2595],[149.2059,-21.2561],[149.2141,-21.2415],[149.2062,-21.2186],[149.2015,-21.2127],[149.1971,-21.2114],[149.1939,-21.1958],[149.1939,-21.1852],[149.1982,-21.1671],[149.2035,-21.1548],[149.2143,-21.147],[149.2097,-21.1416],[149.1947,-21.1409],[149.1726,-21.1341],[149.1791,-21.1317],[149.1897,-21.1379],[149.1993,-21.1376],[149.2002,-21.1287],[149.209,-21.1304],[149.215,-21.1379],[149.2202,-21.1479],[149.2228,-21.1477],[149.2217,-21.1312],[149.2242,-21.1159],[149.2342,-21.1071],[149.2317,-21.1024],[149.2261,-21.1011],[149.23,-21.0783],[149.2302,-21.0707],[149.227,-21.0628],[149.2103,-21.077],[149.202,-21.0675],[149.1954,-21.0566],[149.1886,-21.0413],[149.1867,-21.0341],[149.1745,-21.0332],[149.1707,-21.0422],[149.1575,-21.0537],[149.1402,-21.0531],[149.1429,-21.0372],[149.1324,-21.0381],[149.1289,-21.0261],[149.1315,-21.0172],[149.1294,-21.0077],[149.1255,-21.0005],[149.1155,-21.0024],[149.1073,-20.9949],[149.1046,-20.9881],[149.094,-20.9783],[149.0888,-20.9757],[149.0643,-20.9745],[149.0529,-20.981],[149.0446,-20.983],[149.0416,-20.9893],[149.0304,-20.9867],[149.0221,-20.9923],[149.0154,-20.9894],[149.0199,-20.9807],[149.0201,-20.9692],[149.0241,-20.9576],[149.0316,-20.9578],[149.0249,-20.9438],[149.0178,-20.9414],[149.0142,-20.9358],[149.0177,-20.9316],[149.0113,-20.9329],[149.0046,-20.9436],[149.0019,-20.9432],[148.9977,-20.9521],[148.9947,-20.9506],[148.976,-20.9487],[148.9635,-20.9406],[148.9488,-20.9464],[148.9369,-20.9489],[148.9242,-20.9591],[148.9226,-20.9732],[148.9105,-20.9719],[148.9083,-20.9888],[148.9162,-20.9942],[148.9172,-21.0009],[148.923,-21.0031],[148.9321,-21.0004],[148.9475,-21.0104],[148.9556,-21.0127],[148.9544,-21.0176],[148.9659,-21.018],[148.9776,-21.0227],[148.9863,-21.0316],[148.9902,-21.0296],[148.9966,-21.0366],[148.9935,-21.0499],[148.9994,-21.0548],[148.9981,-21.0614],[148.9994,-21.0705],[148.997,-21.0907],[148.9827,-21.0885],[148.9811,-21.1007],[148.9741,-21.1018],[148.973,-21.1112],[148.9587,-21.1097],[148.9571,-21.1238],[148.9676,-21.1253],[148.968,-21.134],[148.9798,-21.133],[148.9905,-21.1374],[148.9979,-21.1383],[149.0139,-21.1389],[149.0216,-21.1412],[149.0495,-21.1392],[149.0594,-21.1395],[149.0741,-21.1435],[149.0814,-21.1443],[149.0791,-21.1606],[149.087,-21.1615],[149.0853,-21.1736],[149.0953,-21.1769],[149.0996,-21.1863],[149.1118,-21.1975],[149.1129,-21.2035],[149.1209,-21.2069],[149.1156,-21.2136],[149.1062,-21.2166],[149.0995,-21.231],[149.0912,-21.2352],[149.0787,-21.2295],[149.0591,-21.2272],[149.048,-21.2246],[149.044,-21.2568],[149.0301,-21.2554],[149.0297,-21.2586],[149.0041,-21.2565],[148.9975,-21.2617],[148.9948,-21.2669],[148.9966,-21.272],[149.004,-21.2774],[149.0037,-21.2815],[149.0096,-21.2852],[149.0344,-21.2867],[149.0377,-21.29],[149.0345,-21.3155],[149.0467,-21.3169],[149.0591,-21.3165],[149.0598,-21.3109],[149.0783,-21.3121],[149.0802,-21.3055],[149.0935,-21.3069],[149.0986,-21.311],[149.0988,-21.3187]],[[149.1191,-21.1151],[149.1184,-21.1201],[149.0959,-21.1148],[149.0967,-21.1223],[149.077,-21.1198],[149.0776,-21.1153],[149.0599,-21.115],[149.0629,-21.1022],[149.0591,-21.1018],[149.0632,-21.0688],[149.0856,-21.0704],[149.0902,-21.0748],[149.1065,-21.0765],[149.1179,-21.08],[149.1166,-21.0901],[149.1201,-21.0938],[149.1177,-21.1132],[149.1191,-21.1151]]],[[[148.9829,-20.9003],[148.9805,-20.9072],[148.9753,-20.9103],[148.9759,-20.9146],[148.9867,-20.9115],[148.9911,-20.9051],[148.9922,-20.8946],[148.9828,-20.892],[148.9829,-20.9003]]],[[[149.0185,-20.9303],[149.0283,-20.9239],[149.0364,-20.9258],[149.0432,-20.9308],[149.0489,-20.9317],[149.0595,-20.9296],[149.0606,-20.9263],[149.0498,-20.9238],[149.0439,-20.9154],[149.049,-20.907],[149.0447,-20.9027],[149.0392,-20.9029],[149.035,-20.8988],[149.029,-20.8977],[149.024,-20.9005],[149.0174,-20.9122],[149.0054,-20.9123],[148.9976,-20.9057],[148.9954,-20.91],[149.0025,-20.9156],[149.01,-20.9244],[149.0117,-20.9297],[149.0185,-20.9303]]],[[[149.4343,-20.9304],[149.4225,-20.9392],[149.4289,-20.9408],[149.4383,-20.9376],[149.4419,-20.9412],[149.447,-20.9349],[149.4524,-20.9332],[149.4594,-20.9211],[149.4599,-20.9144],[149.4535,-20.9105],[149.4526,-20.9058],[149.4459,-20.9032],[149.4381,-20.9031],[149.4361,-20.9064],[149.4255,-20.9068],[149.4263,-20.9148],[149.431,-20.9164],[149.4273,-20.9235],[149.4343,-20.9304]]],[[[149.3953,-20.9196],[149.3967,-20.9153],[149.4151,-20.9191],[149.4146,-20.9235],[149.4188,-20.9276],[149.424,-20.922],[149.4145,-20.904],[149.4028,-20.8978],[149.3981,-20.9015],[149.3859,-20.9041],[149.3949,-20.9103],[149.3953,-20.9196]]],[[[149.6237,-20.857],[149.6047,-20.8476],[149.6016,-20.8519],[149.6057,-20.865],[149.6006,-20.8686],[149.5954,-20.8639],[149.5836,-20.8616],[149.5781,-20.8692],[149.5802,-20.8735],[149.5863,-20.8756],[149.5944,-20.8843],[149.5996,-20.8847],[149.6064,-20.8794],[149.6147,-20.8845],[149.6207,-20.8789],[149.6261,-20.8687],[149.6237,-20.857]]]]}},{"type":"Feature","properties":{"pc":"4741"},"geometry":{"type":"MultiPolygon","coordinates":[[[[148.2724,-22.1148],[148.2819,-22.0422],[148.3071,-22.0451],[148.3116,-22.0466],[148.3388,-22.0505],[148.3562,-22.0513],[148.3855,-22.0549],[148.3939,-21.9896],[148.4761,-21.9292],[148.4892,-21.9448],[148.5022,-21.9341],[148.4979,-21.9037],[148.4717,-21.8721],[148.4623,-21.8652],[148.4598,-21.8596],[148.3984,-21.8525],[148.4056,-21.7995],[148.2724,-21.784],[148.2669,-21.8238],[148.2539,-21.8205],[148.2252,-21.8361],[148.2204,-21.8406],[148.2055,-21.8493],[148.1905,-21.9633],[148.158,-21.9596],[148.1369,-22.1204],[148.1612,-22.1232],[148.1729,-22.1294],[148.1741,-22.1208],[148.1815,-22.1172],[148.1868,-22.1212],[148.2023,-22.1229],[148.2048,-22.1056],[148.2166,-22.1057],[148.2228,-22.0987],[148.2338,-22.0962],[148.2382,-22.0924],[148.2486,-22.1014],[148.2569,-22.1061],[148.2631,-22.1125],[148.2724,-22.1148]]],[[[148.8579,-21.0829],[148.8608,-21.083],[148.8628,-21.0691],[148.8784,-21.071],[148.8804,-21.0766],[148.8916,-21.0758],[148.9057,-21.0795],[148.9044,-21.0904],[148.9233,-21.0929],[148.9224,-21.1001],[148.9301,-21.1009],[148.9296,-21.1052],[148.9419,-21.1083],[148.9414,-21.1118],[148.9533,-21.1131],[148.9521,-21.1248],[148.9571,-21.1238],[148.9587,-21.1097],[148.973,-21.1112],[148.9741,-21.1018],[148.9811,-21.1007],[148.9827,-21.0885],[148.997,-21.0907],[148.9994,-21.0705],[148.9981,-21.0614],[148.9994,-21.0548],[148.9935,-21.0499],[148.9966,-21.0366],[148.9902,-21.0296],[148.9863,-21.0316],[148.9776,-21.0227],[148.9659,-21.018],[148.9544,-21.0176],[148.9556,-21.0127],[148.9475,-21.0104],[148.9321,-21.0004],[148.923,-21.0031],[148.9172,-21.0009],[148.9162,-20.9942],[148.9083,-20.9888],[148.9105,-20.9719],[148.9226,-20.9732],[148.9242,-20.9591],[148.9369,-20.9489],[148.9488,-20.9464],[148.9635,-20.9406],[148.976,-20.9487],[148.9947,-20.9506],[148.9977,-20.9521],[149.0019,-20.9432],[149.0046,-20.9436],[149.0113,-20.9329],[149.0177,-20.9316],[149.0185,-20.9303],[149.0117,-20.9297],[149.01,-20.9244],[149.0025,-20.9156],[148.9954,-20.91],[148.9976,-20.9057],[148.9922,-20.8946],[148.9911,-20.9051],[148.9867,-20.9115],[148.9759,-20.9146],[148.9753,-20.9103],[148.9805,-20.9072],[148.9829,-20.9003],[148.9746,-20.901],[148.9657,-20.8977],[148.959,-20.8912],[148.9551,-20.8769],[148.9459,-20.8786],[148.9412,-20.8867],[148.9331,-20.8884],[148.9279,-20.8838],[148.9189,-20.8925],[148.913,-20.8863],[148.9041,-20.8854],[148.8902,-20.8779],[148.8907,-20.8648],[148.8857,-20.8574],[148.8848,-20.8488],[148.879,-20.8516],[148.8801,-20.8571],[148.8749,-20.8625],[148.8778,-20.8693],[148.8775,-20.8752],[148.8727,-20.8771],[148.8662,-20.8676],[148.8587,-20.869],[148.8448,-20.8758],[148.8437,-20.8721],[148.8374,-20.8786],[148.838,-20.8854],[148.8284,-20.8912],[148.8211,-20.8909],[148.81,-20.9005],[148.7989,-20.9036],[148.7939,-20.9085],[148.7824,-20.906],[148.7849,-20.9114],[148.7781,-20.9161],[148.781,-20.9211],[148.7763,-20.9258],[148.7756,-20.9327],[148.7566,-20.9349],[148.7552,-20.9316],[148.7376,-20.927],[148.7302,-20.9211],[148.7134,-20.9186],[148.7021,-20.9147],[148.6957,-20.907],[148.6882,-20.9106],[148.6812,-20.9115],[148.6746,-20.9016],[148.6715,-20.9094],[148.6633,-20.9134],[148.6582,-20.9128],[148.6575,-20.9067],[148.6627,-20.8946],[148.6683,-20.8953],[148.6859,-20.8882],[148.6913,-20.8837],[148.6874,-20.8724],[148.6921,-20.8684],[148.6906,-20.858],[148.6957,-20.8545],[148.6966,-20.848],[148.7016,-20.8398],[148.7028,-20.8321],[148.7118,-20.8311],[148.7189,-20.8348],[148.7198,-20.8402],[148.7407,-20.8402],[148.7502,-20.8359],[148.7513,-20.8252],[148.7385,-20.8066],[148.7365,-20.7945],[148.7299,-20.7918],[148.7234,-20.7857],[148.704,-20.7733],[148.6952,-20.7724],[148.6813,-20.7652],[148.6694,-20.7509],[148.6644,-20.7473],[148.6523,-20.7601],[148.6489,-20.7744],[148.6494,-20.7774],[148.6407,-20.7849],[148.6346,-20.7842],[148.6232,-20.7868],[148.6003,-20.7949],[148.6016,-20.8027],[148.5996,-20.8088],[148.5943,-20.8071],[148.588,-20.7971],[148.593,-20.7921],[148.5892,-20.7779],[148.5703,-20.7711],[148.5679,-20.7769],[148.5787,-20.7883],[148.5836,-20.798],[148.5826,-20.8098],[148.5772,-20.82],[148.5766,-20.8267],[148.5715,-20.8304],[148.5706,-20.835],[148.5623,-20.8392],[148.5562,-20.8316],[148.5464,-20.8297],[148.5405,-20.8229],[148.5293,-20.82],[148.5238,-20.8118],[148.5175,-20.799],[148.5103,-20.8003],[148.5041,-20.8048],[148.4975,-20.8001],[148.4849,-20.8036],[148.4829,-20.7983],[148.4759,-20.7949],[148.4711,-20.7877],[148.4646,-20.7729],[148.4685,-20.7588],[148.4632,-20.743],[148.457,-20.7371],[148.3611,-20.8074],[148.3013,-20.8006],[148.303,-20.7872],[148.1654,-20.7711],[148.1644,-20.7794],[148.1685,-20.7866],[148.1645,-20.7971],[148.1657,-20.8093],[148.1636,-20.8145],[148.157,-20.8203],[148.1598,-20.829],[148.1531,-20.8329],[148.156,-20.8364],[148.1491,-20.8415],[148.1548,-20.8543],[148.1628,-20.8578],[148.1709,-20.8711],[148.1756,-20.8728],[148.1795,-20.8823],[148.183,-20.8843],[148.1914,-20.8818],[148.1929,-20.8892],[148.2039,-20.9003],[148.209,-20.9019],[148.2098,-20.9078],[148.2183,-20.9145],[148.2273,-20.9273],[148.2271,-20.9308],[148.2299,-20.94],[148.2374,-20.9539],[148.2342,-20.9682],[148.2269,-20.9744],[148.2258,-20.9827],[148.2335,-20.9834],[148.24,-20.989],[148.2406,-20.9941],[148.2353,-20.9966],[148.2387,-21.0058],[148.2436,-21.0111],[148.2514,-21.0155],[148.256,-21.0228],[148.2643,-21.0279],[148.267,-21.0374],[148.2739,-21.0474],[148.2786,-21.049],[148.2842,-21.0448],[148.2968,-21.056],[148.295,-21.0636],[148.3021,-21.0671],[148.306,-21.0823],[148.3066,-21.0917],[148.3138,-21.0957],[148.319,-21.1095],[148.3229,-21.1114],[148.3733,-21.0751],[148.3717,-21.0708],[148.3731,-21.0607],[148.4133,-21.0313],[148.4192,-21.0281],[148.4244,-21.0191],[148.4451,-21.0201],[148.4587,-21.022],[148.4606,-21.0239],[148.4773,-21.0284],[148.4825,-21.0272],[148.487,-21.0219],[148.4974,-21.0221],[148.4994,-21.0198],[148.5083,-21.0267],[148.5202,-21.0279],[148.5217,-21.0144],[148.5511,-21.017],[148.552,-21.0121],[148.5657,-21.0136],[148.5706,-21.0177],[148.5903,-21.0201],[148.6022,-21.0296],[148.5911,-21.044],[148.5874,-21.0433],[148.5805,-21.0516],[148.5807,-21.0592],[148.6524,-21.0651],[148.6928,-21.0688],[148.6918,-21.0765],[148.6858,-21.0758],[148.6844,-21.0869],[148.6746,-21.0859],[148.671,-21.1011],[148.6675,-21.1064],[148.6644,-21.1324],[148.6756,-21.1308],[148.6737,-21.1473],[148.6712,-21.1538],[148.6773,-21.1546],[148.6757,-21.1666],[148.6604,-21.1646],[148.6464,-21.1782],[148.6455,-21.1887],[148.6196,-21.2016],[148.6172,-21.202],[148.6129,-21.205],[148.6188,-21.2105],[148.6215,-21.225],[148.6339,-21.2477],[148.6567,-21.2838],[148.6603,-21.2872],[148.6643,-21.2987],[148.6733,-21.2988],[148.6744,-21.302],[148.6785,-21.3012],[148.6804,-21.2922],[148.6901,-21.2937],[148.6952,-21.2906],[148.7048,-21.279],[148.717,-21.2813],[148.7269,-21.2752],[148.7258,-21.2679],[148.7201,-21.2628],[148.7408,-21.2324],[148.7421,-21.218],[148.7359,-21.2172],[148.7365,-21.211],[148.7243,-21.2128],[148.7211,-21.2086],[148.7299,-21.1991],[148.7305,-21.1941],[148.724,-21.183],[148.7397,-21.175],[148.7464,-21.1819],[148.7565,-21.1868],[148.7663,-21.1956],[148.7749,-21.1903],[148.7783,-21.1534],[148.784,-21.1537],[148.7859,-21.1377],[148.7805,-21.1372],[148.7815,-21.1282],[148.7695,-21.1269],[148.7699,-21.1231],[148.7444,-21.1199],[148.7462,-21.1058],[148.7424,-21.105],[148.7391,-21.098],[148.7393,-21.0894],[148.7347,-21.0864],[148.7353,-21.0817],[148.7224,-21.0803],[148.7237,-21.0684],[148.7302,-21.0738],[148.7395,-21.0747],[148.739,-21.0791],[148.7535,-21.0803],[148.7547,-21.0701],[148.7588,-21.0679],[148.7716,-21.0701],[148.7768,-21.0771],[148.7804,-21.0775],[148.7819,-21.0664],[148.8018,-21.0693],[148.816,-21.07],[148.8122,-21.0753],[148.8128,-21.0847],[148.8233,-21.086],[148.8286,-21.0848],[148.8296,-21.0775],[148.8395,-21.0801],[148.8468,-21.0841],[148.8493,-21.082],[148.8579,-21.0829]]],[[[149.0041,-21.2565],[148.9924,-21.2441],[148.9904,-21.2367],[148.9742,-21.2324],[148.9734,-21.2173],[148.9652,-21.2164],[148.9611,-21.2135],[148.9517,-21.2125],[148.9422,-21.2095],[148.9042,-21.2056],[148.9041,-21.1893],[148.8967,-21.1866],[148.8837,-21.185],[148.873,-21.1885],[148.8677,-21.1941],[148.8645,-21.2031],[148.8531,-21.2018],[148.8522,-21.2081],[148.8584,-21.2206],[148.8563,-21.2367],[148.8535,-21.2364],[148.8518,-21.2504],[148.8477,-21.2564],[148.8577,-21.2575],[148.8573,-21.2611],[148.8729,-21.2619],[148.8761,-21.2531],[148.8845,-21.2541],[148.8831,-21.2655],[148.8798,-21.2651],[148.8744,-21.3054],[148.8548,-21.3033],[148.8535,-21.3151],[148.8611,-21.3197],[148.8639,-21.3252],[148.8751,-21.3254],[148.8758,-21.33],[148.8852,-21.3309],[148.8842,-21.3394],[148.8781,-21.3488],[148.8743,-21.36],[148.8798,-21.3648],[148.8709,-21.3748],[148.8709,-21.383],[148.86,-21.3866],[148.8535,-21.3863],[148.8492,-21.399],[148.7929,-21.3929],[148.7916,-21.3889],[148.7848,-21.3863],[148.7719,-21.3945],[148.7629,-21.3948],[148.7558,-21.3893],[148.7514,-21.3977],[148.7481,-21.3994],[148.749,-21.4069],[148.746,-21.4132],[148.7409,-21.4148],[148.7352,-21.4253],[148.7325,-21.4402],[148.7359,-21.4442],[148.7334,-21.4585],[148.7304,-21.4659],[148.7229,-21.4773],[148.7213,-21.4836],[148.726,-21.4861],[148.7289,-21.4982],[148.723,-21.5058],[148.7176,-21.5089],[148.7179,-21.5177],[148.7144,-21.5203],[148.7109,-21.5347],[148.7112,-21.5434],[148.7154,-21.5554],[148.7105,-21.5652],[148.7112,-21.5699],[148.7179,-21.5746],[148.7293,-21.5753],[148.8661,-21.5909],[148.8667,-21.5914],[148.9658,-21.6026],[148.9658,-21.5894],[148.9617,-21.5827],[148.9556,-21.5774],[148.9558,-21.5555],[148.943,-21.5549],[148.9385,-21.5493],[148.9318,-21.5468],[148.9296,-21.5317],[148.9318,-21.5286],[148.9296,-21.5171],[148.9266,-21.5125],[148.9221,-21.4932],[148.9152,-21.4835],[148.9088,-21.4788],[148.911,-21.4712],[148.9094,-21.4543],[148.912,-21.4442],[148.9167,-21.4452],[148.919,-21.4361],[148.9099,-21.4281],[148.9051,-21.4166],[148.9072,-21.414],[148.9022,-21.4053],[148.9063,-21.3888],[148.909,-21.382],[148.9222,-21.3769],[148.9279,-21.3779],[148.9364,-21.3869],[148.9437,-21.3818],[148.9507,-21.3854],[148.9561,-21.3814],[148.9636,-21.3801],[148.9715,-21.3683],[148.9824,-21.3655],[148.9876,-21.3668],[148.9952,-21.3648],[149.0054,-21.3644],[149.018,-21.3602],[149.0234,-21.3543],[149.0341,-21.3542],[149.0365,-21.3603],[149.0438,-21.3628],[149.0462,-21.37],[149.0507,-21.3721],[149.0539,-21.3794],[149.0626,-21.3839],[149.0652,-21.3882],[149.0719,-21.3894],[149.0744,-21.371],[149.0764,-21.366],[149.0807,-21.3317],[149.0856,-21.3299],[149.09,-21.3217],[149.0988,-21.3187],[149.0986,-21.311],[149.0935,-21.3069],[149.0802,-21.3055],[149.0783,-21.3121],[149.0598,-21.3109],[149.0591,-21.3165],[149.0467,-21.3169],[149.0345,-21.3155],[149.0377,-21.29],[149.0344,-21.2867],[149.0096,-21.2852],[149.0037,-21.2815],[149.004,-21.2774],[148.9966,-21.272],[148.9948,-21.2669],[148.9975,-21.2617],[149.0041,-21.2565]]],[[[148.897,-20.8516],[148.903,-20.8562],[148.9151,-20.8527],[148.9072,-20.8437],[148.9067,-20.8344],[148.8988,-20.8299],[148.8906,-20.8311],[148.8929,-20.8477],[148.897,-20.8516]]],[[[148.9207,-20.856],[148.9277,-20.8521],[148.9177,-20.8481],[148.9207,-20.856]]],[[[149.0292,-20.4514],[149.0341,-20.4602],[149.0455,-20.4578],[149.0511,-20.4514],[149.0562,-20.4503],[149.054,-20.4381],[149.0474,-20.4341],[149.0401,-20.4381],[149.0367,-20.4304],[149.0335,-20.4299],[149.0317,-20.4387],[149.0248,-20.4402],[149.0307,-20.4459],[149.0292,-20.4514]]],[[[149.0341,-20.4038],[149.0363,-20.397],[149.0264,-20.3928],[149.0243,-20.4013],[149.0341,-20.4038]]],[[[149.0669,-20.526],[149.0691,-20.523],[149.0696,-20.5044],[149.0759,-20.5038],[149.074,-20.4953],[149.0835,-20.4894],[149.0851,-20.4828],[149.0964,-20.4892],[149.097,-20.4807],[149.1047,-20.4812],[149.1006,-20.473],[149.0963,-20.471],[149.0846,-20.4578],[149.0888,-20.4517],[149.0883,-20.4453],[149.0788,-20.4439],[149.0747,-20.4476],[149.0782,-20.4561],[149.0823,-20.4598],[149.0748,-20.4639],[149.0739,-20.4698],[149.0763,-20.4774],[149.0687,-20.4774],[149.0699,-20.4867],[149.0678,-20.4978],[149.0619,-20.5053],[149.0515,-20.5063],[149.0431,-20.5169],[149.0436,-20.5222],[149.0509,-20.5234],[149.0553,-20.519],[149.0652,-20.5162],[149.0669,-20.526]]],[[[149.0826,-20.4327],[149.0906,-20.4248],[149.0854,-20.4206],[149.0815,-20.4281],[149.0826,-20.4327]]],[[[149.0729,-20.6423],[149.0745,-20.6395],[149.0681,-20.6342],[149.0664,-20.6264],[149.0552,-20.6184],[149.0572,-20.6294],[149.0676,-20.6421],[149.0809,-20.6561],[149.0834,-20.6611],[149.0889,-20.661],[149.0808,-20.6503],[149.0764,-20.6484],[149.0729,-20.6423]]],[[[149.1016,-20.5496],[149.1093,-20.5489],[149.1163,-20.5518],[149.117,-20.5446],[149.1105,-20.5433],[149.1016,-20.5496]]],[[[149.133,-20.4678],[149.1257,-20.4672],[149.1238,-20.4742],[149.1308,-20.4752],[149.133,-20.4678]]],[[[149.1476,-20.6857],[149.1573,-20.6842],[149.166,-20.674],[149.1626,-20.6704],[149.1627,-20.6641],[149.1564,-20.664],[149.1488,-20.6784],[149.1476,-20.6857]]],[[[149.1858,-20.6873],[149.1872,-20.6749],[149.1939,-20.6716],[149.1816,-20.6662],[149.1734,-20.6707],[149.174,-20.6743],[149.183,-20.6796],[149.1858,-20.6873]]],[[[149.4733,-20.7476],[149.4813,-20.7452],[149.4737,-20.7335],[149.4671,-20.73],[149.4657,-20.735],[149.4726,-20.7418],[149.4733,-20.7476]]],[[[149.2819,-20.8028],[149.2744,-20.7964],[149.2603,-20.7977],[149.2533,-20.8049],[149.2653,-20.8076],[149.2724,-20.8125],[149.2798,-20.8104],[149.2834,-20.8169],[149.2892,-20.8158],[149.2805,-20.8053],[149.2819,-20.8028]]],[[[149.2757,-20.7913],[149.2872,-20.7971],[149.2955,-20.7934],[149.3002,-20.7874],[149.2938,-20.7859],[149.2935,-20.7764],[149.2849,-20.7717],[149.28,-20.7724],[149.2734,-20.7789],[149.2757,-20.7913]]],[[[149.6157,-20.7792],[149.6197,-20.7739],[149.6264,-20.7734],[149.6227,-20.7608],[149.6168,-20.7687],[149.6124,-20.7717],[149.6157,-20.7792]]],[[[149.4058,-20.7688],[149.3989,-20.7664],[149.3901,-20.7693],[149.3978,-20.7792],[149.4058,-20.7688]]],[[[149.7896,-20.9892],[149.7802,-20.9834],[149.7755,-20.9886],[149.7896,-20.9892]]],[[[149.8952,-21.0172],[149.9016,-21.0162],[149.906,-21.0194],[149.9114,-21.0181],[149.9054,-21.0042],[149.8942,-21.0048],[149.8941,-21.009],[149.8991,-21.013],[149.8952,-21.0172]]],[[[149.1191,-21.1151],[149.1177,-21.1132],[149.1201,-21.0938],[149.1166,-21.0901],[149.1179,-21.08],[149.1065,-21.0765],[149.0902,-21.0748],[149.0856,-21.0704],[149.0632,-21.0688],[149.0591,-21.1018],[149.0629,-21.1022],[149.0599,-21.115],[149.0776,-21.1153],[149.077,-21.1198],[149.0967,-21.1223],[149.0959,-21.1148],[149.1184,-21.1201],[149.1191,-21.1151]]],[[[149.0495,-21.1392],[149.0216,-21.1412],[149.0139,-21.1389],[148.9979,-21.1383],[148.9959,-21.1565],[148.9976,-21.165],[149.0008,-21.1655],[149.0149,-21.1672],[149.0226,-21.1695],[149.045,-21.1722],[149.0495,-21.1392]]],[[[149.3832,-22.0155],[149.396,-22.0251],[149.3948,-22.0164],[149.4016,-22.0131],[149.4014,-22.0089],[149.4172,-22.0107],[149.4156,-22.0146],[149.4214,-22.0244],[149.4176,-22.0287],[149.422,-22.0419],[149.4227,-22.0553],[149.417,-22.0612],[149.4154,-22.0665],[149.425,-22.0723],[149.4285,-22.0778],[149.4281,-22.0865],[149.4179,-22.0872],[149.412,-22.0928],[149.4069,-22.0895],[149.3979,-22.1007],[149.3876,-22.1003],[149.3747,-22.1077],[149.3711,-22.1237],[149.3757,-22.1272],[149.3711,-22.1333],[149.371,-22.1402],[149.3823,-22.1429],[149.3852,-22.1482],[149.3899,-22.1451],[149.3975,-22.146],[149.4034,-22.1425],[149.4269,-22.1385],[149.4292,-22.1287],[149.4275,-22.1191],[149.4356,-22.1158],[149.4709,-22.0956],[149.4719,-22.0983],[149.4819,-22.1043],[149.488,-22.1173],[149.4955,-22.1232],[149.5021,-22.124],[149.5076,-22.118],[149.5225,-22.1156],[149.5301,-22.1205],[149.541,-22.1217],[149.5378,-22.1192],[149.5238,-22.0947],[149.5235,-22.0879],[149.5171,-22.0753],[149.5179,-22.065],[149.5167,-22.0541],[149.5199,-22.0351],[149.5236,-22.0299],[149.5207,-22.0229],[149.5147,-22.0173],[149.5144,-22.0119],[149.5104,-22.0066],[149.4937,-21.994],[149.4729,-22.005],[149.4592,-21.9839],[149.4414,-21.964],[149.4312,-21.9702],[149.4232,-21.9734],[149.4127,-21.9864],[149.4066,-21.9903],[149.3974,-21.9909],[149.3874,-22.0016],[149.3884,-22.0095],[149.3832,-22.0155]]],[[[149.4881,-21.6],[149.4963,-21.6036],[149.4986,-21.5989],[149.4907,-21.5952],[149.4881,-21.6]]],[[[149.6839,-21.3281],[149.6923,-21.3291],[149.6954,-21.325],[149.6947,-21.3154],[149.6906,-21.3116],[149.6763,-21.3084],[149.6758,-21.3021],[149.6679,-21.3016],[149.6646,-21.3093],[149.6687,-21.3137],[149.6742,-21.3146],[149.6791,-21.3233],[149.6839,-21.3281]]],[[[149.7109,-21.4545],[149.7182,-21.4554],[149.7181,-21.4471],[149.7136,-21.4389],[149.708,-21.445],[149.7109,-21.4545]]]]}},{"type":"Feature","properties":{"pc":"4802"},"geometry":{"type":"MultiPolygon","coordinates":[[[[148.769,-20.2864],[148.7753,-20.2908],[148.7844,-20.2927],[148.7941,-20.2887],[148.7913,-20.2855],[148.7967,-20.28],[148.7898,-20.277],[148.7839,-20.2712],[148.7792,-20.2748],[148.7759,-20.2693],[148.7766,-20.2563],[148.7733,-20.2423],[148.7693,-20.2359],[148.7637,-20.2338],[148.7523,-20.2357],[148.7515,-20.2496],[148.7534,-20.2571],[148.7477,-20.2624],[148.7364,-20.2581],[148.7324,-20.2707],[148.7386,-20.2789],[148.737,-20.2824],[148.7268,-20.2743],[148.7273,-20.2671],[148.7204,-20.2683],[148.716,-20.2627],[148.7107,-20.2628],[148.699,-20.2734],[148.6943,-20.2706],[148.6905,-20.2776],[148.6846,-20.2786],[148.6774,-20.2836],[148.6727,-20.2817],[148.6723,-20.2753],[148.6775,-20.272],[148.6794,-20.2662],[148.6792,-20.2521],[148.6851,-20.2414],[148.6811,-20.2309],[148.6778,-20.2316],[148.6716,-20.2388],[148.6689,-20.2471],[148.6628,-20.2475],[148.6631,-20.2362],[148.6677,-20.2333],[148.6622,-20.2227],[148.6608,-20.2159],[148.6642,-20.2115],[148.6651,-20.2043],[148.6698,-20.1976],[148.6768,-20.1917],[148.6779,-20.1787],[148.6739,-20.18],[148.6761,-20.1888],[148.6693,-20.1925],[148.6668,-20.1982],[148.6606,-20.2021],[148.6614,-20.2057],[148.653,-20.2161],[148.6454,-20.2115],[148.6481,-20.2013],[148.6459,-20.1978],[148.6458,-20.1739],[148.6384,-20.1707],[148.6342,-20.1821],[148.6286,-20.191],[148.6338,-20.2144],[148.6313,-20.2186],[148.6355,-20.2167],[148.6341,-20.2285],[148.6367,-20.2321],[148.6391,-20.2507],[148.6346,-20.2513],[148.634,-20.2579],[148.6242,-20.2633],[148.6275,-20.2714],[148.6399,-20.2665],[148.6467,-20.2672],[148.6537,-20.2718],[148.6631,-20.2741],[148.6619,-20.2841],[148.6643,-20.2897],[148.6714,-20.2905],[148.671,-20.2992],[148.6819,-20.3004],[148.6833,-20.3058],[148.6931,-20.2969],[148.6946,-20.2851],[148.7048,-20.2863],[148.7059,-20.278],[148.7136,-20.2776],[148.7221,-20.2878],[148.7208,-20.2981],[148.7371,-20.2951],[148.7386,-20.2833],[148.7465,-20.2853],[148.7438,-20.2767],[148.7534,-20.2778],[148.7567,-20.2815],[148.769,-20.2864]]],[[[148.6008,-20.1479],[148.6115,-20.1481],[148.6128,-20.1384],[148.6051,-20.1395],[148.6008,-20.1479]]],[[[148.6524,-20.1064],[148.6545,-20.0924],[148.6455,-20.1003],[148.6524,-20.1064]]],[[[148.8295,-20.2413],[148.8299,-20.2358],[148.8253,-20.2245],[148.8159,-20.2183],[148.81,-20.2171],[148.8259,-20.2412],[148.8295,-20.2413]]],[[[148.9236,-20.079],[148.9197,-20.0725],[148.9224,-20.0646],[148.9146,-20.0649],[148.9068,-20.0713],[148.9026,-20.0784],[148.9051,-20.086],[148.9119,-20.088],[148.9116,-20.1004],[148.9041,-20.1099],[148.8988,-20.1071],[148.8893,-20.1114],[148.8878,-20.1201],[148.8841,-20.1239],[148.8869,-20.1289],[148.8846,-20.1385],[148.886,-20.1422],[148.8833,-20.1503],[148.8872,-20.1619],[148.8966,-20.1593],[148.901,-20.1481],[148.9001,-20.1395],[148.908,-20.1398],[148.9152,-20.1371],[148.9109,-20.15],[148.9086,-20.1511],[148.9038,-20.1626],[148.9108,-20.1707],[148.9184,-20.1648],[148.9205,-20.1552],[148.9205,-20.1452],[148.9281,-20.1342],[148.9316,-20.138],[148.9298,-20.152],[148.9343,-20.1549],[148.9292,-20.1608],[148.9263,-20.1695],[148.9304,-20.1766],[148.9427,-20.1648],[148.9459,-20.158],[148.9463,-20.1392],[148.944,-20.1266],[148.9386,-20.1185],[148.9423,-20.1141],[148.9368,-20.1087],[148.937,-20.1017],[148.9429,-20.1026],[148.9445,-20.0946],[148.9526,-20.1062],[148.9593,-20.0946],[148.95,-20.0925],[148.9507,-20.0808],[148.9577,-20.0787],[148.9629,-20.0623],[148.9548,-20.0611],[148.9507,-20.0658],[148.9414,-20.0646],[148.9398,-20.0693],[148.9334,-20.0689],[148.9318,-20.073],[148.9236,-20.079]]],[[[148.8837,-20.0601],[148.8871,-20.0577],[148.8958,-20.0608],[148.8981,-20.0504],[148.8926,-20.0432],[148.8825,-20.0415],[148.882,-20.0488],[148.8789,-20.0567],[148.8837,-20.0601]]],[[[149.0363,-20.1594],[149.0299,-20.1554],[149.0218,-20.1562],[149.0361,-20.1744],[149.0366,-20.1649],[149.0431,-20.1565],[149.0363,-20.1518],[149.0363,-20.1594]]],[[[148.99,-20.227],[148.9905,-20.2192],[148.9971,-20.2154],[148.9969,-20.2053],[148.9942,-20.2021],[148.9774,-20.2053],[148.9753,-20.1981],[148.9795,-20.1853],[148.9732,-20.1744],[148.9786,-20.1687],[148.9769,-20.1603],[148.9668,-20.1561],[148.956,-20.158],[148.9594,-20.1765],[148.96,-20.188],[148.9549,-20.1966],[148.9525,-20.2182],[148.9446,-20.2279],[148.9399,-20.2258],[148.9383,-20.2409],[148.9421,-20.2433],[148.9525,-20.2284],[148.9585,-20.2276],[148.9551,-20.2378],[148.962,-20.2448],[148.9581,-20.2496],[148.9539,-20.2484],[148.9497,-20.2568],[148.944,-20.2628],[148.9428,-20.2682],[148.9314,-20.2697],[148.9272,-20.2815],[148.9131,-20.283],[148.917,-20.2875],[148.932,-20.2952],[148.931,-20.3018],[148.9337,-20.305],[148.942,-20.3021],[148.945,-20.2969],[148.9545,-20.2919],[148.9573,-20.2968],[148.9505,-20.3015],[148.9622,-20.3034],[148.9592,-20.3163],[148.9626,-20.327],[148.9726,-20.3272],[148.987,-20.3179],[148.984,-20.3126],[148.9847,-20.3041],[148.9897,-20.3011],[148.9989,-20.3099],[149.0059,-20.3067],[149.0112,-20.3141],[149.0195,-20.3191],[149.0262,-20.3156],[149.0278,-20.3064],[149.0434,-20.3022],[149.0474,-20.3076],[149.0534,-20.298],[149.0609,-20.2983],[149.062,-20.2934],[149.0542,-20.2937],[149.0477,-20.2907],[149.0407,-20.2846],[149.0248,-20.2594],[149.0179,-20.2711],[149.0163,-20.2551],[149.0181,-20.2479],[149.0256,-20.2408],[149.025,-20.2349],[149.0136,-20.251],[149.0045,-20.2555],[149.0038,-20.2471],[149.0113,-20.2339],[149.0068,-20.2339],[148.9938,-20.247],[148.9959,-20.2283],[148.99,-20.227]]],[[[148.9082,-20.2725],[148.9137,-20.2746],[148.9186,-20.2721],[148.9229,-20.2648],[148.9243,-20.2564],[148.9225,-20.2527],[148.9157,-20.2521],[148.9111,-20.2568],[148.913,-20.2618],[148.9082,-20.2725]]],[[[149.0947,-20.2719],[149.1006,-20.2678],[149.0956,-20.2642],[149.0842,-20.2677],[149.0781,-20.2665],[149.0767,-20.2791],[149.0711,-20.2846],[149.0702,-20.2931],[149.0771,-20.2933],[149.0781,-20.3007],[149.0834,-20.2975],[149.0934,-20.3009],[149.0934,-20.2898],[149.0883,-20.281],[149.0947,-20.2719]]],[[[148.8467,-20.2706],[148.8454,-20.2658],[148.8504,-20.2618],[148.8464,-20.2572],[148.8404,-20.2617],[148.8355,-20.261],[148.8304,-20.2557],[148.8285,-20.2639],[148.83,-20.2702],[148.8257,-20.2714],[148.8295,-20.279],[148.8347,-20.2823],[148.8395,-20.2802],[148.8467,-20.2706]]],[[[149.1098,-20.2864],[149.1117,-20.2744],[149.107,-20.2653],[149.1032,-20.2685],[149.1041,-20.2763],[149.109,-20.2756],[149.1098,-20.2864]]],[[[148.8507,-20.3442],[148.8525,-20.3361],[148.8565,-20.3333],[148.8558,-20.3172],[148.8488,-20.3185],[148.8478,-20.3249],[148.8506,-20.3332],[148.8453,-20.3375],[148.8494,-20.3439],[148.8458,-20.3536],[148.8494,-20.365],[148.8515,-20.3809],[148.8556,-20.3882],[148.8607,-20.3879],[148.8622,-20.3941],[148.8665,-20.3966],[148.8754,-20.3936],[148.8754,-20.3852],[148.8722,-20.3757],[148.8678,-20.3724],[148.8629,-20.3613],[148.8577,-20.3572],[148.8513,-20.3486],[148.8507,-20.3442]]],[[[148.9364,-20.3635],[148.9379,-20.3549],[148.9355,-20.3504],[148.9356,-20.3401],[148.9302,-20.3392],[148.9267,-20.3448],[148.929,-20.3487],[148.9265,-20.355],[148.9285,-20.359],[148.9282,-20.3693],[148.9346,-20.3771],[148.9417,-20.3763],[148.9365,-20.3675],[148.9364,-20.3635]]],[[[149.123,-20.3576],[149.1261,-20.3534],[149.1254,-20.3462],[149.1182,-20.3438],[149.1163,-20.3533],[149.123,-20.3576]]],[[[148.961,-20.3481],[148.9556,-20.3445],[148.957,-20.3386],[148.9496,-20.3315],[148.9465,-20.3604],[148.9549,-20.3647],[148.9613,-20.3567],[148.9679,-20.3522],[148.9664,-20.3625],[148.9733,-20.3642],[148.9774,-20.3539],[148.9819,-20.3514],[148.9791,-20.3456],[148.9708,-20.3481],[148.961,-20.3481]]]]}},{"type":"Feature","properties":{"pc":"4810"},"geometry":{"type":"MultiPolygon","coordinates":[[[[146.782,-19.2703],[146.7999,-19.2717],[146.8115,-19.2794],[146.8143,-19.284],[146.8223,-19.29],[146.8269,-19.2882],[146.8261,-19.2826],[146.8356,-19.2693],[146.8468,-19.2555],[146.8407,-19.2475],[146.8339,-19.2506],[146.8238,-19.2491],[146.8158,-19.2498],[146.8052,-19.2385],[146.7971,-19.243],[146.7902,-19.2395],[146.7853,-19.2336],[146.7799,-19.2234],[146.776,-19.2099],[146.7741,-19.1886],[146.7662,-19.1842],[146.7623,-19.1848],[146.7535,-19.1814],[146.7371,-19.1803],[146.7251,-19.1815],[146.7184,-19.188],[146.7126,-19.1908],[146.7015,-19.1928],[146.7104,-19.1989],[146.7033,-19.2042],[146.7126,-19.2173],[146.7094,-19.2215],[146.7124,-19.2296],[146.7353,-19.2319],[146.7508,-19.2501],[146.7518,-19.2423],[146.7667,-19.244],[146.7768,-19.2298],[146.7791,-19.2308],[146.7753,-19.2437],[146.7794,-19.2514],[146.7853,-19.2515],[146.7861,-19.2571],[146.782,-19.2703]]],[[[147.1103,-19.3833],[147.1014,-19.3769],[147.0783,-19.3561],[147.0675,-19.343],[147.0554,-19.319],[147.0479,-19.2987],[147.0404,-19.2943],[147.044,-19.2883],[147.0466,-19.2746],[147.0511,-19.2725],[147.0581,-19.2767],[147.06,-19.273],[147.0575,-19.2621],[147.0596,-19.2543],[147.0531,-19.2468],[147.0505,-19.2402],[147.046,-19.2392],[147.043,-19.2303],[147.0432,-19.2225],[147.0407,-19.208],[147.0181,-19.1913],[147.0185,-19.2035],[147.0231,-19.2078],[147.0218,-19.2158],[147.0183,-19.2198],[147.0076,-19.2264],[147.0022,-19.2374],[147.0053,-19.2409],[146.9926,-19.2599],[146.9888,-19.2675],[146.9809,-19.2765],[146.9774,-19.2837],[146.9658,-19.2888],[146.9605,-19.2933],[146.9578,-19.301],[146.9494,-19.2964],[146.9429,-19.2954],[146.9284,-19.2979],[146.9229,-19.3016],[146.9097,-19.3015],[146.9038,-19.3048],[146.9027,-19.3201],[146.9178,-19.3234],[146.9343,-19.3239],[146.9425,-19.323],[146.9449,-19.3285],[146.94,-19.3329],[146.9414,-19.3407],[146.9456,-19.341],[146.9584,-19.355],[146.9672,-19.3572],[146.9701,-19.348],[146.975,-19.3506],[146.9809,-19.3584],[146.997,-19.36],[147.0087,-19.3818],[147.0074,-19.3953],[147.0176,-19.3934],[147.0239,-19.3988],[147.0336,-19.4126],[147.0343,-19.4066],[147.0412,-19.4074],[147.0499,-19.4121],[147.0541,-19.4326],[147.0597,-19.4343],[147.0633,-19.4388],[147.0752,-19.4353],[147.0869,-19.4378],[147.0893,-19.4416],[147.0977,-19.439],[147.1001,-19.4461],[147.1061,-19.4469],[147.111,-19.4437],[147.112,-19.4311],[147.1166,-19.4286],[147.1202,-19.4189],[147.1195,-19.4111],[147.1175,-19.4109],[147.106,-19.4109],[147.1089,-19.3845],[147.1103,-19.3833]]]]}},{"type":"Feature","properties":{"pc":"4812"},"geometry":{"type":"Polygon","coordinates":[[[146.782,-19.2703],[146.7763,-19.2695],[146.7698,-19.274],[146.7665,-19.2916],[146.7779,-19.2893],[146.7764,-19.308],[146.7892,-19.3002],[146.7964,-19.3009],[146.8023,-19.305],[146.8104,-19.2987],[146.8046,-19.2922],[146.8053,-19.2857],[146.8143,-19.284],[146.8115,-19.2794],[146.7999,-19.2717],[146.782,-19.2703]]]}},{"type":"Feature","properties":{"pc":"4814"},"geometry":{"type":"Polygon","coordinates":[[[146.7106,-19.2916],[146.7227,-19.2926],[146.7345,-19.2864],[146.7474,-19.2877],[146.745,-19.3127],[146.7401,-19.3135],[146.729,-19.323],[146.7288,-19.3297],[146.742,-19.331],[146.7439,-19.3386],[146.7516,-19.3371],[146.7663,-19.3385],[146.7674,-19.3278],[146.7827,-19.3293],[146.7819,-19.34],[146.7858,-19.3437],[146.7849,-19.3493],[146.7924,-19.3534],[146.8038,-19.3517],[146.8102,-19.3447],[146.8143,-19.3345],[146.8071,-19.3308],[146.8084,-19.3185],[146.813,-19.3174],[146.8023,-19.305],[146.7964,-19.3009],[146.7892,-19.3002],[146.7764,-19.308],[146.7779,-19.2893],[146.7665,-19.2916],[146.7698,-19.274],[146.7763,-19.2695],[146.782,-19.2703],[146.7861,-19.2571],[146.7853,-19.2515],[146.7794,-19.2514],[146.7753,-19.2437],[146.7791,-19.2308],[146.7768,-19.2298],[146.7667,-19.244],[146.7518,-19.2423],[146.7508,-19.2501],[146.7548,-19.2548],[146.7564,-19.2623],[146.7469,-19.2627],[146.7248,-19.2607],[146.7226,-19.2812],[146.7119,-19.2802],[146.7106,-19.2916]]]}},{"type":"Feature","properties":{"pc":"4817"},"geometry":{"type":"Polygon","coordinates":[[[146.553,-19.6294],[146.5556,-19.6123],[146.5489,-19.6014],[146.5427,-19.5987],[146.5442,-19.5931],[146.5412,-19.5856],[146.5483,-19.5703],[146.5419,-19.5691],[146.5416,-19.5593],[146.5436,-19.5512],[146.5488,-19.5469],[146.5545,-19.5458],[146.5631,-19.534],[146.5614,-19.5237],[146.5697,-19.5222],[146.5754,-19.5155],[146.5831,-19.5139],[146.5811,-19.5067],[146.582,-19.4998],[146.5798,-19.494],[146.5807,-19.4778],[146.5769,-19.4612],[146.561,-19.4514],[146.5609,-19.4418],[146.5674,-19.4354],[146.579,-19.4368],[146.5805,-19.414],[146.5837,-19.3833],[146.6001,-19.3852],[146.6017,-19.3735],[146.6129,-19.3747],[146.6134,-19.3722],[146.6268,-19.3734],[146.6273,-19.369],[146.6448,-19.3705],[146.6482,-19.3361],[146.6585,-19.337],[146.6594,-19.3277],[146.6648,-19.3282],[146.6657,-19.319],[146.6706,-19.3206],[146.6754,-19.3264],[146.6873,-19.3256],[146.6922,-19.3221],[146.703,-19.3233],[146.7124,-19.3193],[146.7196,-19.3221],[146.729,-19.323],[146.7401,-19.3135],[146.745,-19.3127],[146.7474,-19.2877],[146.7345,-19.2864],[146.7227,-19.2926],[146.7106,-19.2916],[146.7052,-19.3008],[146.696,-19.3],[146.6972,-19.2765],[146.6896,-19.2758],[146.6832,-19.2729],[146.687,-19.2658],[146.6876,-19.2579],[146.6735,-19.2565],[146.6697,-19.2635],[146.6566,-19.2618],[146.6548,-19.2801],[146.6232,-19.2773],[146.6171,-19.2822],[146.6161,-19.2876],[146.6064,-19.2961],[146.6015,-19.3028],[146.5998,-19.3106],[146.5962,-19.3158],[146.5921,-19.315],[146.5689,-19.3169],[146.5629,-19.3183],[146.5659,-19.2941],[146.5516,-19.297],[146.5428,-19.3054],[146.542,-19.3092],[146.5306,-19.3153],[146.5283,-19.3194],[146.5121,-19.3237],[146.5097,-19.3298],[146.5052,-19.3294],[146.5044,-19.3368],[146.4983,-19.3377],[146.4913,-19.3418],[146.4789,-19.3358],[146.4713,-19.3438],[146.4728,-19.3486],[146.4619,-19.3496],[146.4618,-19.3424],[146.454,-19.3383],[146.4447,-19.3357],[146.4443,-19.3296],[146.4488,-19.3278],[146.4596,-19.319],[146.4438,-19.3102],[146.4439,-19.3035],[146.437,-19.2994],[146.4255,-19.2999],[146.425,-19.2895],[146.4204,-19.2876],[146.4111,-19.3628],[146.4098,-19.3745],[146.3468,-19.3682],[146.3387,-19.4414],[146.3516,-19.4397],[146.359,-19.4342],[146.3831,-19.4316],[146.3858,-19.5029],[146.3764,-19.5884],[146.3885,-19.5885],[146.3972,-19.5866],[146.4042,-19.5874],[146.4205,-19.5817],[146.4353,-19.5799],[146.4507,-19.5849],[146.4485,-19.6001],[146.4519,-19.6076],[146.4592,-19.607],[146.4664,-19.6107],[146.5128,-19.6114],[146.5168,-19.619],[146.5216,-19.6157],[146.5426,-19.6197],[146.5448,-19.6251],[146.553,-19.6294]]]}},{"type":"Feature","properties":{"pc":"4818"},"geometry":{"type":"Polygon","coordinates":[[[146.7106,-19.2916],[146.7119,-19.2802],[146.7226,-19.2812],[146.7248,-19.2607],[146.7469,-19.2627],[146.7564,-19.2623],[146.7548,-19.2548],[146.7508,-19.2501],[146.7353,-19.2319],[146.7124,-19.2296],[146.7094,-19.2215],[146.7126,-19.2173],[146.7033,-19.2042],[146.7104,-19.1989],[146.7015,-19.1928],[146.6962,-19.1902],[146.6889,-19.1935],[146.6648,-19.185],[146.652,-19.1761],[146.6289,-19.1704],[146.6127,-19.1602],[146.5977,-19.1483],[146.5867,-19.145],[146.5729,-19.1455],[146.5633,-19.1429],[146.5523,-19.1329],[146.5458,-19.1215],[146.541,-19.1163],[146.5305,-19.1113],[146.5264,-19.1059],[146.519,-19.1005],[146.5158,-19.1064],[146.5095,-19.1122],[146.5032,-19.1209],[146.4963,-19.1157],[146.4892,-19.1211],[146.4871,-19.1318],[146.4733,-19.1417],[146.4658,-19.142],[146.4584,-19.1462],[146.4559,-19.1525],[146.4586,-19.155],[146.4573,-19.1669],[146.452,-19.1949],[146.4153,-19.1635],[146.3969,-19.1521],[146.3845,-19.164],[146.3926,-19.1709],[146.3947,-19.1763],[146.3945,-19.1864],[146.402,-19.1877],[146.4031,-19.1923],[146.4122,-19.1943],[146.4159,-19.205],[146.4215,-19.2112],[146.4209,-19.2207],[146.41,-19.2282],[146.4036,-19.2352],[146.4086,-19.2403],[146.4005,-19.2515],[146.4132,-19.2584],[146.4219,-19.2777],[146.4104,-19.2834],[146.4056,-19.2916],[146.4143,-19.293],[146.4204,-19.2876],[146.425,-19.2895],[146.4255,-19.2999],[146.437,-19.2994],[146.4439,-19.3035],[146.4438,-19.3102],[146.4596,-19.319],[146.4488,-19.3278],[146.4443,-19.3296],[146.4447,-19.3357],[146.454,-19.3383],[146.4618,-19.3424],[146.4619,-19.3496],[146.4728,-19.3486],[146.4713,-19.3438],[146.4789,-19.3358],[146.4913,-19.3418],[146.4983,-19.3377],[146.5044,-19.3368],[146.5052,-19.3294],[146.5097,-19.3298],[146.5121,-19.3237],[146.5283,-19.3194],[146.5306,-19.3153],[146.542,-19.3092],[146.5428,-19.3054],[146.5516,-19.297],[146.5659,-19.2941],[146.5629,-19.3183],[146.5689,-19.3169],[146.5921,-19.315],[146.5962,-19.3158],[146.5998,-19.3106],[146.6015,-19.3028],[146.6064,-19.2961],[146.6161,-19.2876],[146.6171,-19.2822],[146.6232,-19.2773],[146.6548,-19.2801],[146.6566,-19.2618],[146.6697,-19.2635],[146.6735,-19.2565],[146.6876,-19.2579],[146.687,-19.2658],[146.6832,-19.2729],[146.6896,-19.2758],[146.6972,-19.2765],[146.696,-19.3],[146.7052,-19.3008],[146.7106,-19.2916]]]}},{"type":"Feature","properties":{"pc":"4820"},"geometry":{"type":"Polygon","coordinates":[[[147.0148,-20.6062],[147.008,-20.5942],[147.0087,-20.5875],[147.018,-20.5834],[147.0053,-20.5766],[147.0064,-20.5692],[147.0108,-20.5589],[147.0088,-20.5541],[146.9968,-20.5615],[146.9921,-20.5608],[146.9942,-20.551],[146.9889,-20.5499],[146.9939,-20.5402],[146.9821,-20.5384],[146.9805,-20.5268],[146.9716,-20.5206],[146.9699,-20.5129],[146.974,-20.501],[146.9739,-20.4869],[146.982,-20.4808],[146.9798,-20.475],[146.9704,-20.4772],[146.9602,-20.4616],[146.9546,-20.4433],[146.9596,-20.4327],[146.9565,-20.4279],[146.9682,-20.4222],[146.9726,-20.4173],[146.9725,-20.4119],[146.9685,-20.4026],[146.9612,-20.3933],[146.9562,-20.3908],[146.9477,-20.3904],[146.936,-20.3946],[146.9248,-20.3961],[146.8903,-20.3951],[146.8685,-20.3902],[146.8608,-20.3852],[146.8538,-20.3744],[146.8437,-20.3654],[146.8347,-20.3499],[146.8335,-20.3415],[146.8451,-20.3266],[146.8506,-20.3158],[146.8525,-20.2949],[146.8558,-20.2857],[146.8623,-20.2734],[146.8623,-20.2638],[146.8497,-20.2579],[146.8153,-20.2553],[146.809,-20.25],[146.8059,-20.2432],[146.7996,-20.2356],[146.7904,-20.2338],[146.772,-20.2455],[146.761,-20.2476],[146.7516,-20.2456],[146.7288,-20.2344],[146.7225,-20.23],[146.7174,-20.2228],[146.7073,-20.2022],[146.7056,-20.1956],[146.6936,-20.1834],[146.6849,-20.1784],[146.681,-20.1737],[146.6674,-20.172],[146.6658,-20.1683],[146.6581,-20.1631],[146.6505,-20.1516],[146.6416,-20.1494],[146.6256,-20.1274],[146.6169,-20.1208],[146.61,-20.1104],[146.6038,-20.1061],[146.6037,-20.1003],[146.5995,-20.0913],[146.5821,-20.0849],[146.5788,-20.0818],[146.5757,-20.0709],[146.5676,-20.1365],[146.5655,-20.1389],[146.5558,-20.126],[146.5497,-20.1147],[146.543,-20.1052],[146.5371,-20.1026],[146.5325,-20.1056],[146.53,-20.1119],[146.5277,-20.1262],[146.5194,-20.1321],[146.5127,-20.1302],[146.5005,-20.1225],[146.4871,-20.1169],[146.4763,-20.1157],[146.4606,-20.1205],[146.4527,-20.1213],[146.4401,-20.1182],[146.4353,-20.1113],[146.4372,-20.1021],[146.4417,-20.0963],[146.4559,-20.0828],[146.4613,-20.0707],[146.46,-20.0583],[146.4538,-20.0445],[146.44,-20.0292],[146.4378,-20.0222],[146.4367,-20.0074],[146.4495,-20.0043],[146.4564,-20.0001],[146.4652,-19.99],[146.4739,-19.9835],[146.487,-19.9792],[146.4973,-19.9709],[146.5623,-19.9799],[146.5641,-19.968],[146.5647,-19.9541],[146.5697,-19.9214],[146.5627,-19.9204],[146.566,-19.9118],[146.5709,-19.9112],[146.5875,-19.9039],[146.5989,-19.8957],[146.6,-19.8907],[146.6038,-19.8547],[146.5932,-19.8466],[146.5871,-19.8386],[146.5786,-19.84],[146.5731,-19.8324],[146.5794,-19.7804],[146.5883,-19.7739],[146.5855,-19.769],[146.5852,-19.7543],[146.5895,-19.7502],[146.592,-19.7428],[146.5861,-19.739],[146.5814,-19.7322],[146.5704,-19.7365],[146.5527,-19.7302],[146.5433,-19.7232],[146.538,-19.7263],[146.5245,-19.7272],[146.5252,-19.7208],[146.5138,-19.7099],[146.5025,-19.7062],[146.5031,-19.7008],[146.4984,-19.6971],[146.5126,-19.6919],[146.5237,-19.7004],[146.5314,-19.6901],[146.54,-19.6864],[146.5453,-19.6834],[146.5558,-19.6816],[146.5513,-19.6669],[146.5587,-19.6553],[146.5534,-19.6496],[146.5541,-19.6338],[146.553,-19.6294],[146.5448,-19.6251],[146.5426,-19.6197],[146.5216,-19.6157],[146.5168,-19.619],[146.5128,-19.6114],[146.4664,-19.6107],[146.4592,-19.607],[146.4519,-19.6076],[146.4485,-19.6001],[146.4507,-19.5849],[146.4353,-19.5799],[146.4205,-19.5817],[146.4042,-19.5874],[146.3972,-19.5866],[146.3885,-19.5885],[146.3764,-19.5884],[146.3858,-19.5029],[146.3831,-19.4316],[146.359,-19.4342],[146.3516,-19.4397],[146.3387,-19.4414],[146.3468,-19.3682],[146.4098,-19.3745],[146.4111,-19.3628],[146.3877,-19.3628],[146.3874,-19.3458],[146.3497,-19.3508],[146.3474,-19.3481],[146.3549,-19.3426],[146.3518,-19.3352],[146.3547,-19.3325],[146.3518,-19.3252],[146.3457,-19.3244],[146.3398,-19.3156],[146.3509,-19.3096],[146.3452,-19.2967],[146.3576,-19.2912],[146.3563,-19.2859],[146.3486,-19.2918],[146.3444,-19.2902],[146.3424,-19.2834],[146.3488,-19.278],[146.3473,-19.2719],[146.3405,-19.2646],[146.3436,-19.2595],[146.3399,-19.2558],[146.3435,-19.2501],[146.3432,-19.2394],[146.2811,-19.1652],[146.2491,-19.1094],[146.2382,-19.1283],[146.2187,-19.1358],[146.1567,-19.13],[146.1492,-19.1754],[146.097,-19.2192],[146.1196,-19.2454],[146.0357,-19.3175],[146.0057,-19.3204],[145.994,-19.327],[145.9823,-19.3263],[145.974,-19.3275],[145.9702,-19.3313],[145.9677,-19.3414],[145.9781,-19.3536],[145.9666,-19.3586],[145.9226,-19.3874],[145.916,-19.3966],[145.8994,-19.377],[145.8468,-19.4172],[145.8433,-19.4142],[145.8331,-19.3971],[145.8312,-19.3896],[145.8306,-19.3778],[145.8259,-19.3602],[145.8329,-19.3537],[145.8348,-19.3491],[145.8336,-19.3377],[145.8383,-19.3218],[145.8377,-19.3144],[145.8335,-19.3057],[145.8283,-19.3036],[145.8151,-19.3019],[145.809,-19.2989],[145.8054,-19.2893],[145.8101,-19.2684],[145.8091,-19.261],[145.8003,-19.2557],[145.7972,-19.2467],[145.7846,-19.228],[145.7789,-19.2163],[145.7776,-19.1957],[145.7723,-19.1747],[145.7693,-19.1701],[145.7514,-19.1674],[145.7331,-19.1534],[145.7169,-19.1501],[145.7144,-19.1474],[145.7156,-19.1382],[145.711,-19.1291],[145.7136,-19.1188],[145.7073,-19.1145],[145.6976,-19.1137],[145.6877,-19.1064],[145.6791,-19.1097],[145.6701,-19.1193],[145.6635,-19.1223],[145.649,-19.1189],[145.6404,-19.2281],[145.6347,-19.2813],[145.5434,-19.2725],[145.4395,-19.3527],[145.3644,-19.2642],[145.3431,-19.2828],[145.3151,-19.2692],[145.2913,-19.2719],[145.27,-19.2552],[145.2385,-19.2167],[145.1896,-19.2523],[145.0929,-19.3235],[145.0689,-19.3405],[144.9643,-19.4173],[144.9869,-19.4469],[144.9854,-19.4649],[144.9942,-19.4752],[144.9875,-19.4853],[144.9894,-19.5019],[144.9855,-19.5124],[144.9683,-19.5225],[144.9551,-19.5244],[144.9411,-19.532],[144.9346,-19.5316],[144.9243,-19.5369],[144.916,-19.5364],[144.9113,-19.5323],[144.9061,-19.5241],[144.9015,-19.5212],[144.9017,-19.5116],[144.8972,-19.5067],[144.8919,-19.506],[144.8912,-19.4974],[144.8816,-19.4935],[144.8743,-19.4947],[144.8679,-19.4928],[144.8658,-19.4882],[144.8584,-19.4871],[144.8572,-19.4798],[144.8499,-19.4821],[144.8383,-19.4782],[144.8457,-19.4131],[144.6752,-19.3907],[144.5915,-19.3797],[144.4746,-19.3707],[144.4682,-19.4474],[144.4508,-19.4412],[144.3875,-19.4307],[144.3696,-19.4301],[144.3517,-19.4239],[144.3449,-19.5015],[144.3026,-19.4974],[144.2957,-19.5664],[144.2852,-19.5733],[144.2939,-19.5787],[144.3087,-19.5761],[144.3313,-19.5777],[144.3549,-19.5843],[144.3551,-19.5823],[144.4256,-19.6109],[144.4188,-19.6832],[144.4298,-19.6823],[144.4364,-19.6777],[144.4435,-19.6816],[144.4578,-19.6791],[144.4634,-19.6836],[144.4698,-19.6828],[144.4711,-19.6763],[144.4783,-19.6767],[144.483,-19.6722],[144.4931,-19.6694],[144.5082,-19.6721],[144.5179,-19.6642],[144.5304,-19.6704],[144.5359,-19.667],[144.5493,-19.6673],[144.5566,-19.6638],[144.5676,-19.6832],[144.5896,-19.6979],[144.5921,-19.7024],[144.5896,-19.7137],[144.5796,-19.7301],[144.5712,-19.741],[144.5717,-19.7576],[144.5659,-19.7603],[144.5651,-19.7698],[144.5763,-19.7768],[144.5889,-19.7866],[144.5944,-19.7871],[144.5958,-19.792],[144.6078,-19.8062],[144.6121,-19.8133],[144.6191,-19.8166],[144.6271,-19.8103],[144.6298,-19.8109],[144.6368,-19.8205],[144.6472,-19.8264],[144.6626,-19.8369],[144.674,-19.8385],[144.6829,-19.8345],[144.7041,-19.8467],[144.7343,-19.8357],[144.7382,-19.8329],[144.7468,-19.8342],[144.7533,-19.8445],[144.7539,-19.8604],[144.7588,-19.8625],[144.7558,-19.8718],[144.7447,-19.8865],[144.744,-19.8945],[144.7836,-19.8978],[144.7863,-19.869],[144.8065,-19.87],[144.8223,-19.8866],[144.841,-19.9077],[144.8522,-19.8951],[144.856,-19.8991],[144.8672,-19.9192],[144.886,-19.9223],[144.8959,-19.9263],[144.8988,-19.9416],[144.9029,-19.9453],[144.9117,-19.9489],[144.9376,-19.9513],[144.9535,-19.9504],[144.9841,-19.9405],[144.9888,-20.0042],[145.0057,-20.0042],[145.0602,-20.0006],[145.0468,-20.1156],[145.0472,-20.1211],[145.1112,-20.1171],[145.109,-20.085],[145.1142,-20.0851],[145.1255,-20.0815],[145.1246,-20.0773],[145.1335,-20.0748],[145.1378,-20.0788],[145.1394,-20.1008],[145.1948,-20.1064],[145.1905,-20.144],[145.1951,-20.1503],[145.1896,-20.1562],[145.191,-20.1664],[145.2143,-20.1688],[145.2113,-20.2415],[145.2094,-20.2791],[145.2225,-20.3156],[145.27,-20.2873],[145.3278,-20.2913],[145.3341,-20.3037],[145.373,-20.3058],[145.3669,-20.3611],[145.4975,-20.374],[145.5099,-20.3793],[145.5147,-20.3879],[145.5197,-20.3927],[145.5245,-20.4049],[145.5279,-20.4075],[145.5307,-20.4195],[145.5518,-20.4364],[145.5519,-20.4444],[145.5489,-20.4494],[145.5522,-20.455],[145.5583,-20.4566],[145.5799,-20.4779],[145.5929,-20.4873],[145.5972,-20.4926],[145.6091,-20.496],[145.6276,-20.4987],[145.6408,-20.5054],[145.6523,-20.5077],[145.6779,-20.5364],[145.5969,-20.6006],[145.5907,-20.5882],[145.5846,-20.582],[145.5777,-20.5782],[145.5187,-20.6233],[145.5376,-20.6474],[145.5407,-20.645],[145.5635,-20.6707],[145.5764,-20.6604],[145.6291,-20.7192],[145.6332,-20.7161],[145.6797,-20.7717],[145.6859,-20.7672],[145.7326,-20.8234],[145.8016,-20.7724],[145.8578,-20.7781],[145.8558,-20.7935],[145.8517,-20.8718],[146.0014,-20.8906],[145.991,-20.9833],[145.996,-20.9861],[145.9982,-20.9922],[146.0048,-20.9989],[146.0222,-21.0113],[146.0348,-21.01],[146.0457,-21.0065],[146.0586,-21.0097],[146.0766,-21.0036],[146.0948,-21.0024],[146.1027,-21.0101],[146.1074,-21.0122],[146.1054,-21.0228],[146.0969,-21.0964],[146.0911,-21.1499],[146.0224,-21.1429],[146.0218,-21.1488],[146.1016,-21.2442],[145.9575,-21.3141],[146.0326,-21.4187],[146.0949,-21.5048],[146.0934,-21.5099],[146.1323,-21.514],[146.1505,-21.5],[146.3467,-21.5181],[146.3407,-21.5701],[146.396,-21.6632],[146.4467,-21.6681],[146.4839,-21.6803],[146.4873,-21.6497],[146.4884,-21.6469],[146.4929,-21.5886],[146.4901,-21.5865],[146.4923,-21.5665],[146.6567,-21.5825],[146.6492,-21.5994],[146.6516,-21.6093],[146.6923,-21.6203],[146.7031,-21.6252],[146.7175,-21.6256],[146.7285,-21.6312],[146.7409,-21.6324],[146.7561,-21.6367],[146.7599,-21.6362],[146.7822,-21.6387],[146.8339,-21.6432],[146.8368,-21.6364],[146.8346,-21.6325],[146.8348,-21.6139],[146.8332,-21.5999],[146.8387,-21.5873],[146.8347,-21.5744],[146.8452,-21.5637],[146.8504,-21.5529],[146.8518,-21.5455],[146.859,-21.5356],[146.8701,-21.5267],[146.8659,-21.5123],[146.8723,-21.5044],[146.8755,-21.4973],[146.8827,-21.489],[146.9039,-21.4692],[146.9074,-21.466],[146.9118,-21.4538],[146.9098,-21.4411],[146.905,-21.4363],[146.8984,-21.4347],[146.8959,-21.4248],[146.8912,-21.4217],[146.8822,-21.4111],[146.8737,-21.3937],[146.8756,-21.3825],[146.8822,-21.3733],[146.8788,-21.3709],[146.8828,-21.3621],[146.8953,-21.3572],[146.9046,-21.3503],[146.9109,-21.3347],[146.9178,-21.3254],[146.9286,-21.3217],[146.9342,-21.3153],[146.9467,-21.3045],[146.9566,-21.302],[146.9633,-21.2947],[146.9661,-21.2787],[146.9597,-21.2626],[146.9605,-21.2521],[146.9497,-21.2396],[146.932,-21.2384],[146.9266,-21.2322],[146.907,-21.2242],[146.8966,-21.2239],[146.8857,-21.2177],[146.8739,-21.2036],[146.867,-21.1939],[146.868,-21.1834],[146.8822,-21.1733],[146.8826,-21.1703],[146.8741,-21.1615],[146.872,-21.1509],[146.8626,-21.1378],[146.8617,-21.1189],[146.8488,-21.1009],[146.8521,-21.0946],[146.8555,-21.0775],[146.8537,-21.0725],[146.8612,-21.0642],[146.863,-21.0479],[146.8599,-21.0409],[146.8604,-21.0312],[146.8823,-21.0058],[146.8837,-20.9976],[146.8764,-20.9867],[146.8764,-20.978],[146.8669,-20.9552],[146.8636,-20.9386],[146.8564,-20.9267],[146.8535,-20.9192],[146.8542,-20.9121],[146.8631,-20.9022],[146.8622,-20.8951],[146.866,-20.886],[146.8564,-20.8711],[146.861,-20.86],[146.8628,-20.8473],[146.8583,-20.8366],[146.858,-20.8307],[146.8528,-20.8191],[146.8518,-20.8129],[146.8562,-20.8035],[146.8616,-20.7965],[146.8713,-20.8017],[146.8762,-20.8012],[146.8882,-20.7913],[146.9012,-20.7903],[146.9099,-20.7867],[146.9155,-20.7747],[146.917,-20.7615],[146.9204,-20.7574],[146.944,-20.752],[146.9601,-20.7418],[146.9656,-20.7144],[146.9645,-20.7023],[146.9609,-20.6887],[146.9648,-20.676],[146.9758,-20.6736],[146.9827,-20.6693],[146.9858,-20.6584],[146.9795,-20.6493],[146.9732,-20.6347],[146.9727,-20.6236],[146.976,-20.6197],[147.0022,-20.6093],[147.0148,-20.6062]]]}},{"type":"Feature","properties":{"pc":"4850"},"geometry":{"type":"Polygon","coordinates":[[[145.7693,-19.1701],[145.7696,-19.169],[145.774,-19.0588],[145.7492,-19.0579],[145.75,-18.9974],[145.7429,-18.9959],[145.7348,-18.9865],[145.7362,-18.9753],[145.7294,-18.9699],[145.7246,-18.9582],[145.7278,-18.9508],[145.7178,-18.9402],[145.7132,-18.9381],[145.7136,-18.909],[145.7848,-18.9142],[145.7837,-18.9287],[145.8598,-18.9345],[145.8647,-18.8758],[145.9354,-18.8828],[145.9378,-18.8604],[145.9473,-18.8635],[145.9518,-18.8612],[145.958,-18.8671],[145.9595,-18.8738],[145.9658,-18.8795],[145.9767,-18.8779],[145.9815,-18.88],[145.9926,-18.881],[145.9996,-18.8775],[146.0076,-18.886],[146.0074,-18.8973],[146.0028,-18.9039],[146.0089,-18.9051],[146.0149,-18.9108],[146.0159,-18.915],[146.0231,-18.9192],[146.0286,-18.9108],[146.0425,-18.919],[146.0527,-18.9166],[146.0552,-18.9112],[146.0616,-18.9094],[146.063,-18.9052],[146.0705,-18.9077],[146.0733,-18.9134],[146.0785,-18.9146],[146.0825,-18.9212],[146.095,-18.9245],[146.1035,-18.9307],[146.1115,-18.9331],[146.1143,-18.9295],[146.1264,-18.9236],[146.1405,-18.9234],[146.1429,-18.9266],[146.1501,-18.9273],[146.1542,-18.9229],[146.1599,-18.9288],[146.1671,-18.9329],[146.1725,-18.9387],[146.1781,-18.9378],[146.1922,-18.9433],[146.1961,-18.9416],[146.1978,-18.9275],[146.2011,-18.9233],[146.2094,-18.9196],[146.2109,-18.9227],[146.2217,-18.9308],[146.2467,-18.9423],[146.2578,-18.9447],[146.2652,-18.9502],[146.2766,-18.9524],[146.2811,-18.9491],[146.2877,-18.9522],[146.2932,-18.9343],[146.2993,-18.9378],[146.3067,-18.9338],[146.3067,-18.9285],[146.3145,-18.9272],[146.3237,-18.9285],[146.3174,-18.9176],[146.3123,-18.916],[146.3046,-18.9064],[146.2985,-18.9023],[146.2952,-18.8957],[146.2907,-18.893],[146.2838,-18.8805],[146.282,-18.8693],[146.2786,-18.8688],[146.2752,-18.8578],[146.2761,-18.8544],[146.2754,-18.8242],[146.2782,-18.8005],[146.2845,-18.7734],[146.2853,-18.7619],[146.2876,-18.76],[146.2889,-18.7486],[146.2924,-18.7351],[146.3019,-18.7051],[146.3117,-18.6823],[146.3212,-18.6626],[146.3371,-18.635],[146.3397,-18.6242],[146.3371,-18.6231],[146.3315,-18.6408],[146.3245,-18.6466],[146.3193,-18.6457],[146.3376,-18.6121],[146.3375,-18.6023],[146.3392,-18.5872],[146.3424,-18.5777],[146.3399,-18.563],[146.3454,-18.5592],[146.3449,-18.5542],[146.3359,-18.5331],[146.3375,-18.5258],[146.3284,-18.5206],[146.3199,-18.5193],[146.3135,-18.5219],[146.3024,-18.5153],[146.2948,-18.5082],[146.285,-18.5065],[146.2757,-18.5026],[146.2619,-18.4944],[146.2511,-18.4924],[146.2415,-18.4923],[146.2299,-18.4895],[146.2242,-18.4941],[146.2104,-18.5082],[146.2069,-18.5165],[146.1994,-18.5218],[146.1906,-18.5233],[146.1909,-18.5283],[146.1834,-18.5323],[146.1796,-18.5247],[146.165,-18.5174],[146.1559,-18.5188],[146.1473,-18.5171],[146.1381,-18.5125],[146.1217,-18.5079],[146.1154,-18.4952],[146.1167,-18.4894],[146.122,-18.4845],[146.1142,-18.478],[146.1141,-18.4725],[146.1073,-18.4632],[146.1043,-18.4535],[146.0938,-18.4513],[146.0914,-18.4478],[146.0935,-18.4401],[146.1016,-18.4327],[146.098,-18.4209],[146.1003,-18.4152],[146.0926,-18.4116],[146.085,-18.4008],[146.0742,-18.4034],[146.0526,-18.3951],[146.0464,-18.3967],[146.0367,-18.3881],[146.0265,-18.3918],[146.0205,-18.3895],[146.0106,-18.3889],[146.001,-18.3936],[145.992,-18.3938],[145.9836,-18.3971],[145.9618,-18.3944],[145.9473,-18.3643],[145.9334,-18.3705],[145.9293,-18.3697],[145.9087,-18.3853],[145.9086,-18.3879],[145.8981,-18.3968],[145.8911,-18.3999],[145.8865,-18.4046],[145.8796,-18.4074],[145.8735,-18.4],[145.8567,-18.4057],[145.8477,-18.4047],[145.8388,-18.4062],[145.8328,-18.4021],[145.8256,-18.407],[145.8188,-18.4031],[145.8193,-18.3869],[145.8113,-18.3783],[145.8049,-18.3807],[145.8069,-18.386],[145.7939,-18.39],[145.7924,-18.4034],[145.7878,-18.4024],[145.7825,-18.3942],[145.7757,-18.3989],[145.769,-18.3995],[145.7623,-18.3939],[145.7575,-18.3958],[145.7596,-18.4032],[145.7558,-18.408],[145.7551,-18.4143],[145.7601,-18.4239],[145.7545,-18.4311],[145.755,-18.4385],[145.747,-18.4455],[145.7442,-18.4505],[145.7396,-18.45],[145.7361,-18.4573],[145.7281,-18.4659],[145.7081,-18.4709],[145.7143,-18.4802],[145.7148,-18.4887],[145.6237,-18.4769],[145.4997,-18.4624],[145.4942,-18.577],[145.3904,-18.565],[145.384,-18.5703],[145.358,-18.5365],[145.297,-18.4642],[145.3024,-18.4556],[145.2791,-18.4396],[145.2865,-18.43],[145.26,-18.4273],[145.2679,-18.355],[145.1953,-18.3478],[145.1945,-18.3496],[145.1666,-18.3468],[145.1614,-18.3511],[145.1572,-18.3581],[145.156,-18.3647],[145.149,-18.3651],[145.1399,-18.3577],[145.1345,-18.3619],[145.1324,-18.3714],[145.1342,-18.385],[145.1488,-18.3938],[145.1613,-18.3907],[145.1637,-18.3958],[145.1607,-18.3993],[145.1643,-18.415],[145.172,-18.4231],[145.1777,-18.4253],[145.1828,-18.432],[145.18,-18.4461],[145.1823,-18.4488],[145.182,-18.4721],[145.1857,-18.4798],[145.1782,-18.4791],[145.1727,-18.4892],[145.1738,-18.4939],[145.1842,-18.4948],[145.1825,-18.5113],[145.1786,-18.5119],[145.1724,-18.5203],[145.1699,-18.5265],[145.1612,-18.5326],[145.1572,-18.5387],[145.1569,-18.5451],[145.1389,-18.5642],[145.14,-18.5727],[145.1405,-18.578],[145.1361,-18.5826],[145.1339,-18.5942],[145.1285,-18.6008],[145.1276,-18.6091],[145.1174,-18.618],[145.1087,-18.6299],[145.0941,-18.6425],[145.0882,-18.6381],[145.0834,-18.6384],[145.0817,-18.6444],[145.0931,-18.6611],[145.0864,-18.6686],[145.0849,-18.6775],[145.0792,-18.6833],[145.0746,-18.6844],[145.0729,-18.6959],[145.0655,-18.6954],[145.0614,-18.6911],[145.0485,-18.7014],[145.0465,-18.7092],[145.042,-18.7151],[145.0394,-18.7254],[145.0403,-18.7296],[145.0357,-18.7391],[145.0383,-18.7423],[145.0342,-18.751],[145.029,-18.7541],[145.0237,-18.7535],[145.0096,-18.7459],[144.9992,-18.7497],[144.9907,-18.75],[144.9809,-18.7478],[144.9706,-18.7556],[144.9646,-18.7578],[144.9605,-18.7667],[144.9624,-18.7802],[144.9665,-18.7888],[144.962,-18.7968],[144.9652,-18.816],[144.9739,-18.8265],[144.9707,-18.8407],[144.9731,-18.8494],[144.9726,-18.8602],[145.0119,-18.8641],[145.0215,-18.8639],[145.1135,-18.8731],[145.1108,-18.8972],[145.1773,-18.8945],[145.1918,-18.8622],[145.3014,-18.8607],[145.3008,-18.8661],[145.3234,-18.8817],[145.322,-18.902],[145.2417,-19.0043],[145.2459,-19.0088],[145.2775,-19.0082],[145.2914,-19.0116],[145.2979,-19.0168],[145.311,-19.0172],[145.3219,-19.0106],[145.3244,-18.9918],[145.3341,-18.9851],[145.3456,-18.9862],[145.3555,-18.9845],[145.3616,-19.0017],[145.3665,-19.0041],[145.3739,-19.0019],[145.378,-19.0048],[145.3764,-19.0145],[145.3689,-19.0201],[145.3656,-19.0301],[145.3633,-19.0439],[145.3642,-19.0523],[145.3603,-19.0662],[145.5153,-19.0878],[145.5232,-19.0854],[145.5248,-19.0735],[145.5321,-19.0732],[145.5412,-19.0669],[145.5479,-19.0715],[145.5523,-19.0685],[145.5593,-19.0681],[145.562,-19.0598],[145.6271,-19.1254],[145.635,-19.1233],[145.6402,-19.1246],[145.649,-19.1189],[145.6635,-19.1223],[145.6701,-19.1193],[145.6791,-19.1097],[145.6877,-19.1064],[145.6976,-19.1137],[145.7073,-19.1145],[145.7136,-19.1188],[145.711,-19.1291],[145.7156,-19.1382],[145.7144,-19.1474],[145.7169,-19.1501],[145.7331,-19.1534],[145.7514,-19.1674],[145.7693,-19.1701]]]}},{"type":"Feature","properties":{"pc":"4868"},"geometry":{"type":"Polygon","coordinates":[[[145.7157,-16.9992],[145.7247,-17.0001],[145.7339,-17.0037],[145.7424,-16.9988],[145.747,-16.9984],[145.752,-16.9935],[145.7716,-16.9877],[145.7762,-16.9749],[145.7721,-16.9704],[145.7696,-16.963],[145.7585,-16.9593],[145.7554,-16.9481],[145.7439,-16.9443],[145.7388,-16.9464],[145.7368,-16.9551],[145.7278,-16.9526],[145.715,-16.9529],[145.714,-16.9647],[145.7197,-16.9652],[145.7227,-16.9732],[145.7283,-16.9737],[145.7275,-16.981],[145.7213,-16.9857],[145.7204,-16.9948],[145.7157,-16.9992]]]}},{"type":"Feature","properties":{"pc":"4870"},"geometry":{"type":"Polygon","coordinates":[[[145.7047,-17.1762],[145.7205,-17.1722],[145.7168,-17.159],[145.7241,-17.1588],[145.7245,-17.1539],[145.7134,-17.1494],[145.7116,-17.1448],[145.7048,-17.142],[145.6922,-17.1407],[145.6928,-17.1349],[145.6847,-17.1341],[145.6861,-17.1209],[145.6806,-17.1203],[145.6818,-17.1091],[145.6866,-17.1118],[145.6981,-17.113],[145.6988,-17.106],[145.7097,-17.1071],[145.7082,-17.1207],[145.7163,-17.1215],[145.7155,-17.1292],[145.7537,-17.1324],[145.7569,-17.1152],[145.7638,-17.1159],[145.7627,-17.1101],[145.7643,-17.096],[145.7603,-17.0902],[145.7509,-17.088],[145.7445,-17.0838],[145.7403,-17.0907],[145.7334,-17.0882],[145.7122,-17.0861],[145.7145,-17.0642],[145.7258,-17.0653],[145.729,-17.036],[145.7009,-17.033],[145.7042,-17.0204],[145.7066,-16.9982],[145.7157,-16.9992],[145.7204,-16.9948],[145.7213,-16.9857],[145.7275,-16.981],[145.7283,-16.9737],[145.7227,-16.9732],[145.7197,-16.9652],[145.714,-16.9647],[145.715,-16.9529],[145.7278,-16.9526],[145.7368,-16.9551],[145.7388,-16.9464],[145.7439,-16.9443],[145.7554,-16.9481],[145.7585,-16.9593],[145.7696,-16.963],[145.7721,-16.9704],[145.7762,-16.9749],[145.7716,-16.9877],[145.7761,-16.9906],[145.7845,-16.9804],[145.7942,-16.9666],[145.7962,-16.9617],[145.7955,-16.9534],[145.7854,-16.9463],[145.7819,-16.941],[145.7789,-16.9344],[145.7812,-16.9226],[145.7649,-16.9072],[145.7624,-16.8979],[145.765,-16.8877],[145.7769,-16.8808],[145.7747,-16.8697],[145.7648,-16.8637],[145.7413,-16.8621],[145.7315,-16.8739],[145.7163,-16.8777],[145.7045,-16.8828],[145.699,-16.8772],[145.698,-16.8725],[145.6793,-16.8713],[145.6721,-16.8683],[145.6743,-16.849],[145.6694,-16.8453],[145.6599,-16.8462],[145.6474,-16.8513],[145.6491,-16.8574],[145.6554,-16.859],[145.6588,-16.8634],[145.6661,-16.8662],[145.6606,-16.8724],[145.6531,-16.8758],[145.6544,-16.8797],[145.6633,-16.881],[145.6736,-16.8941],[145.6681,-16.9096],[145.6609,-16.9169],[145.6635,-16.9203],[145.6615,-16.9287],[145.6575,-16.9303],[145.6499,-16.9453],[145.6518,-16.9501],[145.6499,-16.9568],[145.6514,-16.9774],[145.6397,-16.9857],[145.6371,-16.9961],[145.6336,-16.9986],[145.6303,-17.0046],[145.6347,-17.0183],[145.6396,-17.0216],[145.6355,-17.0319],[145.6215,-17.0444],[145.615,-17.049],[145.6196,-17.0596],[145.6164,-17.0632],[145.6173,-17.0692],[145.6226,-17.0677],[145.6323,-17.0725],[145.633,-17.0775],[145.6224,-17.0896],[145.6239,-17.0968],[145.6372,-17.1032],[145.6365,-17.1091],[145.6422,-17.1224],[145.6526,-17.1245],[145.6559,-17.1353],[145.6542,-17.1391],[145.6602,-17.1539],[145.6696,-17.1544],[145.6752,-17.1616],[145.6703,-17.1714],[145.7047,-17.1746],[145.7047,-17.1762]]]}},{"type":"Feature","properties":{"pc":"4878"},"geometry":{"type":"Polygon","coordinates":[[[145.7648,-16.8637],[145.7536,-16.8554],[145.7444,-16.8444],[145.7367,-16.8312],[145.7307,-16.815],[145.7219,-16.8006],[145.7148,-16.8011],[145.7102,-16.8091],[145.7135,-16.8177],[145.6996,-16.8163],[145.7001,-16.8123],[145.6882,-16.8097],[145.6804,-16.7968],[145.6729,-16.803],[145.6711,-16.8183],[145.6802,-16.8193],[145.6778,-16.839],[145.6834,-16.8383],[145.6836,-16.8449],[145.6878,-16.8531],[145.6743,-16.849],[145.6721,-16.8683],[145.6793,-16.8713],[145.698,-16.8725],[145.699,-16.8772],[145.7045,-16.8828],[145.7163,-16.8777],[145.7315,-16.8739],[145.7413,-16.8621],[145.7648,-16.8637]]]}},{"type":"Feature","properties":{"pc":"4879"},"geometry":{"type":"MultiPolygon","coordinates":[[[[145.6729,-16.803],[145.6804,-16.7968],[145.6882,-16.8097],[145.7001,-16.8123],[145.6996,-16.8163],[145.7135,-16.8177],[145.7102,-16.8091],[145.7148,-16.8011],[145.7051,-16.7901],[145.7033,-16.7906],[145.6954,-16.7756],[145.6919,-16.7803],[145.6853,-16.7782],[145.6813,-16.7736],[145.6738,-16.7602],[145.6713,-16.748],[145.6721,-16.7389],[145.6664,-16.7345],[145.6623,-16.7356],[145.6635,-16.7402],[145.6528,-16.7488],[145.6608,-16.7582],[145.6505,-16.7665],[145.6639,-16.7831],[145.6625,-16.794],[145.6645,-16.802],[145.6729,-16.803]]],[[[145.6391,-16.7173],[145.6445,-16.7265],[145.6527,-16.7305],[145.6391,-16.7173]]]]}},{"type":"Feature","properties":{"pc":"4880"},"geometry":{"type":"Polygon","coordinates":[[[145.6336,-16.9986],[145.5659,-16.9919],[145.5486,-16.9754],[145.537,-16.9673],[145.5406,-16.9617],[145.5394,-16.9476],[145.5414,-16.9436],[145.5398,-16.9309],[145.5341,-16.9303],[145.5332,-16.9382],[145.5283,-16.9386],[145.4857,-16.9367],[145.4872,-16.9242],[145.4821,-16.9267],[145.4641,-16.8941],[145.4601,-16.885],[145.4711,-16.8764],[145.4883,-16.8707],[145.4858,-16.8591],[145.4816,-16.854],[145.4779,-16.8405],[145.4713,-16.8316],[145.4779,-16.7595],[145.4391,-16.7864],[145.4278,-16.7882],[145.4306,-16.8037],[145.4189,-16.8056],[145.4132,-16.8099],[145.4115,-16.8145],[145.4156,-16.8242],[145.4143,-16.8359],[145.407,-16.8382],[145.3993,-16.8455],[145.394,-16.8468],[145.3919,-16.8534],[145.3939,-16.8572],[145.3926,-16.8683],[145.38,-16.8709],[145.379,-16.8688],[145.361,-16.8869],[145.361,-16.8895],[145.3487,-16.9023],[145.347,-16.9012],[145.3269,-16.9217],[145.2956,-16.8932],[145.2904,-16.8985],[145.2465,-16.8585],[145.2413,-16.8638],[145.1974,-16.8238],[145.2026,-16.8186],[145.1588,-16.7786],[145.1339,-16.8039],[145.113,-16.7848],[145.0584,-16.8394],[145.1545,-16.9269],[145.1416,-17.0088],[145.1524,-17.0129],[145.1593,-17.0137],[145.176,-17.0109],[145.1785,-17.0169],[145.1893,-17.0237],[145.1939,-17.0221],[145.2069,-17.0356],[145.2137,-17.0379],[145.2217,-17.0466],[145.2226,-17.0592],[145.2237,-17.0663],[145.2209,-17.0724],[145.2264,-17.0748],[145.2322,-17.0832],[145.2286,-17.0922],[145.2337,-17.1047],[145.2331,-17.1078],[145.2393,-17.1142],[145.2391,-17.1218],[145.2525,-17.1352],[145.262,-17.1225],[145.2686,-17.12],[145.2748,-17.1225],[145.2814,-17.1202],[145.2842,-17.1159],[145.2939,-17.1124],[145.3142,-17.1082],[145.3502,-17.0862],[145.353,-17.0909],[145.3503,-17.0989],[145.3534,-17.1162],[145.3604,-17.1231],[145.3805,-17.1313],[145.383,-17.1082],[145.3953,-17.0893],[145.4123,-17.0908],[145.4117,-17.1018],[145.4355,-17.1038],[145.4291,-17.1122],[145.427,-17.1212],[145.4384,-17.1221],[145.4379,-17.1276],[145.4427,-17.1294],[145.4404,-17.1422],[145.443,-17.1496],[145.4544,-17.1507],[145.4559,-17.1395],[145.4582,-17.1364],[145.481,-17.1385],[145.4823,-17.1428],[145.4953,-17.1463],[145.4984,-17.1503],[145.4977,-17.1578],[145.5014,-17.1626],[145.5076,-17.1634],[145.5132,-17.1698],[145.5216,-17.1615],[145.5302,-17.1438],[145.5353,-17.1466],[145.548,-17.1468],[145.558,-17.135],[145.5668,-17.1385],[145.5734,-17.1327],[145.576,-17.1117],[145.5695,-17.1059],[145.5811,-17.0927],[145.5893,-17.0923],[145.5944,-17.0894],[145.6038,-17.0939],[145.6085,-17.09],[145.62,-17.0912],[145.6224,-17.0896],[145.633,-17.0775],[145.6323,-17.0725],[145.6226,-17.0677],[145.6173,-17.0692],[145.6164,-17.0632],[145.6196,-17.0596],[145.615,-17.049],[145.6215,-17.0444],[145.6355,-17.0319],[145.6396,-17.0216],[145.6347,-17.0183],[145.6303,-17.0046],[145.6336,-16.9986]]]}},{"type":"Feature","properties":{"pc":"4885"},"geometry":{"type":"Polygon","coordinates":[[[145.496,-17.4584],[145.5035,-17.4586],[145.5163,-17.4635],[145.5223,-17.4683],[145.5348,-17.4692],[145.5349,-17.4717],[145.5458,-17.4767],[145.5487,-17.4725],[145.5604,-17.4665],[145.5637,-17.4682],[145.5728,-17.4628],[145.579,-17.4669],[145.5867,-17.459],[145.5915,-17.457],[145.5921,-17.4485],[145.6027,-17.4505],[145.61,-17.4564],[145.6021,-17.4617],[145.6026,-17.4655],[145.6131,-17.4693],[145.6177,-17.4689],[145.6246,-17.4737],[145.6298,-17.4661],[145.6315,-17.4595],[145.641,-17.4575],[145.6461,-17.4501],[145.6546,-17.4419],[145.66,-17.4415],[145.663,-17.4362],[145.6645,-17.4269],[145.6618,-17.4201],[145.6568,-17.4168],[145.664,-17.4112],[145.6688,-17.4195],[145.6768,-17.4184],[145.6758,-17.4104],[145.6871,-17.405],[145.6884,-17.414],[145.695,-17.4188],[145.6946,-17.429],[145.6988,-17.4384],[145.7034,-17.4422],[145.7042,-17.4527],[145.7152,-17.4488],[145.717,-17.4533],[145.7177,-17.4743],[145.7304,-17.482],[145.7396,-17.48],[145.7341,-17.4625],[145.7401,-17.4532],[145.7355,-17.4524],[145.7312,-17.4471],[145.7344,-17.4356],[145.7336,-17.4304],[145.7286,-17.4223],[145.7372,-17.4187],[145.7422,-17.4132],[145.7348,-17.4034],[145.7338,-17.3955],[145.7274,-17.3902],[145.7416,-17.3866],[145.7396,-17.3793],[145.75,-17.3735],[145.7487,-17.3644],[145.7433,-17.3678],[145.7429,-17.3766],[145.7358,-17.3805],[145.7306,-17.3744],[145.7194,-17.3738],[145.716,-17.3768],[145.7078,-17.3731],[145.7122,-17.3657],[145.7205,-17.3597],[145.7299,-17.3473],[145.7311,-17.3407],[145.7234,-17.3343],[145.7193,-17.3389],[145.7098,-17.3309],[145.7156,-17.3275],[145.7067,-17.32],[145.7117,-17.315],[145.6945,-17.3006],[145.6782,-17.303],[145.6671,-17.3119],[145.6625,-17.3217],[145.6562,-17.3182],[145.6521,-17.3211],[145.6462,-17.3327],[145.6388,-17.3241],[145.6327,-17.3142],[145.6245,-17.3055],[145.6281,-17.3027],[145.6313,-17.2904],[145.6185,-17.2894],[145.6152,-17.2938],[145.6034,-17.2915],[145.5973,-17.2943],[145.5794,-17.2877],[145.5729,-17.2908],[145.5639,-17.2977],[145.569,-17.3065],[145.5646,-17.3203],[145.5659,-17.3312],[145.5639,-17.3358],[145.5693,-17.341],[145.5802,-17.3483],[145.5883,-17.3597],[145.5781,-17.363],[145.5765,-17.3666],[145.5676,-17.3673],[145.562,-17.3735],[145.5596,-17.3804],[145.5543,-17.3836],[145.5424,-17.3958],[145.5358,-17.3959],[145.5311,-17.405],[145.5243,-17.4138],[145.5229,-17.423],[145.5173,-17.4254],[145.5075,-17.4341],[145.509,-17.4384],[145.5189,-17.4341],[145.5225,-17.4418],[145.5109,-17.4419],[145.5003,-17.4497],[145.5004,-17.4542],[145.496,-17.4584]]]}},{"type":"Feature","properties":{"pc":"5000"},"geometry":{"type":"Polygon","coordinates":[[[138.6068,-34.941],[138.6245,-34.9402],[138.624,-34.934],[138.6236,-34.9283],[138.6151,-34.9196],[138.6128,-34.9095],[138.6067,-34.9115],[138.6044,-34.9171],[138.5961,-34.919],[138.5871,-34.9179],[138.5811,-34.9148],[138.577,-34.9092],[138.581,-34.9302],[138.5829,-34.9424],[138.6003,-34.9413],[138.6068,-34.941]]]}},{"type":"Feature","properties":{"pc":"5006"},"geometry":{"type":"Polygon","coordinates":[[[138.577,-34.9092],[138.5811,-34.9148],[138.5871,-34.9179],[138.5961,-34.919],[138.6044,-34.9171],[138.6067,-34.9115],[138.6128,-34.9095],[138.6099,-34.9022],[138.5973,-34.8986],[138.5879,-34.8992],[138.5821,-34.9042],[138.577,-34.9092]]]}},{"type":"Feature","properties":{"pc":"5008"},"geometry":{"type":"Polygon","coordinates":[[[138.5566,-34.8947],[138.5664,-34.9018],[138.5747,-34.8912],[138.5842,-34.8969],[138.5816,-34.8747],[138.5575,-34.8757],[138.5578,-34.8809],[138.5491,-34.8897],[138.5566,-34.8947]]]}},{"type":"Feature","properties":{"pc":"5009"},"geometry":{"type":"Polygon","coordinates":[[[138.5484,-34.8752],[138.5508,-34.8767],[138.5483,-34.8892],[138.5406,-34.884],[138.5416,-34.8992],[138.5477,-34.9047],[138.5533,-34.9044],[138.554,-34.9125],[138.5575,-34.911],[138.5566,-34.8947],[138.5491,-34.8897],[138.5578,-34.8809],[138.5575,-34.8757],[138.5571,-34.8719],[138.5484,-34.8752]]]}},{"type":"Feature","properties":{"pc":"5010"},"geometry":{"type":"Polygon","coordinates":[[[138.5575,-34.8757],[138.5816,-34.8747],[138.5808,-34.8709],[138.5781,-34.8569],[138.5793,-34.8495],[138.5564,-34.8501],[138.5571,-34.8719],[138.5575,-34.8757]]]}},{"type":"Feature","properties":{"pc":"5011"},"geometry":{"type":"Polygon","coordinates":[[[138.5416,-34.8992],[138.5406,-34.884],[138.5483,-34.8892],[138.5508,-34.8767],[138.5484,-34.8752],[138.5335,-34.8661],[138.5294,-34.8637],[138.5278,-34.8775],[138.5209,-34.8842],[138.5226,-34.8914],[138.5315,-34.891],[138.5416,-34.8992]]]}},{"type":"Feature","properties":{"pc":"5012"},"geometry":{"type":"Polygon","coordinates":[[[138.5484,-34.8752],[138.5571,-34.8719],[138.5564,-34.8501],[138.5379,-34.851],[138.5385,-34.8598],[138.5335,-34.8661],[138.5484,-34.8752]]]}},{"type":"Feature","properties":{"pc":"5013"},"geometry":{"type":"Polygon","coordinates":[[[138.5335,-34.8661],[138.5385,-34.8598],[138.5379,-34.851],[138.5564,-34.8501],[138.5793,-34.8495],[138.5794,-34.8494],[138.5826,-34.8404],[138.5813,-34.8318],[138.5326,-34.8342],[138.5254,-34.8254],[138.5319,-34.8147],[138.5252,-34.8126],[138.5253,-34.8168],[138.5149,-34.8357],[138.5167,-34.848],[138.5137,-34.8521],[138.5166,-34.8559],[138.5294,-34.8637],[138.5335,-34.8661]]]}},{"type":"Feature","properties":{"pc":"5015"},"geometry":{"type":"MultiPolygon","coordinates":[[[[138.503,-34.8592],[138.5137,-34.8521],[138.5167,-34.848],[138.5149,-34.8357],[138.5253,-34.8168],[138.5252,-34.8126],[138.516,-34.811],[138.5158,-34.816],[138.5065,-34.8327],[138.4919,-34.8342],[138.4935,-34.8398],[138.4882,-34.8418],[138.4845,-34.8509],[138.4984,-34.8523],[138.503,-34.8592]]],[[[138.5272,-34.7687],[138.5181,-34.7569],[138.5135,-34.7581],[138.5214,-34.7665],[138.5217,-34.7748],[138.5188,-34.7814],[138.5164,-34.7996],[138.5182,-34.805],[138.5237,-34.809],[138.5293,-34.8019],[138.5426,-34.8003],[138.5462,-34.7983],[138.5411,-34.7871],[138.5288,-34.773],[138.5272,-34.7687]]],[[[138.5247,-34.8103],[138.5368,-34.812],[138.5438,-34.8067],[138.5377,-34.8014],[138.5312,-34.8034],[138.5247,-34.8103]]]]}},{"type":"Feature","properties":{"pc":"5017"},"geometry":{"type":"Polygon","coordinates":[[[138.4902,-34.8123],[138.5119,-34.8113],[138.5106,-34.794],[138.5014,-34.7925],[138.4992,-34.7963],[138.4883,-34.7968],[138.4902,-34.8123]]]}},{"type":"Feature","properties":{"pc":"5022"},"geometry":{"type":"Polygon","coordinates":[[[138.5038,-34.8815],[138.4926,-34.882],[138.4935,-34.8943],[138.4889,-34.8925],[138.4854,-34.8753],[138.4817,-34.8773],[138.497,-34.9335],[138.4979,-34.935],[138.508,-34.9334],[138.5065,-34.926],[138.5056,-34.9068],[138.5038,-34.8815]]]}},{"type":"Feature","properties":{"pc":"5023"},"geometry":{"type":"Polygon","coordinates":[[[138.52,-34.9061],[138.5477,-34.9047],[138.5416,-34.8992],[138.5315,-34.891],[138.5226,-34.8914],[138.5209,-34.8842],[138.5141,-34.8795],[138.5037,-34.8798],[138.5038,-34.8815],[138.5056,-34.9068],[138.52,-34.9061]]]}},{"type":"Feature","properties":{"pc":"5024"},"geometry":{"type":"Polygon","coordinates":[[[138.5056,-34.9068],[138.5065,-34.926],[138.508,-34.9334],[138.4979,-34.935],[138.4979,-34.9379],[138.5051,-34.9589],[138.5159,-34.9609],[138.5183,-34.9524],[138.5173,-34.9343],[138.5219,-34.9279],[138.521,-34.9204],[138.52,-34.9061],[138.5056,-34.9068]]]}},{"type":"Feature","properties":{"pc":"5025"},"geometry":{"type":"Polygon","coordinates":[[[138.521,-34.9204],[138.5251,-34.9177],[138.535,-34.9186],[138.5476,-34.9138],[138.5535,-34.9139],[138.554,-34.9125],[138.5533,-34.9044],[138.5477,-34.9047],[138.52,-34.9061],[138.521,-34.9204]]]}},{"type":"Feature","properties":{"pc":"5031"},"geometry":{"type":"Polygon","coordinates":[[[138.581,-34.9302],[138.577,-34.9092],[138.5592,-34.9122],[138.5575,-34.911],[138.554,-34.9125],[138.5535,-34.9139],[138.5542,-34.9245],[138.5523,-34.9298],[138.5702,-34.9299],[138.5711,-34.9421],[138.578,-34.9417],[138.5763,-34.9317],[138.581,-34.9302]]]}},{"type":"Feature","properties":{"pc":"5032"},"geometry":{"type":"Polygon","coordinates":[[[138.5535,-34.9139],[138.5476,-34.9138],[138.535,-34.9186],[138.5251,-34.9177],[138.521,-34.9204],[138.5219,-34.9279],[138.5173,-34.9343],[138.5437,-34.9325],[138.5475,-34.9359],[138.5523,-34.9298],[138.5542,-34.9245],[138.5535,-34.9139]]]}},{"type":"Feature","properties":{"pc":"5033"},"geometry":{"type":"Polygon","coordinates":[[[138.5488,-34.9432],[138.5537,-34.9491],[138.5714,-34.9463],[138.5711,-34.9421],[138.5702,-34.9299],[138.5523,-34.9298],[138.5475,-34.9359],[138.5488,-34.9432]]]}},{"type":"Feature","properties":{"pc":"5034"},"geometry":{"type":"Polygon","coordinates":[[[138.5818,-34.9668],[138.5973,-34.966],[138.5999,-34.9531],[138.6003,-34.9413],[138.5829,-34.9424],[138.585,-34.9519],[138.5809,-34.9546],[138.5814,-34.9607],[138.573,-34.9673],[138.5818,-34.9668]]]}},{"type":"Feature","properties":{"pc":"5035"},"geometry":{"type":"Polygon","coordinates":[[[138.573,-34.9673],[138.5814,-34.9607],[138.5809,-34.9546],[138.585,-34.9519],[138.5829,-34.9424],[138.581,-34.9302],[138.5763,-34.9317],[138.578,-34.9417],[138.5711,-34.9421],[138.5714,-34.9463],[138.573,-34.9673]]]}},{"type":"Feature","properties":{"pc":"5037"},"geometry":{"type":"Polygon","coordinates":[[[138.5366,-34.9606],[138.5545,-34.9597],[138.5628,-34.951],[138.5639,-34.9677],[138.573,-34.9673],[138.5714,-34.9463],[138.5537,-34.9491],[138.5488,-34.9432],[138.5437,-34.9493],[138.5439,-34.9548],[138.5365,-34.958],[138.5366,-34.9606]]]}},{"type":"Feature","properties":{"pc":"5038"},"geometry":{"type":"Polygon","coordinates":[[[138.5639,-34.9677],[138.5628,-34.951],[138.5545,-34.9597],[138.5366,-34.9606],[138.5377,-34.9749],[138.5378,-34.9759],[138.5465,-34.9715],[138.5478,-34.9828],[138.5651,-34.9824],[138.5639,-34.9677]]]}},{"type":"Feature","properties":{"pc":"5040"},"geometry":{"type":"Polygon","coordinates":[[[138.5377,-34.9749],[138.5366,-34.9606],[138.5365,-34.958],[138.5233,-34.9611],[138.528,-34.9647],[138.5287,-34.9741],[138.5377,-34.9749]]]}},{"type":"Feature","properties":{"pc":"5041"},"geometry":{"type":"Polygon","coordinates":[[[138.6024,-34.9989],[138.5995,-34.9684],[138.5973,-34.966],[138.5818,-34.9668],[138.5837,-34.9924],[138.5927,-34.992],[138.5943,-35.0128],[138.601,-35.0104],[138.6024,-34.9989]]]}},{"type":"Feature","properties":{"pc":"5042"},"geometry":{"type":"Polygon","coordinates":[[[138.5702,-35.0336],[138.5778,-35.0332],[138.5765,-35.0149],[138.5943,-35.0128],[138.5927,-34.992],[138.5837,-34.9924],[138.566,-34.9932],[138.5675,-35.0117],[138.5651,-35.0168],[138.5589,-35.0171],[138.5595,-35.026],[138.5637,-35.0292],[138.5702,-35.0336]]]}},{"type":"Feature","properties":{"pc":"5043"},"geometry":{"type":"Polygon","coordinates":[[[138.5498,-35.0176],[138.5589,-35.0171],[138.5651,-35.0168],[138.5675,-35.0117],[138.566,-34.9932],[138.5651,-34.9824],[138.5478,-34.9828],[138.5465,-34.9715],[138.5378,-34.9759],[138.5393,-34.9961],[138.5484,-34.9954],[138.5498,-35.0176]]]}},{"type":"Feature","properties":{"pc":"5045"},"geometry":{"type":"Polygon","coordinates":[[[138.5095,-34.9914],[138.526,-34.9904],[138.5297,-34.9869],[138.5291,-34.9794],[138.5378,-34.9759],[138.5377,-34.9749],[138.5287,-34.9741],[138.528,-34.9647],[138.5233,-34.9611],[138.5159,-34.9609],[138.5051,-34.9589],[138.5087,-34.965],[138.5108,-34.9748],[138.5095,-34.9914]]]}},{"type":"Feature","properties":{"pc":"5047"},"geometry":{"type":"Polygon","coordinates":[[[138.5589,-35.0171],[138.5498,-35.0176],[138.541,-35.0182],[138.5418,-35.0292],[138.5426,-35.0399],[138.5597,-35.0389],[138.5607,-35.0307],[138.5637,-35.0292],[138.5595,-35.026],[138.5589,-35.0171]]]}},{"type":"Feature","properties":{"pc":"5048"},"geometry":{"type":"Polygon","coordinates":[[[138.5304,-35.0017],[138.5112,-35.0025],[138.5172,-35.0268],[138.524,-35.0302],[138.5418,-35.0292],[138.541,-35.0182],[138.532,-35.0187],[138.5304,-35.0017]]]}},{"type":"Feature","properties":{"pc":"5050"},"geometry":{"type":"Polygon","coordinates":[[[138.5863,-35.0379],[138.591,-35.0345],[138.6094,-35.0261],[138.6089,-35.0183],[138.6025,-35.0158],[138.6021,-35.0107],[138.601,-35.0104],[138.5943,-35.0128],[138.5765,-35.0149],[138.5778,-35.0332],[138.5702,-35.0336],[138.5711,-35.0379],[138.5863,-35.0379]]]}},{"type":"Feature","properties":{"pc":"5051"},"geometry":{"type":"Polygon","coordinates":[[[138.6512,-35.0199],[138.6487,-35.0157],[138.6205,-35.0171],[138.6244,-35.0063],[138.6196,-35.0066],[138.604,-35.0135],[138.6021,-35.0107],[138.6025,-35.0158],[138.6089,-35.0183],[138.6094,-35.0261],[138.591,-35.0345],[138.5863,-35.0379],[138.5968,-35.0458],[138.6099,-35.05],[138.6121,-35.0543],[138.6217,-35.0619],[138.6278,-35.0576],[138.6313,-35.0508],[138.6299,-35.0383],[138.6345,-35.0349],[138.6553,-35.0368],[138.6544,-35.0276],[138.649,-35.025],[138.6512,-35.0199]]]}},{"type":"Feature","properties":{"pc":"5052"},"geometry":{"type":"Polygon","coordinates":[[[138.6021,-35.0107],[138.604,-35.0135],[138.6196,-35.0066],[138.6244,-35.0063],[138.6205,-35.0171],[138.6487,-35.0157],[138.6512,-35.0199],[138.6548,-35.0226],[138.6752,-35.0251],[138.6743,-35.0191],[138.6795,-35.0139],[138.6813,-35.0076],[138.6684,-35.0052],[138.659,-34.9975],[138.6527,-34.9967],[138.6523,-34.9904],[138.6159,-34.9923],[138.611,-34.9983],[138.6024,-34.9989],[138.601,-35.0104],[138.6021,-35.0107]]]}},{"type":"Feature","properties":{"pc":"5061"},"geometry":{"type":"Polygon","coordinates":[[[138.6176,-34.965],[138.616,-34.9467],[138.6072,-34.9471],[138.6068,-34.941],[138.6003,-34.9413],[138.5999,-34.9531],[138.5973,-34.966],[138.6176,-34.965]]]}},{"type":"Feature","properties":{"pc":"5062"},"geometry":{"type":"Polygon","coordinates":[[[138.6024,-34.9989],[138.611,-34.9983],[138.6159,-34.9923],[138.6523,-34.9904],[138.6527,-34.9967],[138.659,-34.9975],[138.6683,-34.997],[138.6718,-34.99],[138.661,-34.9867],[138.6659,-34.9812],[138.6658,-34.9769],[138.6587,-34.9705],[138.6556,-34.9725],[138.6269,-34.9708],[138.6264,-34.9645],[138.6176,-34.965],[138.5973,-34.966],[138.5995,-34.9684],[138.6024,-34.9989]]]}},{"type":"Feature","properties":{"pc":"5063"},"geometry":{"type":"Polygon","coordinates":[[[138.6176,-34.965],[138.6264,-34.9645],[138.6259,-34.9569],[138.6381,-34.9562],[138.634,-34.9458],[138.6251,-34.9462],[138.6245,-34.9402],[138.6068,-34.941],[138.6072,-34.9471],[138.616,-34.9467],[138.6176,-34.965]]]}},{"type":"Feature","properties":{"pc":"5064"},"geometry":{"type":"Polygon","coordinates":[[[138.652,-34.9479],[138.6431,-34.9484],[138.634,-34.9458],[138.6381,-34.9562],[138.6259,-34.9569],[138.6264,-34.9645],[138.6269,-34.9708],[138.6556,-34.9725],[138.6587,-34.9705],[138.6671,-34.9671],[138.6698,-34.9624],[138.6682,-34.9564],[138.6527,-34.9557],[138.652,-34.9479]]]}},{"type":"Feature","properties":{"pc":"5066"},"geometry":{"type":"Polygon","coordinates":[[[138.6742,-34.9531],[138.6719,-34.9421],[138.6774,-34.9386],[138.6852,-34.9381],[138.6847,-34.9309],[138.6845,-34.9238],[138.6681,-34.9255],[138.6592,-34.926],[138.6598,-34.933],[138.6524,-34.9336],[138.652,-34.9479],[138.6527,-34.9557],[138.6682,-34.9564],[138.6698,-34.9624],[138.6818,-34.9761],[138.686,-34.9746],[138.6767,-34.9608],[138.6742,-34.9531]]]}},{"type":"Feature","properties":{"pc":"5067"},"geometry":{"type":"Polygon","coordinates":[[[138.6415,-34.927],[138.641,-34.921],[138.6499,-34.9205],[138.6494,-34.9143],[138.6405,-34.9148],[138.6227,-34.9157],[138.6151,-34.9196],[138.6236,-34.9283],[138.624,-34.934],[138.6331,-34.933],[138.6326,-34.9274],[138.6415,-34.927]]]}},{"type":"Feature","properties":{"pc":"5068"},"geometry":{"type":"Polygon","coordinates":[[[138.6579,-34.9082],[138.64,-34.9074],[138.6405,-34.9148],[138.6494,-34.9143],[138.6499,-34.9205],[138.641,-34.921],[138.6415,-34.927],[138.6419,-34.933],[138.6524,-34.9336],[138.6598,-34.933],[138.6592,-34.926],[138.6681,-34.9255],[138.6672,-34.9135],[138.6583,-34.9139],[138.6579,-34.9082]]]}},{"type":"Feature","properties":{"pc":"5069"},"geometry":{"type":"Polygon","coordinates":[[[138.6151,-34.9196],[138.6227,-34.9157],[138.6405,-34.9148],[138.64,-34.9074],[138.632,-34.9047],[138.618,-34.8963],[138.6139,-34.8997],[138.6128,-34.9095],[138.6151,-34.9196]]]}},{"type":"Feature","properties":{"pc":"5070"},"geometry":{"type":"Polygon","coordinates":[[[138.6478,-34.883],[138.6395,-34.888],[138.6352,-34.8874],[138.618,-34.8963],[138.632,-34.9047],[138.64,-34.9074],[138.6579,-34.9082],[138.6565,-34.8895],[138.6478,-34.883]]]}},{"type":"Feature","properties":{"pc":"5072"},"geometry":{"type":"Polygon","coordinates":[[[138.6847,-34.9309],[138.6935,-34.9292],[138.6987,-34.9217],[138.716,-34.9217],[138.7182,-34.9169],[138.7303,-34.9097],[138.7295,-34.9031],[138.7234,-34.9007],[138.7149,-34.9019],[138.7127,-34.8942],[138.7018,-34.9028],[138.6911,-34.9001],[138.6753,-34.9027],[138.6749,-34.8966],[138.666,-34.8971],[138.6672,-34.9135],[138.6681,-34.9255],[138.6845,-34.9238],[138.6847,-34.9309]]]}},{"type":"Feature","properties":{"pc":"5073"},"geometry":{"type":"Polygon","coordinates":[[[138.6672,-34.9135],[138.666,-34.8971],[138.6749,-34.8966],[138.6753,-34.9027],[138.6911,-34.9001],[138.7018,-34.9028],[138.7127,-34.8942],[138.7079,-34.8941],[138.7074,-34.8867],[138.692,-34.8865],[138.6885,-34.8879],[138.6565,-34.8895],[138.6579,-34.9082],[138.6583,-34.9139],[138.6672,-34.9135]]]}},{"type":"Feature","properties":{"pc":"5074"},"geometry":{"type":"Polygon","coordinates":[[[138.6565,-34.8895],[138.6885,-34.8879],[138.692,-34.8865],[138.6911,-34.8755],[138.6655,-34.876],[138.6554,-34.8717],[138.6483,-34.8744],[138.6478,-34.883],[138.6565,-34.8895]]]}},{"type":"Feature","properties":{"pc":"5075"},"geometry":{"type":"Polygon","coordinates":[[[138.6926,-34.8626],[138.6906,-34.8576],[138.6788,-34.8568],[138.6676,-34.8574],[138.6643,-34.8669],[138.6561,-34.8667],[138.6554,-34.8717],[138.6655,-34.876],[138.6911,-34.8755],[138.6956,-34.8752],[138.6926,-34.8626]]]}},{"type":"Feature","properties":{"pc":"5076"},"geometry":{"type":"MultiPolygon","coordinates":[[[[138.7227,-34.8592],[138.7172,-34.863],[138.7097,-34.857],[138.6953,-34.8604],[138.6926,-34.8626],[138.6956,-34.8752],[138.6911,-34.8755],[138.692,-34.8865],[138.7074,-34.8867],[138.7133,-34.8816],[138.7128,-34.8743],[138.7238,-34.8643],[138.7227,-34.8592]]],[[[138.7465,-34.8641],[138.7429,-34.8732],[138.7504,-34.8777],[138.7545,-34.8754],[138.7846,-34.8791],[138.7862,-34.8707],[138.7844,-34.8675],[138.779,-34.8693],[138.7723,-34.8648],[138.752,-34.866],[138.7465,-34.8641]]]]}},{"type":"Feature","properties":{"pc":"5081"},"geometry":{"type":"Polygon","coordinates":[[[138.6128,-34.9095],[138.6139,-34.8997],[138.618,-34.8963],[138.6352,-34.8874],[138.6265,-34.8793],[138.62,-34.8841],[138.6083,-34.8839],[138.6087,-34.8908],[138.6032,-34.891],[138.5973,-34.8986],[138.6099,-34.9022],[138.6128,-34.9095]]]}},{"type":"Feature","properties":{"pc":"5082"},"geometry":{"type":"Polygon","coordinates":[[[138.5821,-34.9042],[138.5879,-34.8992],[138.5973,-34.8986],[138.6032,-34.891],[138.602,-34.8736],[138.6017,-34.8699],[138.5808,-34.8709],[138.5816,-34.8747],[138.5842,-34.8969],[138.5821,-34.9042]]]}},{"type":"Feature","properties":{"pc":"5084"},"geometry":{"type":"Polygon","coordinates":[[[138.5808,-34.8709],[138.6017,-34.8699],[138.6002,-34.8481],[138.5794,-34.8494],[138.5793,-34.8495],[138.5781,-34.8569],[138.5808,-34.8709]]]}},{"type":"Feature","properties":{"pc":"5085"},"geometry":{"type":"Polygon","coordinates":[[[138.6188,-34.867],[138.6367,-34.865],[138.6353,-34.8468],[138.6455,-34.8463],[138.6432,-34.8432],[138.6324,-34.8444],[138.6238,-34.8383],[138.6174,-34.8473],[138.6002,-34.8481],[138.6017,-34.8699],[138.602,-34.8736],[138.6106,-34.8732],[138.6096,-34.8675],[138.6188,-34.867]]]}},{"type":"Feature","properties":{"pc":"5086"},"geometry":{"type":"Polygon","coordinates":[[[138.6265,-34.8793],[138.6555,-34.8572],[138.666,-34.8523],[138.6712,-34.8449],[138.6495,-34.8461],[138.6455,-34.8463],[138.6353,-34.8468],[138.6367,-34.865],[138.6188,-34.867],[138.62,-34.8841],[138.6265,-34.8793]]]}},{"type":"Feature","properties":{"pc":"5087"},"geometry":{"type":"Polygon","coordinates":[[[138.6352,-34.8874],[138.6395,-34.888],[138.6478,-34.883],[138.6483,-34.8744],[138.6554,-34.8717],[138.6561,-34.8667],[138.6643,-34.8669],[138.6676,-34.8574],[138.6555,-34.8572],[138.6265,-34.8793],[138.6352,-34.8874]]]}},{"type":"Feature","properties":{"pc":"5088"},"geometry":{"type":"Polygon","coordinates":[[[138.6788,-34.8568],[138.6776,-34.8446],[138.6712,-34.8449],[138.666,-34.8523],[138.6555,-34.8572],[138.6676,-34.8574],[138.6788,-34.8568]]]}},{"type":"Feature","properties":{"pc":"5091"},"geometry":{"type":"Polygon","coordinates":[[[138.7383,-34.8046],[138.7176,-34.8056],[138.7201,-34.8369],[138.7217,-34.8398],[138.7236,-34.8401],[138.7298,-34.8374],[138.7338,-34.8427],[138.741,-34.8408],[138.7403,-34.8307],[138.7482,-34.8302],[138.7533,-34.8183],[138.7335,-34.8135],[138.7383,-34.8046]]]}},{"type":"Feature","properties":{"pc":"5092"},"geometry":{"type":"Polygon","coordinates":[[[138.7004,-34.8377],[138.7002,-34.8274],[138.6938,-34.8278],[138.694,-34.8139],[138.6995,-34.8071],[138.6884,-34.8041],[138.6733,-34.8095],[138.6663,-34.8082],[138.6673,-34.8187],[138.6686,-34.8346],[138.6753,-34.8342],[138.6758,-34.8398],[138.6712,-34.8449],[138.6776,-34.8446],[138.6821,-34.8389],[138.7004,-34.8377]]]}},{"type":"Feature","properties":{"pc":"5093"},"geometry":{"type":"Polygon","coordinates":[[[138.6712,-34.8449],[138.6758,-34.8398],[138.6753,-34.8342],[138.6686,-34.8346],[138.6673,-34.8187],[138.661,-34.8191],[138.6618,-34.8296],[138.654,-34.8306],[138.6543,-34.8353],[138.6454,-34.8357],[138.6495,-34.8461],[138.6712,-34.8449]]]}},{"type":"Feature","properties":{"pc":"5095"},"geometry":{"type":"Polygon","coordinates":[[[138.6238,-34.8383],[138.6401,-34.8194],[138.6417,-34.8153],[138.6316,-34.8091],[138.6295,-34.8114],[138.6191,-34.805],[138.6159,-34.7997],[138.6071,-34.8007],[138.5966,-34.7944],[138.5966,-34.8005],[138.598,-34.8199],[138.6015,-34.8161],[138.6095,-34.821],[138.5999,-34.8341],[138.6238,-34.8383]]]}},{"type":"Feature","properties":{"pc":"5096"},"geometry":{"type":"Polygon","coordinates":[[[138.6845,-34.7861],[138.6793,-34.7863],[138.6723,-34.781],[138.6571,-34.7979],[138.647,-34.7918],[138.6316,-34.8091],[138.6417,-34.8153],[138.6519,-34.8214],[138.661,-34.8191],[138.6673,-34.8187],[138.6663,-34.8082],[138.6733,-34.8095],[138.6718,-34.7921],[138.6847,-34.789],[138.6845,-34.7861]]]}},{"type":"Feature","properties":{"pc":"5097"},"geometry":{"type":"Polygon","coordinates":[[[138.7201,-34.8369],[138.7176,-34.8056],[138.7002,-34.8065],[138.6995,-34.8071],[138.694,-34.8139],[138.6938,-34.8278],[138.7002,-34.8274],[138.7004,-34.8377],[138.7201,-34.8369]]]}},{"type":"Feature","properties":{"pc":"5098"},"geometry":{"type":"Polygon","coordinates":[[[138.661,-34.8191],[138.6519,-34.8214],[138.6417,-34.8153],[138.6401,-34.8194],[138.6238,-34.8383],[138.6324,-34.8444],[138.6432,-34.8432],[138.6455,-34.8463],[138.6495,-34.8461],[138.6454,-34.8357],[138.6543,-34.8353],[138.654,-34.8306],[138.6618,-34.8296],[138.661,-34.8191]]]}},{"type":"Feature","properties":{"pc":"5106"},"geometry":{"type":"Polygon","coordinates":[[[138.647,-34.7918],[138.6544,-34.7832],[138.6442,-34.777],[138.6389,-34.7738],[138.6314,-34.7823],[138.6159,-34.7997],[138.6191,-34.805],[138.6295,-34.8114],[138.6316,-34.8091],[138.647,-34.7918]]]}},{"type":"Feature","properties":{"pc":"5107"},"geometry":{"type":"Polygon","coordinates":[[[138.6159,-34.7997],[138.6314,-34.7823],[138.6074,-34.7677],[138.5946,-34.7707],[138.5966,-34.7944],[138.6071,-34.8007],[138.6159,-34.7997]]]}},{"type":"Feature","properties":{"pc":"5108"},"geometry":{"type":"Polygon","coordinates":[[[138.6314,-34.7823],[138.6389,-34.7738],[138.6442,-34.777],[138.6593,-34.7601],[138.6561,-34.7581],[138.6441,-34.7508],[138.6361,-34.7459],[138.6212,-34.7294],[138.6183,-34.7352],[138.6031,-34.752],[138.5929,-34.7458],[138.5887,-34.7504],[138.5946,-34.7707],[138.6074,-34.7677],[138.6314,-34.7823]]]}},{"type":"Feature","properties":{"pc":"5109"},"geometry":{"type":"Polygon","coordinates":[[[138.6845,-34.7861],[138.697,-34.7856],[138.6961,-34.775],[138.6896,-34.7715],[138.6993,-34.7548],[138.6842,-34.7551],[138.6671,-34.7545],[138.6561,-34.7581],[138.6593,-34.7601],[138.6442,-34.777],[138.6544,-34.7832],[138.647,-34.7918],[138.6571,-34.7979],[138.6723,-34.781],[138.6793,-34.7863],[138.6845,-34.7861]]]}},{"type":"Feature","properties":{"pc":"5114"},"geometry":{"type":"Polygon","coordinates":[[[138.6954,-34.7145],[138.7039,-34.7182],[138.6972,-34.7231],[138.6881,-34.7376],[138.6887,-34.7438],[138.6842,-34.7551],[138.6993,-34.7548],[138.7201,-34.7554],[138.7223,-34.7463],[138.7295,-34.7459],[138.7305,-34.7514],[138.7398,-34.7531],[138.7464,-34.7591],[138.746,-34.7623],[138.7562,-34.7638],[138.7635,-34.7733],[138.7717,-34.7715],[138.7816,-34.7676],[138.7885,-34.7682],[138.7994,-34.7705],[138.8058,-34.7741],[138.8144,-34.7749],[138.8116,-34.7726],[138.8175,-34.7549],[138.8251,-34.7514],[138.8319,-34.7436],[138.8361,-34.7428],[138.8361,-34.7317],[138.8311,-34.7322],[138.8372,-34.7156],[138.8327,-34.7127],[138.84,-34.7004],[138.8434,-34.6852],[138.8476,-34.6805],[138.8411,-34.6793],[138.8367,-34.6734],[138.829,-34.6683],[138.826,-34.6709],[138.8027,-34.6636],[138.7991,-34.6655],[138.7903,-34.6611],[138.7866,-34.6551],[138.784,-34.6481],[138.7738,-34.6511],[138.7706,-34.6615],[138.762,-34.6611],[138.7604,-34.6531],[138.7463,-34.6487],[138.7421,-34.6422],[138.7266,-34.6662],[138.7101,-34.6568],[138.6965,-34.6789],[138.6555,-34.6616],[138.6501,-34.6753],[138.6449,-34.6808],[138.6618,-34.6881],[138.6677,-34.6786],[138.679,-34.6835],[138.6774,-34.6913],[138.6862,-34.6951],[138.6904,-34.6886],[138.7071,-34.6958],[138.6954,-34.7145]]]}},{"type":"Feature","properties":{"pc":"5116"},"geometry":{"type":"Polygon","coordinates":[[[138.7421,-34.6422],[138.7458,-34.6388],[138.7528,-34.6428],[138.7641,-34.6293],[138.7541,-34.6216],[138.7516,-34.6165],[138.7434,-34.6167],[138.7373,-34.6077],[138.7274,-34.6078],[138.723,-34.6122],[138.7164,-34.6096],[138.712,-34.6147],[138.6938,-34.6178],[138.6803,-34.6157],[138.675,-34.622],[138.6703,-34.6372],[138.7059,-34.6288],[138.7245,-34.6395],[138.7101,-34.6568],[138.7266,-34.6662],[138.7421,-34.6422]]]}},{"type":"Feature","properties":{"pc":"5117"},"geometry":{"type":"Polygon","coordinates":[[[138.6703,-34.6372],[138.675,-34.622],[138.6803,-34.6157],[138.6711,-34.616],[138.6505,-34.6242],[138.6486,-34.6292],[138.6383,-34.6319],[138.6302,-34.6287],[138.6221,-34.6307],[138.6228,-34.6475],[138.6555,-34.6616],[138.6632,-34.6502],[138.6703,-34.6372]]]}},{"type":"Feature","properties":{"pc":"5125"},"geometry":{"type":"Polygon","coordinates":[[[138.7088,-34.7955],[138.7288,-34.7923],[138.7348,-34.7933],[138.7467,-34.7851],[138.7495,-34.7851],[138.7635,-34.7786],[138.768,-34.7803],[138.7717,-34.7715],[138.7635,-34.7733],[138.7562,-34.7638],[138.746,-34.7623],[138.7464,-34.7591],[138.7398,-34.7531],[138.7305,-34.7514],[138.7295,-34.7459],[138.7223,-34.7463],[138.7201,-34.7554],[138.6993,-34.7548],[138.6896,-34.7715],[138.6961,-34.775],[138.697,-34.7856],[138.6845,-34.7861],[138.6847,-34.789],[138.6927,-34.7963],[138.7088,-34.7955]]]}},{"type":"Feature","properties":{"pc":"5136"},"geometry":{"type":"Polygon","coordinates":[[[138.7325,-34.9337],[138.7365,-34.9279],[138.7428,-34.9294],[138.754,-34.9219],[138.7561,-34.9165],[138.7565,-34.9127],[138.7497,-34.9097],[138.7456,-34.9047],[138.7372,-34.9067],[138.7295,-34.9031],[138.7303,-34.9097],[138.7182,-34.9169],[138.716,-34.9217],[138.7185,-34.9288],[138.7325,-34.9337]]]}},{"type":"Feature","properties":{"pc":"5153"},"geometry":{"type":"Polygon","coordinates":[[[138.7551,-35.0258],[138.756,-35.0321],[138.7452,-35.0301],[138.7357,-35.0311],[138.7335,-35.0257],[138.7249,-35.0171],[138.7148,-35.0199],[138.7108,-35.0165],[138.7048,-35.0189],[138.705,-35.0306],[138.6995,-35.0329],[138.6885,-35.0309],[138.6822,-35.0327],[138.6712,-35.0307],[138.6674,-35.0341],[138.6695,-35.0488],[138.6835,-35.0525],[138.6854,-35.0796],[138.6658,-35.0805],[138.6598,-35.0861],[138.6749,-35.0853],[138.6723,-35.0919],[138.6736,-35.1099],[138.6701,-35.1205],[138.6792,-35.1269],[138.6886,-35.1186],[138.6947,-35.1207],[138.6987,-35.1336],[138.7078,-35.1351],[138.7121,-35.1401],[138.7256,-35.1393],[138.7348,-35.1425],[138.7399,-35.1452],[138.7611,-35.1453],[138.7637,-35.147],[138.7776,-35.1325],[138.7807,-35.1342],[138.7935,-35.1335],[138.7874,-35.1439],[138.7896,-35.1475],[138.7863,-35.1538],[138.7846,-35.1742],[138.7923,-35.1805],[138.791,-35.1901],[138.7989,-35.1909],[138.7983,-35.1959],[138.8152,-35.1978],[138.827,-35.208],[138.8412,-35.2084],[138.8482,-35.2042],[138.8568,-35.2052],[138.8652,-35.1953],[138.8774,-35.1838],[138.8837,-35.1701],[138.888,-35.1641],[138.8835,-35.1586],[138.8759,-35.1579],[138.8791,-35.1516],[138.872,-35.1493],[138.8525,-35.1467],[138.8454,-35.1485],[138.8488,-35.1365],[138.844,-35.1309],[138.8336,-35.126],[138.8295,-35.1211],[138.8312,-35.107],[138.8263,-35.0928],[138.8248,-35.0698],[138.8203,-35.0703],[138.815,-35.0624],[138.8057,-35.0624],[138.8048,-35.0572],[138.7927,-35.0625],[138.7815,-35.0619],[138.7863,-35.0461],[138.7779,-35.0403],[138.7757,-35.0358],[138.7789,-35.0269],[138.7672,-35.0227],[138.7631,-35.0267],[138.7551,-35.0258]]]}},{"type":"Feature","properties":{"pc":"5158"},"geometry":{"type":"Polygon","coordinates":[[[138.508,-35.0903],[138.5386,-35.0889],[138.5458,-35.0824],[138.5506,-35.0755],[138.5633,-35.0748],[138.5598,-35.0549],[138.5675,-35.0545],[138.5648,-35.0396],[138.5607,-35.0307],[138.5597,-35.0389],[138.5426,-35.0399],[138.5438,-35.0545],[138.526,-35.0555],[138.5262,-35.0582],[138.503,-35.0594],[138.4953,-35.0748],[138.4937,-35.0844],[138.4857,-35.0909],[138.508,-35.0903]]]}},{"type":"Feature","properties":{"pc":"5159"},"geometry":{"type":"Polygon","coordinates":[[[138.5607,-35.0307],[138.5648,-35.0396],[138.5675,-35.0545],[138.5598,-35.0549],[138.5633,-35.0748],[138.5506,-35.0755],[138.5458,-35.0824],[138.5587,-35.0825],[138.5595,-35.093],[138.5849,-35.0915],[138.5856,-35.0998],[138.5953,-35.1086],[138.6108,-35.098],[138.6351,-35.0953],[138.645,-35.0894],[138.6358,-35.0827],[138.6345,-35.0765],[138.6224,-35.0664],[138.6217,-35.0619],[138.6121,-35.0543],[138.6099,-35.05],[138.5968,-35.0458],[138.5863,-35.0379],[138.5711,-35.0379],[138.5702,-35.0336],[138.5637,-35.0292],[138.5607,-35.0307]]]}},{"type":"Feature","properties":{"pc":"5161"},"geometry":{"type":"Polygon","coordinates":[[[138.5094,-35.1059],[138.5475,-35.1041],[138.5467,-35.0936],[138.5595,-35.093],[138.5587,-35.0825],[138.5458,-35.0824],[138.5386,-35.0889],[138.508,-35.0903],[138.5094,-35.1059]]]}},{"type":"Feature","properties":{"pc":"5162"},"geometry":{"type":"Polygon","coordinates":[[[138.5856,-35.0998],[138.5849,-35.0915],[138.5595,-35.093],[138.5467,-35.0936],[138.5475,-35.1041],[138.5094,-35.1059],[138.5102,-35.1164],[138.5079,-35.1212],[138.5051,-35.1316],[138.506,-35.1376],[138.5372,-35.1361],[138.5494,-35.129],[138.5587,-35.1141],[138.5652,-35.1085],[138.5735,-35.1081],[138.5731,-35.1027],[138.5856,-35.0998]]]}},{"type":"Feature","properties":{"pc":"5164"},"geometry":{"type":"Polygon","coordinates":[[[138.4862,-35.1387],[138.506,-35.1376],[138.5051,-35.1316],[138.5079,-35.1212],[138.5023,-35.1202],[138.4868,-35.1242],[138.4862,-35.1387]]]}},{"type":"Feature","properties":{"pc":"5169"},"geometry":{"type":"Polygon","coordinates":[[[138.468,-35.221],[138.4797,-35.2202],[138.4796,-35.2174],[138.492,-35.2168],[138.4918,-35.2064],[138.4979,-35.206],[138.5024,-35.2006],[138.5034,-35.1946],[138.499,-35.1903],[138.4903,-35.1907],[138.4895,-35.1804],[138.496,-35.18],[138.4988,-35.1759],[138.4952,-35.1717],[138.4922,-35.1573],[138.4882,-35.1608],[138.4884,-35.1671],[138.4752,-35.1619],[138.4764,-35.1773],[138.4664,-35.1778],[138.4691,-35.1911],[138.4709,-35.2116],[138.468,-35.221]]]}},{"type":"Feature","properties":{"pc":"5172"},"geometry":{"type":"Polygon","coordinates":[[[138.5409,-35.3617],[138.5591,-35.3544],[138.5758,-35.3513],[138.5712,-35.3438],[138.5782,-35.3383],[138.5877,-35.3375],[138.5922,-35.3324],[138.599,-35.334],[138.6169,-35.33],[138.6254,-35.3319],[138.635,-35.3261],[138.6519,-35.3246],[138.6604,-35.3207],[138.6667,-35.3253],[138.6727,-35.3097],[138.665,-35.3082],[138.678,-35.2952],[138.6881,-35.2951],[138.6979,-35.2873],[138.7036,-35.2907],[138.707,-35.2897],[138.7091,-35.2759],[138.7118,-35.2721],[138.7019,-35.2629],[138.7068,-35.2521],[138.7123,-35.2353],[138.6964,-35.2358],[138.6953,-35.2573],[138.6747,-35.2572],[138.6679,-35.2595],[138.6624,-35.265],[138.6589,-35.2599],[138.6433,-35.2493],[138.6542,-35.2377],[138.6488,-35.232],[138.6505,-35.2271],[138.6379,-35.2185],[138.6373,-35.2238],[138.6205,-35.2129],[138.5816,-35.2491],[138.4951,-35.2535],[138.4973,-35.2852],[138.5229,-35.2839],[138.5249,-35.298],[138.522,-35.301],[138.528,-35.3075],[138.5225,-35.3149],[138.5168,-35.3185],[138.5211,-35.3304],[138.5158,-35.3372],[138.5248,-35.3415],[138.5264,-35.3539],[138.5373,-35.3552],[138.5409,-35.3617]]]}},{"type":"Feature","properties":{"pc":"5173"},"geometry":{"type":"Polygon","coordinates":[[[138.4475,-35.3193],[138.474,-35.318],[138.4725,-35.297],[138.4981,-35.2957],[138.4973,-35.2852],[138.4951,-35.2535],[138.4943,-35.243],[138.4817,-35.2463],[138.462,-35.2473],[138.4613,-35.2586],[138.458,-35.2636],[138.4436,-35.2711],[138.4425,-35.2851],[138.4473,-35.3057],[138.4475,-35.3193]]]}},{"type":"Feature","properties":{"pc":"5210"},"geometry":{"type":"Polygon","coordinates":[[[138.5842,-35.3896],[138.5872,-35.3818],[138.5823,-35.3775],[138.5876,-35.3731],[138.6108,-35.3732],[138.6091,-35.3775],[138.62,-35.3776],[138.6293,-35.3796],[138.6441,-35.3912],[138.6462,-35.381],[138.6479,-35.3614],[138.7281,-35.3615],[138.7305,-35.3509],[138.7354,-35.35],[138.7176,-35.3377],[138.7102,-35.3287],[138.7268,-35.3209],[138.7259,-35.3149],[138.7208,-35.3033],[138.7136,-35.2922],[138.7083,-35.2949],[138.7036,-35.2907],[138.6979,-35.2873],[138.6881,-35.2951],[138.678,-35.2952],[138.665,-35.3082],[138.6727,-35.3097],[138.6667,-35.3253],[138.6604,-35.3207],[138.6519,-35.3246],[138.635,-35.3261],[138.6254,-35.3319],[138.6169,-35.33],[138.599,-35.334],[138.5922,-35.3324],[138.5877,-35.3375],[138.5782,-35.3383],[138.5712,-35.3438],[138.5758,-35.3513],[138.5591,-35.3544],[138.5409,-35.3617],[138.54,-35.3763],[138.5487,-35.3782],[138.559,-35.3844],[138.5605,-35.3952],[138.5685,-35.3965],[138.5785,-35.3893],[138.5842,-35.3896]]]}},{"type":"Feature","properties":{"pc":"5211"},"geometry":{"type":"Polygon","coordinates":[[[138.4038,-35.64],[138.4151,-35.6387],[138.4208,-35.6336],[138.4307,-35.6293],[138.4402,-35.631],[138.4506,-35.6303],[138.456,-35.6326],[138.4658,-35.6302],[138.4796,-35.6348],[138.4837,-35.6323],[138.5068,-35.6365],[138.5176,-35.6416],[138.5257,-35.6412],[138.5409,-35.6288],[138.5562,-35.6186],[138.5632,-35.6102],[138.5687,-35.6073],[138.5819,-35.605],[138.5835,-35.5998],[138.5913,-35.595],[138.6055,-35.5891],[138.5982,-35.5857],[138.5993,-35.5778],[138.6199,-35.5578],[138.6261,-35.5568],[138.6254,-35.5505],[138.6315,-35.5438],[138.6452,-35.5395],[138.6634,-35.5363],[138.662,-35.5225],[138.6524,-35.5239],[138.6504,-35.5134],[138.6519,-35.4996],[138.6549,-35.491],[138.6521,-35.4731],[138.6634,-35.4736],[138.6685,-35.4588],[138.6715,-35.4462],[138.6585,-35.4433],[138.6564,-35.436],[138.6567,-35.4098],[138.6525,-35.4098],[138.6526,-35.4014],[138.6483,-35.4014],[138.6484,-35.3925],[138.6441,-35.3912],[138.6293,-35.3796],[138.62,-35.3776],[138.6091,-35.3775],[138.6108,-35.3732],[138.5876,-35.3731],[138.5823,-35.3775],[138.5872,-35.3818],[138.5842,-35.3896],[138.5891,-35.3891],[138.5989,-35.3925],[138.5999,-35.3981],[138.6088,-35.4094],[138.6128,-35.4229],[138.6054,-35.4288],[138.6102,-35.4345],[138.6023,-35.4416],[138.5963,-35.4396],[138.5832,-35.4298],[138.5732,-35.4361],[138.5641,-35.4363],[138.549,-35.4331],[138.5396,-35.441],[138.5289,-35.4373],[138.5194,-35.4373],[138.5155,-35.4345],[138.5039,-35.4361],[138.4822,-35.4312],[138.4794,-35.435],[138.4704,-35.437],[138.4625,-35.4422],[138.4614,-35.4509],[138.4542,-35.4587],[138.4475,-35.4627],[138.4204,-35.464],[138.4072,-35.4587],[138.3932,-35.4615],[138.3923,-35.4761],[138.4177,-35.4751],[138.4229,-35.4792],[138.42,-35.4882],[138.4117,-35.497],[138.4075,-35.5046],[138.4119,-35.5141],[138.4275,-35.5165],[138.432,-35.5197],[138.4325,-35.5259],[138.4163,-35.5271],[138.4196,-35.5325],[138.422,-35.5434],[138.4172,-35.5497],[138.4075,-35.5504],[138.4031,-35.5447],[138.3964,-35.5457],[138.3921,-35.5551],[138.3868,-35.5582],[138.3914,-35.565],[138.3992,-35.5719],[138.4041,-35.5867],[138.4044,-35.5983],[138.3775,-35.5983],[138.3773,-35.6044],[138.385,-35.6149],[138.3884,-35.6157],[138.3954,-35.6252],[138.3952,-35.6293],[138.4054,-35.6305],[138.4038,-35.64]]]}},{"type":"Feature","properties":{"pc":"5212"},"geometry":{"type":"Polygon","coordinates":[[[138.7004,-35.5179],[138.699,-35.5117],[138.69,-35.5023],[138.687,-35.4879],[138.6763,-35.4883],[138.6761,-35.4806],[138.6634,-35.4736],[138.6521,-35.4731],[138.6549,-35.491],[138.6519,-35.4996],[138.6504,-35.5134],[138.6524,-35.5239],[138.662,-35.5225],[138.6634,-35.5363],[138.6783,-35.5364],[138.6911,-35.5329],[138.6954,-35.5273],[138.6929,-35.5229],[138.7004,-35.5179]]]}},{"type":"Feature","properties":{"pc":"5214"},"geometry":{"type":"Polygon","coordinates":[[[138.862,-35.4384],[138.8468,-35.4291],[138.835,-35.4275],[138.8344,-35.4215],[138.8301,-35.4191],[138.8302,-35.4126],[138.8142,-35.403],[138.8015,-35.399],[138.7965,-35.4045],[138.7881,-35.4048],[138.77,-35.3948],[138.7582,-35.4043],[138.747,-35.4027],[138.7448,-35.4104],[138.7339,-35.4015],[138.7206,-35.3996],[138.723,-35.388],[138.7143,-35.3891],[138.7024,-35.3827],[138.6866,-35.3894],[138.685,-35.3958],[138.6707,-35.3904],[138.6633,-35.3861],[138.6593,-35.3904],[138.6484,-35.3925],[138.6483,-35.4014],[138.6526,-35.4014],[138.6525,-35.4098],[138.6567,-35.4098],[138.6564,-35.436],[138.6585,-35.4433],[138.6715,-35.4462],[138.6685,-35.4588],[138.6936,-35.4625],[138.696,-35.4522],[138.7087,-35.4541],[138.7129,-35.4516],[138.728,-35.4542],[138.7251,-35.4671],[138.7439,-35.4699],[138.7393,-35.4907],[138.7456,-35.4916],[138.7419,-35.5078],[138.7486,-35.5072],[138.7463,-35.5175],[138.7679,-35.5218],[138.7915,-35.5282],[138.8179,-35.5366],[138.8781,-35.5589],[138.8808,-35.5558],[138.8994,-35.5549],[138.92,-35.5611],[138.9239,-35.559],[138.9315,-35.5624],[138.9358,-35.5555],[138.9431,-35.5558],[138.9541,-35.5511],[138.9663,-35.5413],[138.966,-35.5288],[138.9737,-35.5233],[138.978,-35.5203],[138.9629,-35.515],[138.9486,-35.514],[138.9309,-35.5052],[138.9205,-35.4966],[138.9139,-35.4969],[138.9076,-35.4938],[138.8857,-35.4758],[138.8828,-35.4677],[138.8712,-35.4659],[138.8658,-35.4551],[138.8681,-35.45],[138.862,-35.4384]]]}},{"type":"Feature","properties":{"pc":"5223"},"geometry":{"type":"Polygon","coordinates":[[[137.7842,-35.7304],[137.7803,-35.7239],[137.7686,-35.723],[137.7492,-35.7306],[137.7323,-35.7357],[137.7232,-35.7344],[137.7059,-35.739],[137.6969,-35.7397],[137.6681,-35.7396],[137.6269,-35.7317],[137.6178,-35.7349],[137.6025,-35.7359],[137.5858,-35.7324],[137.5781,-35.7259],[137.5783,-35.7137],[137.5909,-35.7009],[137.6034,-35.6927],[137.6057,-35.6788],[137.6214,-35.6651],[137.6349,-35.6606],[137.6431,-35.655],[137.6412,-35.6403],[137.6323,-35.6419],[137.6166,-35.6361],[137.5952,-35.6425],[137.5832,-35.6424],[137.5698,-35.6326],[137.5696,-35.6187],[137.5886,-35.6017],[137.6078,-35.5907],[137.6189,-35.5898],[137.6269,-35.5967],[137.6299,-35.5924],[137.6302,-35.5764],[137.6344,-35.5678],[137.623,-35.5614],[137.6087,-35.5705],[137.5978,-35.5705],[137.5917,-35.5641],[137.5854,-35.5685],[137.5712,-35.5694],[137.563,-35.5725],[137.5471,-35.5865],[137.5261,-35.5947],[137.5114,-35.5953],[137.495,-35.581],[137.4864,-35.5814],[137.4829,-35.5852],[137.4657,-35.5883],[137.4508,-35.5959],[137.433,-35.5939],[137.4259,-35.591],[137.4073,-35.5877],[137.3841,-35.5906],[137.3722,-35.5855],[137.3639,-35.5874],[137.3518,-35.5871],[137.3362,-35.5799],[137.325,-35.578],[137.3126,-35.5795],[137.3026,-35.5895],[137.2964,-35.5902],[137.2854,-35.5979],[137.2671,-35.6034],[137.2576,-35.6026],[137.2341,-35.607],[137.223,-35.6177],[137.2112,-35.6168],[137.2045,-35.6244],[137.1973,-35.6246],[137.1851,-35.6212],[137.1812,-35.6257],[137.1628,-35.6327],[137.1565,-35.6303],[137.1422,-35.6295],[137.1256,-35.6429],[137.1213,-35.6519],[137.1018,-35.6581],[137.0965,-35.6578],[137.0809,-35.6635],[137.074,-35.6638],[137.0685,-35.6683],[137.0524,-35.667],[137.041,-35.67],[137.0106,-35.6738],[136.9988,-35.6718],[136.9722,-35.6756],[136.9581,-35.6737],[136.9488,-35.6746],[136.9226,-35.6818],[136.8976,-35.686],[136.8914,-35.6889],[136.8753,-35.6876],[136.8591,-35.6941],[136.8493,-35.6928],[136.8394,-35.6956],[136.8006,-35.7],[136.7836,-35.7002],[136.7789,-35.7117],[136.7665,-35.7152],[136.7588,-35.7227],[136.7511,-35.7238],[136.7246,-35.7216],[136.7175,-35.7225],[136.7119,-35.7313],[136.697,-35.7395],[136.6914,-35.7396],[136.6706,-35.7446],[136.6537,-35.744],[136.6288,-35.7489],[136.6169,-35.7452],[136.5874,-35.7488],[136.5822,-35.7538],[136.5805,-35.7608],[136.574,-35.7655],[136.575,-35.7758],[136.5782,-35.783],[136.5788,-35.7949],[136.5717,-35.8008],[136.571,-35.8075],[136.5657,-35.8099],[136.568,-35.8211],[136.5605,-35.8283],[136.5641,-35.8489],[136.5617,-35.8525],[136.5439,-35.8571],[136.5402,-35.8599],[136.5389,-35.8672],[136.5334,-35.8755],[136.5362,-35.8862],[136.5492,-35.8843],[136.5426,-35.8961],[136.5545,-35.9061],[136.5805,-35.9317],[136.5804,-35.9489],[136.5941,-35.9549],[136.5953,-35.9609],[136.6041,-35.9609],[136.6248,-35.9544],[136.6298,-35.9604],[136.6388,-35.9607],[136.6527,-35.9652],[136.6656,-35.9757],[136.6776,-35.9923],[136.6891,-36.0048],[136.6928,-36.0142],[136.7001,-36.0214],[136.7081,-36.0375],[136.7068,-36.049],[136.697,-36.0582],[136.707,-36.0625],[136.7131,-36.0559],[136.7271,-36.0451],[136.7338,-36.0434],[136.7535,-36.0463],[136.7573,-36.0497],[136.7641,-36.0453],[136.775,-36.0436],[136.7731,-36.0383],[136.7826,-36.0314],[136.8005,-36.0322],[136.8157,-36.0364],[136.8248,-36.0314],[136.8317,-36.0198],[136.8411,-36.018],[136.8534,-36.0192],[136.8596,-36.0174],[136.871,-36.0227],[136.8942,-36.0311],[136.9022,-36.037],[136.9148,-36.0434],[136.943,-36.0267],[136.9477,-36.0299],[136.953,-36.0274],[136.9649,-36.0268],[136.9723,-36.0212],[136.9912,-36.0208],[136.9969,-36.0181],[137.0102,-36.0192],[137.0245,-36.0229],[137.0308,-36.0269],[137.0488,-36.0268],[137.0508,-36.0237],[137.0678,-36.0203],[137.0833,-36.0213],[137.0924,-36.0251],[137.1026,-36.0182],[137.123,-36.0269],[137.1221,-36.0301],[137.1314,-36.0337],[137.1375,-36.0292],[137.1379,-36.0248],[137.1458,-36.0207],[137.1508,-36.0231],[137.1611,-36.0225],[137.1619,-36.0164],[137.1691,-36.0147],[137.1765,-36.01],[137.1776,-36.0043],[137.1891,-35.9976],[137.1798,-35.9937],[137.1796,-35.9857],[137.1838,-35.9814],[137.1984,-35.9749],[137.2095,-35.974],[137.2292,-35.9771],[137.2368,-35.9822],[137.2493,-35.9835],[137.2559,-35.9816],[137.2639,-35.9845],[137.2779,-35.9929],[137.2926,-35.9905],[137.3028,-35.9934],[137.3234,-35.996],[137.3357,-35.9933],[137.3409,-35.9959],[137.3468,-35.9937],[137.3582,-35.9956],[137.3632,-35.999],[137.3712,-35.9985],[137.3744,-36.0054],[137.3803,-36.0079],[137.3838,-36.0151],[137.4235,-36.0454],[137.4422,-36.0568],[137.4635,-36.0724],[137.478,-36.066],[137.4854,-36.057],[137.4956,-36.0546],[137.504,-36.0559],[137.5063,-36.0507],[137.5133,-36.0472],[137.5169,-36.0409],[137.5227,-36.0379],[137.5371,-36.0264],[137.5521,-36.0217],[137.5632,-36.0229],[137.5821,-36.0183],[137.5866,-36.0195],[137.5937,-36.0104],[137.6028,-36.0091],[137.6085,-35.9964],[137.6163,-35.9897],[137.6178,-35.9751],[137.6091,-35.9692],[137.6027,-35.9607],[137.5993,-35.9513],[137.5986,-35.9372],[137.6071,-35.919],[137.6154,-35.9095],[137.6219,-35.9047],[137.6449,-35.8911],[137.663,-35.8841],[137.6841,-35.8793],[137.7014,-35.8768],[137.72,-35.8759],[137.7261,-35.8767],[137.7304,-35.8683],[137.7357,-35.8652],[137.7361,-35.8554],[137.7447,-35.8523],[137.7449,-35.8419],[137.7207,-35.8354],[137.7059,-35.8284],[137.7344,-35.8082],[137.7331,-35.8013],[137.7406,-35.7921],[137.7402,-35.7794],[137.7072,-35.7689],[137.7469,-35.7515],[137.7587,-35.7451],[137.7645,-35.7396],[137.7842,-35.7304]],[[137.2658,-35.7791],[137.2641,-35.7927],[137.2544,-35.7879],[137.2486,-35.7879],[137.2457,-35.7817],[137.2458,-35.7743],[137.2684,-35.7754],[137.2658,-35.7791]]]}},{"type":"Feature","properties":{"pc":"5234"},"geometry":{"type":"Polygon","coordinates":[[[139.0418,-34.8153],[139.0269,-34.8098],[139.0175,-34.8046],[139.0112,-34.8041],[139.0046,-34.7991],[139.0048,-34.7941],[138.9931,-34.7852],[138.987,-34.7929],[138.9547,-34.7907],[138.9537,-34.7981],[138.9489,-34.804],[138.9341,-34.8058],[138.9335,-34.8115],[138.9223,-34.8107],[138.9191,-34.8363],[138.9379,-34.8386],[138.9797,-34.8411],[138.9841,-34.8395],[138.9952,-34.843],[138.9994,-34.8473],[139.0057,-34.8469],[139.0069,-34.8413],[139.0015,-34.8344],[139.0191,-34.8293],[139.0251,-34.8233],[139.035,-34.8234],[139.0418,-34.8153]]]}},{"type":"Feature","properties":{"pc":"5243"},"geometry":{"type":"Polygon","coordinates":[[[138.8104,-34.9609],[138.8195,-34.9657],[138.8347,-34.9884],[138.8423,-34.9963],[138.8513,-34.9927],[138.8584,-35.006],[138.8927,-35.0055],[138.8964,-35.0037],[138.9018,-34.9928],[138.8982,-34.9809],[138.8806,-34.9783],[138.8823,-34.9744],[138.8639,-34.9692],[138.8619,-34.9613],[138.8447,-34.9557],[138.8391,-34.9526],[138.821,-34.9507],[138.8104,-34.9609]]]}},{"type":"Feature","properties":{"pc":"5251"},"geometry":{"type":"MultiPolygon","coordinates":[[[[138.8923,-35.0538],[138.8748,-35.0535],[138.8523,-35.0585],[138.8395,-35.0579],[138.8302,-35.0508],[138.832,-35.0555],[138.8248,-35.0698],[138.8263,-35.0928],[138.8312,-35.107],[138.8295,-35.1211],[138.8336,-35.126],[138.844,-35.1309],[138.8488,-35.1365],[138.8454,-35.1485],[138.8525,-35.1467],[138.872,-35.1493],[138.8791,-35.1516],[138.8759,-35.1579],[138.8835,-35.1586],[138.888,-35.1641],[138.8874,-35.1597],[138.8924,-35.1541],[138.8921,-35.1456],[138.8998,-35.1456],[138.9175,-35.1375],[138.9235,-35.1441],[138.9293,-35.1449],[138.9331,-35.1392],[138.9418,-35.1361],[138.9507,-35.1222],[138.9521,-35.1173],[138.9474,-35.105],[138.9389,-35.0944],[138.9335,-35.0756],[138.9489,-35.0765],[138.9362,-35.0622],[138.9251,-35.057],[138.9127,-35.0577],[138.8923,-35.0538]]],[[[138.8628,-35.0277],[138.8714,-35.0293],[138.8747,-35.0227],[138.8718,-35.0167],[138.8628,-35.0277]]]]}},{"type":"Feature","properties":{"pc":"5253"},"geometry":{"type":"Polygon","coordinates":[[[139.2561,-35.2892],[139.292,-35.2904],[139.3274,-35.2856],[139.3268,-35.2406],[139.3384,-35.2415],[139.3572,-35.248],[139.3839,-35.2381],[139.3862,-35.241],[139.3959,-35.2349],[139.4047,-35.2387],[139.4159,-35.2317],[139.3976,-35.216],[139.3852,-35.2106],[139.3613,-35.1969],[139.3653,-35.1878],[139.3584,-35.1831],[139.3837,-35.1831],[139.3732,-35.1735],[139.3611,-35.1688],[139.3511,-35.1597],[139.3407,-35.1524],[139.3339,-35.1457],[139.3474,-35.1329],[139.4274,-35.1328],[139.4274,-35.1244],[139.4652,-35.1245],[139.4652,-35.1262],[139.5031,-35.1264],[139.5063,-35.1365],[139.5061,-35.1606],[139.5216,-35.1607],[139.5216,-35.1578],[139.5522,-35.1575],[139.6199,-35.1576],[139.6199,-35.0685],[139.6224,-35.0642],[139.6199,-35.0547],[139.6199,-35.0172],[139.6199,-34.9669],[139.5313,-34.9667],[139.4839,-34.9668],[139.4822,-34.9304],[139.4676,-34.9285],[139.4043,-34.9285],[139.3947,-34.9268],[139.3662,-34.9284],[139.3663,-34.9669],[139.3914,-34.9668],[139.3914,-35.03],[139.3669,-35.0305],[139.3651,-35.0458],[139.3622,-35.0512],[139.3536,-35.0547],[139.3338,-35.0506],[139.3226,-35.0511],[139.3161,-35.0585],[139.304,-35.0499],[139.2963,-35.0565],[139.2653,-35.056],[139.2652,-35.0511],[139.2502,-35.0511],[139.2454,-35.0736],[139.2449,-35.0852],[139.2277,-35.0764],[139.2276,-35.0964],[139.255,-35.106],[139.2525,-35.112],[139.231,-35.1074],[139.2294,-35.124],[139.2233,-35.124],[139.2233,-35.138],[139.2269,-35.1443],[139.2119,-35.1499],[139.1932,-35.1523],[139.1935,-35.1592],[139.1885,-35.1715],[139.1937,-35.1826],[139.163,-35.1831],[139.1583,-35.2535],[139.156,-35.2901],[139.234,-35.288],[139.2404,-35.2894],[139.2561,-35.2892]]]}},{"type":"Feature","properties":{"pc":"5255"},"geometry":{"type":"Polygon","coordinates":[[[139.1522,-35.353],[139.1526,-35.3464],[139.1671,-35.3365],[139.1785,-35.3322],[139.1945,-35.3296],[139.2104,-35.3287],[139.2089,-35.3246],[139.195,-35.3251],[139.1753,-35.3289],[139.1611,-35.3238],[139.171,-35.3145],[139.1762,-35.3127],[139.2018,-35.3095],[139.2229,-35.3152],[139.2322,-35.3195],[139.2515,-35.3211],[139.257,-35.3094],[139.2561,-35.2892],[139.2404,-35.2894],[139.234,-35.288],[139.156,-35.2901],[139.1583,-35.2535],[139.1076,-35.2324],[139.0906,-35.2189],[139.0861,-35.2166],[139.0664,-35.2149],[139.0667,-35.1659],[139.0274,-35.1388],[139.0104,-35.1326],[139.0031,-35.1281],[138.9953,-35.1266],[138.9889,-35.129],[138.9809,-35.126],[138.9719,-35.1181],[138.9668,-35.1204],[138.9544,-35.1136],[138.9521,-35.1173],[138.9507,-35.1222],[138.9418,-35.1361],[138.9331,-35.1392],[138.9293,-35.1449],[138.9235,-35.1441],[138.9175,-35.1375],[138.8998,-35.1456],[138.8921,-35.1456],[138.8924,-35.1541],[138.8874,-35.1597],[138.888,-35.1641],[138.8837,-35.1701],[138.8774,-35.1838],[138.8652,-35.1953],[138.8568,-35.2052],[138.8482,-35.2042],[138.8412,-35.2084],[138.84,-35.2176],[138.8314,-35.2267],[138.8215,-35.2272],[138.8008,-35.2367],[138.7997,-35.2454],[138.7937,-35.2526],[138.7893,-35.2639],[138.795,-35.2684],[138.8116,-35.2927],[138.8115,-35.3006],[138.8158,-35.3046],[138.8043,-35.3161],[138.801,-35.3223],[138.7882,-35.3289],[138.7735,-35.3279],[138.771,-35.3343],[138.7583,-35.3303],[138.7491,-35.3292],[138.7354,-35.35],[138.7305,-35.3509],[138.7281,-35.3615],[138.6479,-35.3614],[138.6462,-35.381],[138.6441,-35.3912],[138.6484,-35.3925],[138.6593,-35.3904],[138.6633,-35.3861],[138.6707,-35.3904],[138.685,-35.3958],[138.6866,-35.3894],[138.7024,-35.3827],[138.7143,-35.3891],[138.723,-35.388],[138.7206,-35.3996],[138.7339,-35.4015],[138.7448,-35.4104],[138.747,-35.4027],[138.7582,-35.4043],[138.77,-35.3948],[138.7881,-35.4048],[138.7965,-35.4045],[138.8015,-35.399],[138.8142,-35.403],[138.8302,-35.4126],[138.8301,-35.4191],[138.8344,-35.4215],[138.835,-35.4275],[138.8468,-35.4291],[138.862,-35.4384],[138.8854,-35.4349],[138.8987,-35.4307],[138.9097,-35.381],[138.8885,-35.3773],[138.881,-35.3568],[138.8847,-35.3535],[138.8923,-35.3558],[138.8923,-35.343],[138.9,-35.3431],[138.896,-35.332],[138.9051,-35.3323],[138.9086,-35.3251],[138.9223,-35.3248],[138.9355,-35.3513],[138.9527,-35.3513],[138.9527,-35.3547],[138.9652,-35.3546],[138.9649,-35.3593],[138.9814,-35.3593],[138.9811,-35.3649],[139.012,-35.366],[139.015,-35.3699],[139.0132,-35.397],[139.0197,-35.3924],[139.0384,-35.3894],[139.0613,-35.3901],[139.0625,-35.3679],[139.0781,-35.3684],[139.0786,-35.3576],[139.0995,-35.3583],[139.1193,-35.3515],[139.1266,-35.3643],[139.1298,-35.3661],[139.1438,-35.3591],[139.1522,-35.353]]]}},{"type":"Feature","properties":{"pc":"5271"},"geometry":{"type":"Polygon","coordinates":[[[140.612,-37.1999],[140.612,-37.176],[140.7933,-37.1777],[140.9716,-37.1785],[140.9716,-37.1701],[140.972,-37.0665],[140.9719,-37.0361],[140.9718,-37.0322],[140.9491,-37.0323],[140.9485,-37.0101],[140.918,-37.0103],[140.8893,-37.0128],[140.8858,-37.0119],[140.8291,-37.012],[140.8335,-37.0077],[140.8329,-36.9954],[140.8368,-36.9918],[140.8419,-36.9811],[140.8449,-36.9673],[140.818,-36.9673],[140.8193,-36.9613],[140.8164,-36.9557],[140.8221,-36.9508],[140.8222,-36.9333],[140.829,-36.924],[140.8301,-36.9161],[140.8337,-36.9115],[140.8364,-36.8978],[140.8322,-36.8655],[140.8321,-36.8298],[140.8244,-36.8315],[140.8176,-36.8299],[140.7929,-36.83],[140.7928,-36.8186],[140.7745,-36.8208],[140.7664,-36.8206],[140.7525,-36.8166],[140.7554,-36.8029],[140.7533,-36.7929],[140.7541,-36.7738],[140.7568,-36.7683],[140.7739,-36.7678],[140.7926,-36.7692],[140.7921,-36.669],[140.6121,-36.669],[140.6121,-36.5758],[140.6123,-36.4969],[140.5815,-36.4987],[140.5773,-36.5031],[140.5662,-36.5062],[140.5483,-36.4969],[140.5327,-36.5002],[140.5246,-36.4972],[140.5145,-36.4961],[140.4991,-36.4978],[140.4898,-36.4963],[140.4784,-36.4921],[140.4617,-36.4898],[140.4523,-36.4847],[140.4318,-36.486],[140.4315,-36.4664],[140.2677,-36.4664],[140.1712,-36.4664],[140.1773,-36.4825],[140.2037,-36.5098],[140.2062,-36.5132],[140.2599,-36.5693],[140.2448,-36.578],[140.2568,-36.5956],[140.2643,-36.6045],[140.275,-36.622],[140.2823,-36.6371],[140.2887,-36.6445],[140.2916,-36.6562],[140.2996,-36.6686],[140.3092,-36.6896],[140.4315,-36.69],[140.4313,-36.8232],[140.4311,-36.8941],[140.4603,-36.9845],[140.4968,-37.098],[140.5123,-37.1083],[140.5162,-37.1123],[140.523,-37.1327],[140.5358,-37.1488],[140.5368,-37.166],[140.5401,-37.1699],[140.5507,-37.1749],[140.5667,-37.1773],[140.5733,-37.1836],[140.5801,-37.1945],[140.5997,-37.2013],[140.612,-37.1999]]]}},{"type":"Feature","properties":{"pc":"5272"},"geometry":{"type":"Polygon","coordinates":[[[140.612,-37.1999],[140.5997,-37.2013],[140.5801,-37.1945],[140.5733,-37.1836],[140.5667,-37.1773],[140.5507,-37.1749],[140.5401,-37.1699],[140.5368,-37.166],[140.5358,-37.1488],[140.523,-37.1327],[140.5162,-37.1123],[140.5123,-37.1083],[140.4968,-37.098],[140.4603,-36.9845],[140.4311,-36.8941],[140.4313,-36.8232],[140.4315,-36.69],[140.3092,-36.6896],[140.2522,-36.6893],[140.2519,-36.8286],[140.2517,-36.894],[140.2521,-36.9141],[140.2578,-36.9141],[140.258,-36.9583],[140.2672,-36.967],[140.2678,-36.9713],[140.2742,-36.9803],[140.2889,-36.9896],[140.2862,-36.9969],[140.2886,-37.0007],[140.2559,-37.0231],[140.2671,-37.036],[140.2434,-37.0321],[140.2065,-37.0322],[140.1879,-37.0283],[140.1631,-37.0309],[140.152,-37.0356],[140.1487,-37.0324],[140.0845,-37.0325],[140.0839,-37.1758],[140.0837,-37.2828],[140.0865,-37.2885],[140.1371,-37.2899],[140.1419,-37.286],[140.1591,-37.2883],[140.1639,-37.2876],[140.2054,-37.2929],[140.219,-37.2969],[140.2268,-37.2924],[140.2303,-37.3011],[140.2435,-37.3212],[140.3421,-37.3216],[140.4253,-37.3214],[140.4747,-37.3214],[140.6101,-37.3218],[140.6119,-37.3097],[140.612,-37.1999]]]}},{"type":"Feature","properties":{"pc":"5280"},"geometry":{"type":"Polygon","coordinates":[[[140.6102,-37.4647],[140.6102,-37.4166],[140.5747,-37.4165],[140.5589,-37.3732],[140.5509,-37.3624],[140.5538,-37.3541],[140.5443,-37.3572],[140.4691,-37.3558],[140.4638,-37.3564],[140.444,-37.3547],[140.4254,-37.3557],[140.4253,-37.3214],[140.3421,-37.3216],[140.2435,-37.3212],[140.2303,-37.3011],[140.2268,-37.2924],[140.219,-37.2969],[140.2054,-37.2929],[140.1639,-37.2876],[140.1591,-37.2883],[140.1419,-37.286],[140.1371,-37.2899],[140.0865,-37.2885],[140.0886,-37.2945],[140.073,-37.2888],[140.0659,-37.3057],[140.0652,-37.3211],[140.0652,-37.3625],[140.0626,-37.3621],[140.0411,-37.3493],[140.0358,-37.3739],[140.0402,-37.3835],[140.0391,-37.3867],[140.0276,-37.3919],[140.0211,-37.3839],[140.0074,-37.3771],[140.0023,-37.3714],[139.9943,-37.358],[139.9842,-37.3512],[139.9772,-37.3442],[139.9605,-37.3468],[139.9528,-37.3539],[139.9385,-37.3602],[139.9331,-37.3871],[139.9333,-37.3961],[139.9203,-37.4007],[139.9293,-37.4135],[139.9299,-37.4178],[139.9463,-37.4288],[139.9512,-37.4381],[139.9606,-37.4437],[139.9682,-37.4545],[139.9805,-37.4665],[139.9896,-37.4706],[139.9966,-37.4767],[139.9969,-37.483],[140.0017,-37.4872],[140.0147,-37.4881],[140.0151,-37.4822],[140.0201,-37.4769],[140.0322,-37.4744],[140.0498,-37.4786],[140.0595,-37.484],[140.0687,-37.4927],[140.076,-37.5022],[140.0954,-37.5121],[140.1065,-37.519],[140.1208,-37.5309],[140.1289,-37.5421],[140.1317,-37.5506],[140.1304,-37.5601],[140.1248,-37.5675],[140.1161,-37.5702],[140.1134,-37.5757],[140.1324,-37.5884],[140.1432,-37.5939],[140.1515,-37.6014],[140.164,-37.607],[140.1849,-37.6225],[140.2247,-37.6613],[140.2479,-37.6861],[140.2671,-37.7099],[140.2813,-37.7293],[140.2847,-37.7373],[140.2934,-37.748],[140.2986,-37.7597],[140.3072,-37.7706],[140.3105,-37.7786],[140.318,-37.7879],[140.3207,-37.7956],[140.3287,-37.8071],[140.3273,-37.8108],[140.3402,-37.8288],[140.3424,-37.8344],[140.3539,-37.8495],[140.3595,-37.8592],[140.3653,-37.879],[140.373,-37.887],[140.3783,-37.8869],[140.3809,-37.8769],[140.3898,-37.8764],[140.3856,-37.8665],[140.3956,-37.8659],[140.3997,-37.8602],[140.3987,-37.8507],[140.393,-37.8418],[140.4074,-37.8374],[140.4236,-37.837],[140.4399,-37.8325],[140.4469,-37.8283],[140.459,-37.8286],[140.4731,-37.819],[140.4802,-37.819],[140.4697,-37.8021],[140.4699,-37.7853],[140.5498,-37.7859],[140.5563,-37.7666],[140.5381,-37.7548],[140.5653,-37.7547],[140.5708,-37.7367],[140.5929,-37.727],[140.5997,-37.7198],[140.588,-37.7111],[140.5801,-37.6994],[140.5741,-37.6983],[140.5738,-37.6817],[140.5716,-37.6807],[140.537,-37.6811],[140.5356,-37.6804],[140.535,-37.6434],[140.5481,-37.6433],[140.5418,-37.6361],[140.5396,-37.6318],[140.5301,-37.6272],[140.529,-37.6198],[140.52,-37.6129],[140.5118,-37.6102],[140.4989,-37.61],[140.4271,-37.6104],[140.4267,-37.5599],[140.4249,-37.5528],[140.4037,-37.5427],[140.4105,-37.5378],[140.4136,-37.5293],[140.4234,-37.512],[140.4264,-37.5099],[140.4258,-37.4782],[140.4518,-37.4822],[140.4567,-37.484],[140.4775,-37.482],[140.4846,-37.4919],[140.4945,-37.4967],[140.4937,-37.5012],[140.5158,-37.5118],[140.5249,-37.5122],[140.5319,-37.5073],[140.559,-37.4788],[140.6102,-37.4647]]]}},{"type":"Feature","properties":{"pc":"5290"},"geometry":{"type":"Polygon","coordinates":[[[140.8171,-37.8232],[140.7943,-37.8159],[140.7993,-37.806],[140.7807,-37.8],[140.775,-37.8096],[140.7578,-37.8041],[140.7529,-37.8138],[140.7406,-37.8098],[140.7376,-37.8158],[140.7504,-37.8298],[140.7478,-37.8361],[140.7557,-37.845],[140.7641,-37.8494],[140.772,-37.8493],[140.7853,-37.8526],[140.7908,-37.8487],[140.7981,-37.8508],[140.8004,-37.8459],[140.8189,-37.8517],[140.8237,-37.8422],[140.8114,-37.8383],[140.8171,-37.8232]]]}},{"type":"Feature","properties":{"pc":"5330"},"geometry":{"type":"Polygon","coordinates":[[[140.2508,-34.2719],[140.2456,-34.2737],[140.2733,-34.2192],[140.2695,-34.2192],[140.2762,-34.1913],[140.2908,-34.1955],[140.2908,-34.189],[140.3068,-34.1731],[140.314,-34.1687],[140.3288,-34.1556],[140.3356,-34.1567],[140.3388,-34.1647],[140.348,-34.1665],[140.351,-34.1703],[140.34,-34.1765],[140.3388,-34.1823],[140.3423,-34.1858],[140.3566,-34.187],[140.364,-34.1946],[140.3643,-34.1999],[140.3601,-34.2056],[140.3476,-34.2116],[140.346,-34.2196],[140.3563,-34.2156],[140.3628,-34.2152],[140.368,-34.2212],[140.3662,-34.2291],[140.3769,-34.23],[140.3806,-34.2349],[140.3922,-34.2364],[140.3946,-34.2418],[140.3992,-34.2357],[140.396,-34.2308],[140.3965,-34.2241],[140.4122,-34.2129],[140.4142,-34.2059],[140.4245,-34.1986],[140.4232,-34.1845],[140.4251,-34.181],[140.4346,-34.1829],[140.4546,-34.1816],[140.473,-34.1864],[140.4731,-34.1323],[140.4062,-34.1334],[140.3742,-34.1194],[140.3702,-34.1209],[140.3551,-34.1328],[140.3547,-34.0533],[140.2163,-34.0552],[140.1502,-34.0562],[140.0553,-34.0571],[140.0533,-33.9597],[140.0448,-33.9524],[139.9971,-33.9485],[139.9836,-33.9319],[139.98,-33.9443],[139.9167,-33.944],[139.9166,-34.0079],[139.9009,-34.0243],[139.8574,-34.0243],[139.8574,-34.0371],[139.844,-34.0269],[139.8422,-34.0304],[139.8517,-34.0373],[139.8556,-34.0449],[139.8561,-34.055],[139.848,-34.051],[139.8416,-34.0555],[139.8388,-34.0642],[139.8529,-34.0642],[139.8575,-34.0689],[139.8532,-34.0777],[139.8535,-34.0832],[139.8576,-34.0899],[139.8633,-34.0956],[139.8756,-34.1023],[139.8896,-34.1027],[139.8926,-34.0932],[139.901,-34.0789],[139.9093,-34.0849],[139.9143,-34.0837],[139.9205,-34.0766],[139.9344,-34.0784],[139.9422,-34.0843],[139.9498,-34.0839],[139.9534,-34.0869],[139.9505,-34.0941],[139.9596,-34.1052],[139.9617,-34.1119],[139.9516,-34.1166],[139.9261,-34.136],[139.9148,-34.1492],[139.9255,-34.1606],[139.9383,-34.1687],[139.9476,-34.1692],[139.948,-34.2098],[139.8938,-34.2311],[139.8935,-34.1771],[139.8996,-34.1692],[139.9008,-34.1587],[139.8517,-34.1635],[139.8517,-34.1587],[139.7443,-34.159],[139.7444,-34.1865],[139.7475,-34.2],[139.7395,-34.2087],[139.7357,-34.2197],[139.7358,-34.2311],[139.7334,-34.247],[139.7364,-34.2646],[139.7409,-34.2841],[139.7443,-34.2889],[139.6955,-34.3079],[139.7099,-34.3119],[139.7157,-34.3189],[139.7157,-34.3632],[139.7911,-34.3561],[139.803,-34.3599],[139.8153,-34.3599],[139.8286,-34.3629],[139.8428,-34.3624],[139.8428,-34.3184],[139.8687,-34.3184],[139.8691,-34.2803],[139.8927,-34.2771],[139.9107,-34.2716],[139.938,-34.2696],[139.9459,-34.2681],[139.9588,-34.269],[139.9584,-34.4232],[139.9581,-34.4232],[140.0025,-34.4486],[140.0297,-34.461],[140.0548,-34.4231],[140.0765,-34.433],[140.0805,-34.4187],[140.1864,-34.4186],[140.1864,-34.4114],[140.1865,-34.3125],[140.1971,-34.3126],[140.2018,-34.3103],[140.2119,-34.31],[140.2173,-34.3072],[140.2346,-34.3079],[140.2531,-34.3068],[140.251,-34.3031],[140.2508,-34.2719]]]}},{"type":"Feature","properties":{"pc":"5333"},"geometry":{"type":"Polygon","coordinates":[[[140.3678,-34.638],[140.4882,-34.6382],[140.5988,-34.6382],[140.5984,-34.5889],[140.6139,-34.5877],[140.6141,-34.5686],[140.6201,-34.5687],[140.6259,-34.5534],[140.6239,-34.5516],[140.6201,-34.5285],[140.6168,-34.5232],[140.6074,-34.5159],[140.6628,-34.516],[140.6626,-34.4178],[140.6623,-34.3276],[140.667,-34.3234],[140.6673,-34.3231],[140.6015,-34.3231],[140.5986,-34.3259],[140.5897,-34.3258],[140.5715,-34.3299],[140.5713,-34.3349],[140.5768,-34.3424],[140.5721,-34.3469],[140.5563,-34.3423],[140.5531,-34.3467],[140.5624,-34.3499],[140.5679,-34.3601],[140.5778,-34.3668],[140.5831,-34.3726],[140.5861,-34.3643],[140.5958,-34.3644],[140.5969,-34.3722],[140.5919,-34.3764],[140.5938,-34.3903],[140.578,-34.3924],[140.564,-34.3961],[140.5661,-34.4089],[140.5767,-34.4134],[140.5855,-34.4111],[140.5907,-34.4165],[140.588,-34.4278],[140.5833,-34.4339],[140.571,-34.4376],[140.5725,-34.4437],[140.5657,-34.4473],[140.5461,-34.4478],[140.5473,-34.4528],[140.5345,-34.4558],[140.5293,-34.4517],[140.5252,-34.4562],[140.5125,-34.4517],[140.4998,-34.442],[140.4973,-34.4382],[140.4955,-34.4224],[140.4965,-34.4127],[140.4925,-34.4071],[140.4853,-34.4062],[140.4822,-34.4021],[140.4896,-34.3958],[140.4829,-34.3877],[140.4884,-34.3841],[140.4773,-34.3778],[140.4669,-34.3782],[140.4601,-34.3812],[140.4494,-34.3794],[140.4436,-34.3813],[140.4375,-34.388],[140.4359,-34.3939],[140.4312,-34.3974],[140.4172,-34.3826],[140.3966,-34.355],[140.3916,-34.3388],[140.3814,-34.3281],[140.3599,-34.3281],[140.3625,-34.3356],[140.3608,-34.3438],[140.3711,-34.354],[140.3932,-34.3676],[140.4225,-34.4031],[140.3697,-34.421],[140.368,-34.4232],[140.3682,-34.4547],[140.3679,-34.5338],[140.3416,-34.5338],[140.3415,-34.5421],[140.3484,-34.5504],[140.3326,-34.5504],[140.3324,-34.5678],[140.3233,-34.5672],[140.323,-34.598],[140.3358,-34.5944],[140.3355,-34.6167],[140.3677,-34.6169],[140.3678,-34.638]]]}},{"type":"Feature","properties":{"pc":"5341"},"geometry":{"type":"Polygon","coordinates":[[[140.6825,-34.2581],[140.69,-34.2613],[140.6998,-34.2627],[140.7056,-34.269],[140.7096,-34.2689],[140.7115,-34.2534],[140.7159,-34.2483],[140.7139,-34.2447],[140.7207,-34.24],[140.7332,-34.2405],[140.74,-34.2345],[140.7416,-34.2287],[140.747,-34.2292],[140.7525,-34.2188],[140.7581,-34.2122],[140.7585,-34.2045],[140.765,-34.1996],[140.764,-34.1932],[140.7502,-34.1918],[140.7458,-34.1862],[140.7527,-34.1828],[140.7626,-34.1888],[140.772,-34.1866],[140.7773,-34.1776],[140.7735,-34.1721],[140.7651,-34.1771],[140.7541,-34.1755],[140.7521,-34.1718],[140.7563,-34.1656],[140.7662,-34.1629],[140.7773,-34.157],[140.7828,-34.1402],[140.7771,-34.1411],[140.7736,-34.1365],[140.7798,-34.1317],[140.7821,-34.1243],[140.7713,-34.1196],[140.7731,-34.1148],[140.7833,-34.1175],[140.7916,-34.117],[140.7959,-34.1115],[140.7921,-34.1055],[140.7806,-34.1053],[140.7776,-34.1073],[140.7681,-34.1061],[140.7626,-34.1095],[140.7579,-34.1048],[140.7677,-34.1018],[140.7662,-34.0967],[140.7597,-34.0926],[140.7528,-34.0792],[140.7456,-34.0787],[140.7426,-34.0737],[140.7528,-34.0618],[140.7618,-34.0595],[140.7719,-34.0608],[140.7972,-34.071],[140.8054,-34.0694],[140.8127,-34.0581],[140.812,-34.0515],[140.8233,-34.0491],[140.8229,-34.0437],[140.8276,-34.0402],[140.839,-34.0396],[140.8409,-34.032],[140.8342,-34.0286],[140.8472,-34.0183],[140.8524,-34.0196],[140.8573,-34.0133],[140.8674,-34.0165],[140.8722,-34.0149],[140.8779,-34.0204],[140.8871,-34.0169],[140.8882,-34.0111],[140.881,-34.0018],[140.8796,-33.9963],[140.8857,-33.9953],[140.8902,-34.0006],[140.899,-33.9998],[140.9085,-33.9926],[140.9143,-33.9827],[140.907,-33.9795],[140.8976,-33.9825],[140.8927,-33.9783],[140.8934,-33.9715],[140.9052,-33.9689],[140.9226,-33.9741],[140.9197,-33.9653],[140.9284,-33.9676],[140.9326,-33.9655],[140.9404,-33.9685],[140.9496,-33.9629],[140.9587,-33.9684],[140.959,-33.9791],[140.9637,-33.9806],[140.9682,-33.9818],[140.9684,-33.9959],[140.9804,-33.9996],[140.9848,-34.0092],[140.9805,-34.016],[140.9853,-34.0203],[140.9857,-34.0275],[140.9945,-34.0294],[140.9961,-34.0209],[141.003,-34.0219],[141.0029,-33.9071],[140.9942,-33.9049],[140.9817,-33.8973],[140.9763,-33.8922],[140.9585,-33.8823],[140.9305,-33.8844],[140.8818,-33.8892],[140.8847,-33.8973],[140.884,-33.9149],[140.8789,-33.9288],[140.8701,-33.9318],[140.8676,-33.9375],[140.8532,-33.9394],[140.8402,-33.9383],[140.828,-33.9358],[140.813,-33.9683],[140.7515,-33.9921],[140.7219,-34.0031],[140.7164,-34.0114],[140.702,-34.0258],[140.6977,-34.0342],[140.6893,-34.0411],[140.6911,-34.0613],[140.6933,-34.0645],[140.665,-34.0615],[140.6641,-34.0639],[140.6353,-34.0642],[140.6578,-34.0853],[140.6572,-34.0878],[140.6573,-34.1292],[140.6573,-34.1552],[140.6514,-34.1784],[140.6452,-34.1987],[140.6465,-34.2249],[140.6478,-34.233],[140.6547,-34.2288],[140.6643,-34.2273],[140.667,-34.2307],[140.6651,-34.2441],[140.671,-34.2438],[140.6759,-34.2523],[140.6825,-34.2581]]]}},{"type":"Feature","properties":{"pc":"5354"},"geometry":{"type":"Polygon","coordinates":[[[139.759,-34.7403],[139.786,-34.7411],[139.7934,-34.7387],[139.799,-34.7406],[139.8217,-34.7395],[139.8322,-34.7413],[139.8791,-34.7415],[139.8794,-34.7095],[139.8598,-34.6917],[139.8583,-34.6232],[139.8615,-34.6113],[139.8837,-34.6081],[139.8988,-34.6101],[139.9091,-34.6135],[139.9348,-34.6149],[139.9353,-34.575],[139.9173,-34.5749],[139.9176,-34.4768],[139.7968,-34.4766],[139.6213,-34.477],[139.6015,-34.4767],[139.6051,-34.4683],[139.5981,-34.4639],[139.5873,-34.4626],[139.5819,-34.4711],[139.5812,-34.4767],[139.4382,-34.4769],[139.4381,-34.4769],[139.4381,-34.6231],[139.4513,-34.6478],[139.5029,-34.6535],[139.5586,-34.6604],[139.5641,-34.6605],[139.5714,-34.651],[139.5786,-34.6234],[139.5913,-34.5933],[139.5953,-34.5876],[139.6026,-34.6004],[139.6142,-34.6107],[139.6112,-34.6321],[139.6226,-34.6445],[139.6257,-34.6449],[139.6311,-34.6413],[139.6436,-34.6245],[139.6506,-34.622],[139.6596,-34.626],[139.6631,-34.6299],[139.7111,-34.6324],[139.7321,-34.6344],[139.7593,-34.6388],[139.7593,-34.7395],[139.759,-34.7403]]]}},{"type":"Feature","properties":{"pc":"5355"},"geometry":{"type":"Polygon","coordinates":[[[138.8781,-34.5129],[138.8845,-34.5131],[138.9026,-34.5184],[138.9086,-34.5181],[138.9234,-34.5113],[138.9328,-34.5105],[138.9349,-34.5055],[138.9415,-34.5052],[138.9492,-34.4876],[139.0147,-34.5068],[139.0109,-34.5001],[139.0173,-34.4853],[139.0294,-34.4885],[139.0335,-34.479],[139.0395,-34.4807],[139.05,-34.4565],[139.0598,-34.4589],[139.071,-34.4589],[139.0764,-34.4569],[139.0846,-34.4587],[139.0886,-34.4454],[139.0953,-34.4305],[139.0683,-34.4223],[139.0594,-34.4196],[139.0645,-34.408],[139.0511,-34.4015],[139.0397,-34.4026],[139.0047,-34.3922],[138.9991,-34.3886],[138.9962,-34.3976],[138.9899,-34.4062],[138.9792,-34.4008],[138.9654,-34.4049],[138.9288,-34.3857],[138.9154,-34.4034],[138.926,-34.409],[138.9227,-34.4134],[138.932,-34.4257],[138.9633,-34.4423],[138.9609,-34.4459],[138.9504,-34.4427],[138.9438,-34.458],[138.9464,-34.4628],[138.9416,-34.4741],[138.9268,-34.4683],[138.917,-34.4689],[138.9135,-34.477],[138.8956,-34.4717],[138.8999,-34.4618],[138.8876,-34.4582],[138.8828,-34.4598],[138.8601,-34.4549],[138.8523,-34.465],[138.8655,-34.478],[138.8607,-34.4813],[138.869,-34.4894],[138.8719,-34.4873],[138.8811,-34.4898],[138.871,-34.5139],[138.8781,-34.5129]]]}},{"type":"Feature","properties":{"pc":"5371"},"geometry":{"type":"Polygon","coordinates":[[[138.8607,-34.4813],[138.8558,-34.4847],[138.8394,-34.4687],[138.8104,-34.489],[138.8186,-34.497],[138.7982,-34.5113],[138.7903,-34.5037],[138.7665,-34.5042],[138.771,-34.4633],[138.7724,-34.4581],[138.7822,-34.4537],[138.7581,-34.4404],[138.7822,-34.4103],[138.7534,-34.3944],[138.7375,-34.3941],[138.743,-34.4369],[138.7468,-34.4373],[138.7445,-34.4476],[138.7234,-34.4455],[138.7171,-34.468],[138.7116,-34.506],[138.7304,-34.5079],[138.7263,-34.537],[138.7236,-34.5559],[138.7475,-34.5582],[138.7475,-34.5664],[138.7708,-34.5325],[138.7807,-34.5338],[138.7908,-34.5328],[138.8164,-34.5255],[138.8169,-34.5284],[138.8306,-34.5269],[138.8362,-34.5368],[138.8693,-34.5331],[138.8781,-34.5129],[138.871,-34.5139],[138.8811,-34.4898],[138.8719,-34.4873],[138.869,-34.4894],[138.8607,-34.4813]]]}},{"type":"Feature","properties":{"pc":"5373"},"geometry":{"type":"Polygon","coordinates":[[[138.9154,-34.4034],[138.9288,-34.3857],[138.9654,-34.4049],[138.9792,-34.4008],[138.9899,-34.4062],[138.9962,-34.3976],[138.9991,-34.3886],[139.0047,-34.3922],[139.0397,-34.4026],[139.0439,-34.3926],[139.0421,-34.3883],[139.0483,-34.3827],[139.0596,-34.3792],[139.0413,-34.3711],[139.0504,-34.3552],[139.0536,-34.3466],[139.0502,-34.3425],[139.0551,-34.3361],[139.0621,-34.339],[139.0751,-34.3353],[139.0784,-34.3272],[139.0734,-34.3187],[139.0804,-34.3108],[139.0342,-34.3066],[139.0358,-34.2971],[139.0428,-34.291],[139.0316,-34.279],[139.0122,-34.2716],[139.0082,-34.2688],[139.0018,-34.2587],[138.9834,-34.2577],[138.9781,-34.2528],[138.9753,-34.2288],[138.9728,-34.2183],[138.9658,-34.2018],[138.9716,-34.1936],[138.9654,-34.1934],[138.927,-34.198],[138.9091,-34.1978],[138.9092,-34.191],[138.903,-34.1875],[138.8903,-34.1884],[138.8648,-34.1883],[138.8648,-34.1935],[138.8385,-34.1935],[138.8358,-34.2124],[138.8283,-34.2118],[138.8319,-34.2197],[138.8408,-34.2211],[138.839,-34.2317],[138.8278,-34.2313],[138.8278,-34.2411],[138.8333,-34.2503],[138.8338,-34.2597],[138.8383,-34.2662],[138.8393,-34.2811],[138.8409,-34.284],[138.8397,-34.2966],[138.837,-34.3006],[138.7795,-34.2984],[138.7865,-34.318],[138.7874,-34.3295],[138.7847,-34.3414],[138.7745,-34.3505],[138.7975,-34.3791],[138.8076,-34.3862],[138.8796,-34.4248],[138.881,-34.4229],[138.8949,-34.4303],[138.904,-34.4279],[138.9071,-34.4238],[138.9049,-34.4169],[138.9154,-34.4034]]]}},{"type":"Feature","properties":{"pc":"5453"},"geometry":{"type":"Polygon","coordinates":[[[138.6013,-34.0005],[138.593,-34.0002],[138.5934,-33.9919],[138.5853,-33.991],[138.5933,-33.9729],[138.5946,-33.9464],[138.676,-33.9321],[138.6667,-33.919],[138.6604,-33.9202],[138.6584,-33.9118],[138.6626,-33.9027],[138.6659,-33.9012],[138.7052,-33.8937],[138.6987,-33.873],[138.7171,-33.8693],[138.7321,-33.8622],[138.7356,-33.8385],[138.7216,-33.8371],[138.7254,-33.8296],[138.731,-33.8072],[138.7305,-33.8013],[138.7333,-33.7877],[138.7331,-33.7726],[138.7314,-33.7612],[138.7252,-33.7404],[138.7208,-33.7303],[138.7014,-33.7393],[138.669,-33.7533],[138.6647,-33.7415],[138.6523,-33.7281],[138.6517,-33.7237],[138.628,-33.7199],[138.607,-33.7223],[138.5836,-33.7185],[138.5882,-33.7449],[138.5857,-33.7708],[138.5431,-33.7783],[138.5428,-33.7853],[138.549,-33.7936],[138.531,-33.7969],[138.551,-33.8763],[138.5402,-33.8752],[138.5277,-33.8797],[138.4695,-33.89],[138.4686,-33.8925],[138.4513,-33.8941],[138.4554,-33.9],[138.4558,-33.9114],[138.4635,-33.9427],[138.458,-33.9694],[138.45,-34.0369],[138.4613,-34.0366],[138.5998,-34.0517],[138.6042,-34.0228],[138.598,-34.0222],[138.6013,-34.0005]]]}},{"type":"Feature","properties":{"pc":"5461"},"geometry":{"type":"Polygon","coordinates":[[[138.2589,-33.97],[138.2666,-33.9812],[138.2736,-33.988],[138.2831,-33.9909],[138.2856,-33.9951],[138.2813,-34.005],[138.2807,-34.0221],[138.2856,-34.0465],[138.2725,-34.0465],[138.2704,-34.0445],[138.2382,-34.0468],[138.229,-34.0463],[138.2299,-34.0611],[138.2371,-34.082],[138.2371,-34.097],[138.2395,-34.1171],[138.2613,-34.1177],[138.2822,-34.12],[138.3019,-34.1235],[138.3187,-34.1327],[138.3188,-34.143],[138.3229,-34.1433],[138.3197,-34.1737],[138.3582,-34.1765],[138.3571,-34.1969],[138.3422,-34.197],[138.3352,-34.2013],[138.3355,-34.2443],[138.3555,-34.2442],[138.3644,-34.2544],[138.3673,-34.2516],[138.3798,-34.2515],[138.4734,-34.2509],[138.4693,-34.2193],[138.4804,-34.2164],[138.4857,-34.2126],[138.4859,-34.2065],[138.477,-34.1958],[138.5151,-34.1691],[138.5223,-34.1711],[138.529,-34.1689],[138.5364,-34.1718],[138.5501,-34.1734],[138.5554,-34.1776],[138.5632,-34.1766],[138.5687,-34.1645],[138.5698,-34.149],[138.5822,-34.1442],[138.5899,-34.1455],[138.6085,-34.1405],[138.6019,-34.1299],[138.6048,-34.1225],[138.6116,-34.1182],[138.6113,-34.1123],[138.6223,-34.1029],[138.6198,-34.0937],[138.6123,-34.0904],[138.611,-34.0822],[138.6148,-34.0773],[138.6133,-34.067],[138.6101,-34.06],[138.6055,-34.0598],[138.5998,-34.0517],[138.4613,-34.0366],[138.45,-34.0369],[138.458,-33.9694],[138.4635,-33.9427],[138.4558,-33.9114],[138.4554,-33.9],[138.4513,-33.8941],[138.4417,-33.895],[138.4397,-33.8912],[138.4129,-33.8907],[138.3998,-33.8931],[138.3784,-33.8908],[138.3694,-33.8535],[138.3187,-33.8644],[138.2919,-33.8723],[138.2589,-33.8726],[138.2589,-33.97]]]}},{"type":"Feature","properties":{"pc":"5540"},"geometry":{"type":"Polygon","coordinates":[[[137.8848,-33.3444],[137.8963,-33.3445],[137.9151,-33.3468],[137.9177,-33.3484],[138.0484,-33.3488],[138.06,-33.353],[138.0601,-33.3266],[138.0531,-33.2971],[138.05,-33.2917],[138.1484,-33.2915],[138.1713,-33.2909],[138.1812,-33.2935],[138.2028,-33.2896],[138.2095,-33.2874],[138.2297,-33.2872],[138.2229,-33.2787],[138.2212,-33.2733],[138.2124,-33.2702],[138.2124,-33.2643],[138.208,-33.2606],[138.2052,-33.2467],[138.2057,-33.2292],[138.1967,-33.2162],[138.1877,-33.2203],[138.1837,-33.2143],[138.178,-33.2121],[138.1835,-33.2047],[138.1789,-33.1993],[138.1773,-33.1918],[138.17,-33.1884],[138.1677,-33.1832],[138.1676,-33.1611],[138.1699,-33.1511],[138.1673,-33.1331],[138.1703,-33.1285],[138.1647,-33.1171],[138.1637,-33.104],[138.165,-33.0896],[138.1596,-33.0812],[138.1599,-33.0739],[138.1562,-33.0713],[138.1517,-33.06],[138.1419,-33.0405],[138.1404,-33.0307],[138.1334,-33.0218],[138.13,-33.0139],[138.1048,-32.9802],[138.1048,-32.9684],[138.0959,-32.9714],[138.0915,-32.9831],[138.0836,-32.9838],[138.0798,-32.9882],[138.0796,-33.0142],[138.0776,-33.0188],[138.0555,-33.0177],[138.0681,-33.0545],[138.0482,-33.065],[138.0407,-33.0672],[138.0543,-33.0893],[138.0674,-33.1034],[138.0682,-33.107],[138.0681,-33.1571],[138.0675,-33.1678],[138.0527,-33.1774],[138.0503,-33.1749],[138.0405,-33.1745],[138.0363,-33.171],[138.0326,-33.1712],[138.0242,-33.1819],[138.0185,-33.1825],[138.0114,-33.1768],[138.0142,-33.1682],[138.013,-33.1537],[138.0013,-33.144],[138.007,-33.1326],[138.0003,-33.1319],[137.9876,-33.1439],[137.9769,-33.1454],[137.9648,-33.1535],[137.9549,-33.1544],[137.9586,-33.1626],[137.9403,-33.1581],[137.9291,-33.1747],[137.9216,-33.1775],[137.9118,-33.1773],[137.9116,-33.1722],[137.8959,-33.1765],[137.893,-33.1803],[137.8798,-33.1833],[137.8692,-33.1897],[137.8522,-33.198],[137.8503,-33.2026],[137.853,-33.2096],[137.847,-33.2119],[137.8443,-33.2069],[137.8384,-33.207],[137.8347,-33.2122],[137.8328,-33.2216],[137.8278,-33.2267],[137.8265,-33.2337],[137.8213,-33.2449],[137.8268,-33.2486],[137.8214,-33.2558],[137.8126,-33.261],[137.811,-33.2747],[137.8172,-33.2864],[137.8257,-33.2954],[137.8352,-33.3027],[137.8465,-33.3072],[137.8425,-33.3165],[137.8518,-33.3262],[137.8608,-33.3288],[137.8656,-33.3173],[137.8746,-33.323],[137.8808,-33.3224],[137.8846,-33.3359],[137.8848,-33.3444]]]}},{"type":"Feature","properties":{"pc":"5554"},"geometry":{"type":"Polygon","coordinates":[[[137.7796,-34.0956],[137.8178,-34.0945],[137.8136,-34.0872],[137.8048,-34.0558],[137.8043,-34.0197],[137.779,-34.0001],[137.7665,-33.9913],[137.776,-33.9852],[137.7759,-33.9653],[137.8724,-33.9654],[137.8725,-33.9908],[137.9085,-33.9909],[137.9344,-33.9783],[137.966,-33.9629],[137.9754,-33.9602],[137.9733,-33.955],[137.9733,-33.9364],[137.9773,-33.9282],[137.9775,-33.9042],[137.9159,-33.9041],[137.9143,-33.9048],[137.8876,-33.9157],[137.8875,-33.9064],[137.8725,-33.9071],[137.8725,-33.8792],[137.7759,-33.8794],[137.7759,-33.9073],[137.6789,-33.9074],[137.679,-33.9497],[137.6693,-33.9478],[137.6642,-33.9577],[137.6447,-33.9497],[137.6465,-33.9585],[137.6465,-33.9732],[137.6466,-34.0407],[137.6352,-34.053],[137.6419,-34.0618],[137.6407,-34.0687],[137.6408,-34.0917],[137.6369,-34.0907],[137.6324,-34.0971],[137.724,-34.0973],[137.7796,-34.0956]]]}},{"type":"Feature","properties":{"pc":"5558"},"geometry":{"type":"Polygon","coordinates":[[[137.7796,-34.0956],[137.724,-34.0973],[137.6324,-34.0971],[137.6369,-34.0907],[137.6408,-34.0917],[137.6407,-34.0687],[137.6419,-34.0618],[137.6352,-34.053],[137.6466,-34.0407],[137.6465,-33.9732],[137.5629,-33.9733],[137.5599,-33.978],[137.5611,-33.9841],[137.5585,-33.9889],[137.5513,-33.9933],[137.5402,-33.9925],[137.5369,-33.9986],[137.5309,-34.0011],[137.538,-34.0081],[137.5446,-34.0089],[137.5523,-34.0144],[137.5593,-34.0221],[137.5657,-34.0337],[137.5674,-34.0436],[137.563,-34.0534],[137.5583,-34.0593],[137.5575,-34.0651],[137.5515,-34.0742],[137.5451,-34.0751],[137.5432,-34.0886],[137.5373,-34.0983],[137.5317,-34.1012],[137.526,-34.1084],[137.5243,-34.1241],[137.5206,-34.1314],[137.5159,-34.1348],[137.5049,-34.1377],[137.4934,-34.1336],[137.4798,-34.1374],[137.472,-34.1369],[137.4652,-34.1329],[137.4545,-34.1319],[137.4494,-34.1392],[137.4572,-34.1507],[137.4599,-34.1616],[137.4642,-34.17],[137.4749,-34.184],[137.4833,-34.1916],[137.4898,-34.2049],[137.4899,-34.2095],[137.4999,-34.2265],[137.5013,-34.234],[137.555,-34.234],[137.5607,-34.2163],[137.5587,-34.2119],[137.5612,-34.2036],[137.566,-34.2001],[137.6808,-34.1876],[137.6899,-34.1894],[137.709,-34.1868],[137.7121,-34.19],[137.7326,-34.1901],[137.7326,-34.1882],[137.7628,-34.1882],[137.7801,-34.1893],[137.7948,-34.1884],[137.7948,-34.1758],[137.7816,-34.1457],[137.7796,-34.0956]]]}},{"type":"Feature","properties":{"pc":"5608"},"geometry":{"type":"Polygon","coordinates":[[[137.5016,-33.0425],[137.5016,-33.0513],[137.498,-33.0526],[137.502,-33.0658],[137.5176,-33.0762],[137.5237,-33.0695],[137.5282,-33.0715],[137.538,-33.0693],[137.5475,-33.0755],[137.5569,-33.0666],[137.558,-33.0599],[137.5648,-33.0491],[137.5629,-33.0405],[137.5524,-33.0405],[137.5513,-33.0213],[137.5547,-33.0174],[137.5322,-33.008],[137.5188,-33.0121],[137.515,-33.0159],[137.5191,-33.0212],[137.509,-33.0373],[137.5016,-33.0425]]]}},{"type":"Feature","properties":{"pc":"5640"},"geometry":{"type":"Polygon","coordinates":[[[136.4981,-33.3286],[136.3125,-33.3298],[136.31,-33.3197],[136.3068,-33.3154],[136.3114,-33.2968],[136.2991,-33.2864],[136.2963,-33.2786],[136.2843,-33.2757],[136.2612,-33.2763],[136.2402,-33.2737],[136.2255,-33.2837],[136.2189,-33.2943],[136.2113,-33.3014],[136.2096,-33.3201],[136.2126,-33.3252],[136.2101,-33.3303],[136.1154,-33.3306],[136.1292,-33.3401],[136.1527,-33.3521],[136.1627,-33.3582],[136.1762,-33.3599],[136.1866,-33.3638],[136.202,-33.366],[136.2116,-33.3714],[136.2205,-33.3731],[136.2405,-33.3637],[136.2609,-33.3612],[136.2753,-33.365],[136.2867,-33.3628],[136.3038,-33.3666],[136.3133,-33.3661],[136.3251,-33.3695],[136.3241,-33.5131],[136.3236,-33.6383],[136.3362,-33.6385],[136.3451,-33.637],[136.3643,-33.6379],[136.3635,-33.7603],[136.396,-33.7604],[136.4088,-33.7699],[136.4262,-33.7848],[136.4381,-33.7918],[136.4438,-33.7903],[136.4544,-33.7945],[136.4768,-33.7985],[136.4892,-33.7948],[136.6212,-33.7951],[136.6709,-33.8016],[136.6705,-33.6158],[136.4974,-33.6156],[136.4975,-33.5723],[136.5,-33.5658],[136.4975,-33.5585],[136.4976,-33.4708],[136.4981,-33.3286]]]}},{"type":"Feature","properties":{"pc":"5700"},"geometry":{"type":"Polygon","coordinates":[[[137.8018,-32.7651],[137.8031,-32.759],[137.81,-32.7559],[137.8103,-32.7476],[137.8046,-32.7416],[137.8024,-32.7354],[137.7961,-32.7292],[137.79,-32.7267],[137.7887,-32.7206],[137.7835,-32.7147],[137.7741,-32.7126],[137.7643,-32.7191],[137.7523,-32.7207],[137.7523,-32.712],[137.75,-32.7047],[137.758,-32.694],[137.7556,-32.6827],[137.7516,-32.6774],[137.7528,-32.6668],[137.7557,-32.6611],[137.7543,-32.6522],[137.758,-32.6433],[137.7607,-32.6261],[137.7635,-32.6213],[137.7655,-32.6003],[137.7645,-32.5874],[137.7614,-32.5778],[137.7613,-32.5688],[137.7566,-32.5647],[137.7592,-32.5565],[137.7506,-32.5357],[137.7504,-32.5297],[137.7555,-32.5186],[137.7624,-32.5093],[137.7529,-32.4971],[137.7545,-32.4893],[137.7635,-32.4843],[137.7648,-32.4734],[137.7561,-32.4651],[137.7598,-32.4629],[137.7704,-32.4764],[137.7692,-32.4832],[137.7576,-32.4915],[137.7592,-32.4967],[137.7685,-32.5066],[137.7688,-32.5148],[137.7669,-32.5249],[137.7768,-32.5248],[137.7836,-32.5293],[137.7805,-32.5372],[137.7814,-32.5524],[137.7877,-32.5566],[137.8017,-32.5592],[137.8114,-32.5573],[137.8228,-32.5613],[137.8313,-32.5691],[137.8345,-32.5751],[137.8288,-32.5778],[137.8292,-32.5852],[137.8198,-32.5818],[137.8144,-32.5933],[137.8083,-32.5967],[137.803,-32.6041],[137.8037,-32.6077],[137.815,-32.6207],[137.8192,-32.6226],[137.8368,-32.6384],[137.8439,-32.6399],[137.8457,-32.6441],[137.8537,-32.6465],[137.859,-32.6572],[137.8671,-32.6633],[137.8688,-32.6751],[137.8642,-32.6791],[137.86,-32.6894],[137.8472,-32.6893],[137.8424,-32.6939],[137.8433,-32.6989],[137.8563,-32.7064],[137.8655,-32.71],[137.8876,-32.7156],[137.8921,-32.7188],[137.8943,-32.7261],[137.9075,-32.7313],[137.9167,-32.7385],[137.9202,-32.7443],[137.9363,-32.7512],[137.9423,-32.7562],[137.9424,-32.7647],[137.9295,-32.7662],[137.9168,-32.7594],[137.9133,-32.7622],[137.9165,-32.7711],[137.9055,-32.7714],[137.9031,-32.7771],[137.9025,-32.8057],[137.9652,-32.8058],[137.9624,-32.8013],[137.9555,-32.7813],[137.9552,-32.7665],[137.9479,-32.7514],[137.9429,-32.734],[137.9438,-32.7261],[137.9411,-32.7126],[137.9431,-32.7012],[137.9426,-32.6934],[137.9309,-32.66],[137.967,-32.6601],[137.9694,-32.6468],[137.976,-32.6475],[137.993,-32.6396],[137.9996,-32.6323],[137.9942,-32.6255],[137.995,-32.614],[138.0056,-32.609],[137.9682,-32.59],[137.9583,-32.5842],[137.9528,-32.5866],[137.9231,-32.5911],[137.9051,-32.5928],[137.8915,-32.5929],[137.8657,-32.5566],[137.8539,-32.5407],[137.8295,-32.5257],[137.806,-32.5213],[137.8136,-32.4987],[137.8193,-32.4877],[137.8174,-32.4789],[137.8374,-32.4693],[137.8836,-32.4685],[137.8938,-32.4588],[137.9034,-32.4515],[137.9066,-32.4572],[137.923,-32.4571],[137.9231,-32.4153],[137.8915,-32.4155],[137.7486,-32.4153],[137.7476,-32.4025],[137.7522,-32.4003],[137.7503,-32.3927],[137.7564,-32.384],[137.7541,-32.3773],[137.7648,-32.3633],[137.7606,-32.3548],[137.6204,-32.3553],[137.6201,-32.5325],[137.6202,-32.6731],[137.5959,-32.6724],[137.6148,-32.8775],[137.7154,-32.8167],[137.7203,-32.8141],[137.8018,-32.7651]]]}},{"type":"Feature","properties":{"pc":"5725"},"geometry":{"type":"Polygon","coordinates":[[[136.9245,-30.4985],[136.9513,-30.4985],[136.9513,-30.3819],[136.8013,-30.3819],[136.8013,-30.4985],[136.843,-30.4985],[136.843,-30.6235],[136.9152,-30.6235],[136.9217,-30.5315],[136.9245,-30.4985]]]}},{"type":"Feature","properties":{"pc":"6000"},"geometry":{"type":"Polygon","coordinates":[[[115.8759,-31.9402],[115.8662,-31.937],[115.8625,-31.9365],[115.8583,-31.9365],[115.8542,-31.9431],[115.8611,-31.9463],[115.8588,-31.95],[115.8506,-31.9466],[115.8453,-31.9625],[115.8545,-31.9587],[115.8664,-31.9625],[115.8697,-31.9551],[115.8683,-31.951],[115.8745,-31.948],[115.8779,-31.9413],[115.8759,-31.9402]]]}},{"type":"Feature","properties":{"pc":"6003"},"geometry":{"type":"Polygon","coordinates":[[[115.8506,-31.9466],[115.8588,-31.95],[115.8611,-31.9463],[115.8542,-31.9431],[115.8506,-31.9466]]]}},{"type":"Feature","properties":{"pc":"6004"},"geometry":{"type":"Polygon","coordinates":[[[115.8664,-31.9625],[115.8831,-31.9671],[115.8856,-31.9619],[115.8814,-31.9449],[115.8779,-31.9413],[115.8745,-31.948],[115.8683,-31.951],[115.8697,-31.9551],[115.8664,-31.9625]]]}},{"type":"Feature","properties":{"pc":"6005"},"geometry":{"type":"Polygon","coordinates":[[[115.8453,-31.9625],[115.8506,-31.9466],[115.8542,-31.9431],[115.8583,-31.9365],[115.8469,-31.9364],[115.8416,-31.9435],[115.8183,-31.9646],[115.8181,-31.9737],[115.8273,-31.9728],[115.8336,-31.9716],[115.8397,-31.9662],[115.8417,-31.964],[115.8453,-31.9625]]]}},{"type":"Feature","properties":{"pc":"6006"},"geometry":{"type":"Polygon","coordinates":[[[115.847,-31.9129],[115.8443,-31.9141],[115.8462,-31.9252],[115.8469,-31.9364],[115.8583,-31.9365],[115.8625,-31.9365],[115.864,-31.9275],[115.847,-31.9129]]]}},{"type":"Feature","properties":{"pc":"6007"},"geometry":{"type":"Polygon","coordinates":[[[115.8462,-31.9252],[115.8312,-31.927],[115.8329,-31.9328],[115.8255,-31.9346],[115.8252,-31.9407],[115.8276,-31.9436],[115.8416,-31.9435],[115.8469,-31.9364],[115.8462,-31.9252]]]}},{"type":"Feature","properties":{"pc":"6008"},"geometry":{"type":"Polygon","coordinates":[[[115.8252,-31.9407],[115.8127,-31.942],[115.8126,-31.9499],[115.8033,-31.9475],[115.7918,-31.9482],[115.7911,-31.9572],[115.796,-31.962],[115.8059,-31.9644],[115.8183,-31.9646],[115.8416,-31.9435],[115.8276,-31.9436],[115.8252,-31.9407]]]}},{"type":"Feature","properties":{"pc":"6009"},"geometry":{"type":"Polygon","coordinates":[[[115.8273,-31.9728],[115.8181,-31.9737],[115.8183,-31.9646],[115.8059,-31.9644],[115.8058,-31.9727],[115.8026,-31.9758],[115.7914,-31.975],[115.7911,-31.9864],[115.7869,-31.9915],[115.7874,-31.9968],[115.792,-32.005],[115.8102,-32.0006],[115.8132,-31.994],[115.8208,-31.9869],[115.822,-31.9768],[115.8273,-31.9728]]]}},{"type":"Feature","properties":{"pc":"6010"},"geometry":{"type":"Polygon","coordinates":[[[115.7869,-31.9915],[115.7911,-31.9864],[115.7914,-31.975],[115.8026,-31.9758],[115.8058,-31.9727],[115.8059,-31.9644],[115.796,-31.962],[115.7911,-31.9572],[115.7918,-31.9482],[115.7807,-31.9498],[115.7759,-31.9498],[115.7735,-31.9595],[115.754,-31.9514],[115.7542,-31.9748],[115.7528,-31.982],[115.7669,-31.982],[115.7729,-31.9935],[115.776,-31.9885],[115.7869,-31.9915]]]}},{"type":"Feature","properties":{"pc":"6011"},"geometry":{"type":"Polygon","coordinates":[[[115.7726,-32.0034],[115.7729,-31.9935],[115.7669,-31.982],[115.7528,-31.982],[115.7502,-31.9968],[115.7515,-31.9989],[115.7513,-32.0161],[115.7593,-32.0038],[115.7726,-32.0034]]]}},{"type":"Feature","properties":{"pc":"6012"},"geometry":{"type":"Polygon","coordinates":[[[115.7726,-32.0034],[115.7593,-32.0038],[115.7513,-32.0161],[115.7509,-32.0216],[115.7589,-32.024],[115.7663,-32.0224],[115.7738,-32.0251],[115.7814,-32.0166],[115.7717,-32.0097],[115.7726,-32.0034]]]}},{"type":"Feature","properties":{"pc":"6014"},"geometry":{"type":"Polygon","coordinates":[[[115.7791,-31.9308],[115.7807,-31.9498],[115.7918,-31.9482],[115.8033,-31.9475],[115.8126,-31.9499],[115.8127,-31.942],[115.8252,-31.9407],[115.8255,-31.9346],[115.8329,-31.9328],[115.8312,-31.927],[115.8262,-31.9222],[115.8152,-31.9246],[115.8091,-31.9294],[115.8042,-31.9295],[115.7889,-31.9274],[115.7889,-31.9329],[115.7791,-31.9308]]]}},{"type":"Feature","properties":{"pc":"6015"},"geometry":{"type":"Polygon","coordinates":[[[115.7791,-31.9308],[115.7719,-31.9279],[115.7713,-31.9218],[115.7661,-31.9218],[115.7662,-31.9081],[115.7551,-31.9082],[115.754,-31.9514],[115.7735,-31.9595],[115.7759,-31.9498],[115.7807,-31.9498],[115.7791,-31.9308]]]}},{"type":"Feature","properties":{"pc":"6017"},"geometry":{"type":"Polygon","coordinates":[[[115.8289,-31.9142],[115.8283,-31.8903],[115.8229,-31.8903],[115.8236,-31.8994],[115.8207,-31.9017],[115.8074,-31.8958],[115.7994,-31.9106],[115.7977,-31.9265],[115.8042,-31.9295],[115.8091,-31.9294],[115.8152,-31.9246],[115.8138,-31.9171],[115.8289,-31.9142]]]}},{"type":"Feature","properties":{"pc":"6018"},"geometry":{"type":"Polygon","coordinates":[[[115.8013,-31.8595],[115.7761,-31.8595],[115.7691,-31.8583],[115.7654,-31.8666],[115.7647,-31.8801],[115.76,-31.8835],[115.776,-31.8852],[115.776,-31.9072],[115.7857,-31.9083],[115.7858,-31.9202],[115.7889,-31.9274],[115.8042,-31.9295],[115.7977,-31.9265],[115.7994,-31.9106],[115.8074,-31.8958],[115.8024,-31.8912],[115.8005,-31.8766],[115.8013,-31.8595]]]}},{"type":"Feature","properties":{"pc":"6019"},"geometry":{"type":"Polygon","coordinates":[[[115.7551,-31.9082],[115.7662,-31.9081],[115.7661,-31.9218],[115.7713,-31.9218],[115.7719,-31.9279],[115.7791,-31.9308],[115.7889,-31.9329],[115.7889,-31.9274],[115.7858,-31.9202],[115.7857,-31.9083],[115.776,-31.9072],[115.776,-31.8852],[115.76,-31.8835],[115.7537,-31.8873],[115.7551,-31.9082]]]}},{"type":"Feature","properties":{"pc":"6020"},"geometry":{"type":"Polygon","coordinates":[[[115.7654,-31.8666],[115.7691,-31.8583],[115.7761,-31.8595],[115.8013,-31.8595],[115.8004,-31.8565],[115.7968,-31.8459],[115.7963,-31.8459],[115.763,-31.8458],[115.7646,-31.8331],[115.7611,-31.8167],[115.7504,-31.8185],[115.7419,-31.8219],[115.7425,-31.8265],[115.7483,-31.8347],[115.7517,-31.8483],[115.7521,-31.8684],[115.7654,-31.8666]]]}},{"type":"Feature","properties":{"pc":"6021"},"geometry":{"type":"Polygon","coordinates":[[[115.8262,-31.8594],[115.8096,-31.8565],[115.8004,-31.8565],[115.8013,-31.8595],[115.8005,-31.8766],[115.8024,-31.8912],[115.8074,-31.8958],[115.8207,-31.9017],[115.8236,-31.8994],[115.8229,-31.8903],[115.8283,-31.8903],[115.8376,-31.8889],[115.8262,-31.8594]]]}},{"type":"Feature","properties":{"pc":"6023"},"geometry":{"type":"Polygon","coordinates":[[[115.7818,-31.8172],[115.7749,-31.8193],[115.7611,-31.8167],[115.7646,-31.8331],[115.763,-31.8458],[115.7963,-31.8459],[115.7915,-31.8358],[115.7831,-31.8234],[115.7818,-31.8172]]]}},{"type":"Feature","properties":{"pc":"6024"},"geometry":{"type":"Polygon","coordinates":[[[115.8234,-31.8424],[115.8209,-31.8201],[115.8098,-31.8198],[115.7991,-31.822],[115.7818,-31.8172],[115.7831,-31.8234],[115.7915,-31.8358],[115.7963,-31.8459],[115.7968,-31.8459],[115.8142,-31.845],[115.8231,-31.8425],[115.8234,-31.8424]]]}},{"type":"Feature","properties":{"pc":"6025"},"geometry":{"type":"Polygon","coordinates":[[[115.7818,-31.8172],[115.7822,-31.8059],[115.781,-31.786],[115.7777,-31.775],[115.7571,-31.7819],[115.7358,-31.7866],[115.7329,-31.789],[115.7275,-31.8064],[115.7369,-31.8204],[115.7425,-31.8265],[115.7419,-31.8219],[115.7504,-31.8185],[115.7611,-31.8167],[115.7749,-31.8193],[115.7818,-31.8172]]]}},{"type":"Feature","properties":{"pc":"6026"},"geometry":{"type":"Polygon","coordinates":[[[115.7818,-31.8172],[115.7991,-31.822],[115.8098,-31.8198],[115.8209,-31.8201],[115.8196,-31.8054],[115.8096,-31.7854],[115.7961,-31.7767],[115.7867,-31.7742],[115.7777,-31.775],[115.781,-31.786],[115.7822,-31.8059],[115.7818,-31.8172]]]}},{"type":"Feature","properties":{"pc":"6027"},"geometry":{"type":"Polygon","coordinates":[[[115.7961,-31.7767],[115.7991,-31.7704],[115.7957,-31.7624],[115.7878,-31.7519],[115.7923,-31.743],[115.7743,-31.723],[115.7738,-31.7172],[115.7686,-31.7175],[115.7498,-31.7223],[115.7569,-31.74],[115.7355,-31.7437],[115.7231,-31.7433],[115.7321,-31.7762],[115.7329,-31.789],[115.7358,-31.7866],[115.7571,-31.7819],[115.7777,-31.775],[115.7867,-31.7742],[115.7961,-31.7767]]]}},{"type":"Feature","properties":{"pc":"6028"},"geometry":{"type":"Polygon","coordinates":[[[115.7498,-31.7223],[115.748,-31.712],[115.7066,-31.712],[115.7093,-31.7182],[115.7179,-31.7291],[115.7231,-31.7433],[115.7355,-31.7437],[115.7569,-31.74],[115.7498,-31.7223]]]}},{"type":"Feature","properties":{"pc":"6030"},"geometry":{"type":"Polygon","coordinates":[[[115.748,-31.712],[115.7416,-31.701],[115.7314,-31.6706],[115.7254,-31.6561],[115.7198,-31.6513],[115.7045,-31.6571],[115.696,-31.6538],[115.686,-31.6544],[115.6897,-31.6656],[115.6911,-31.6759],[115.697,-31.6808],[115.698,-31.6898],[115.7055,-31.7042],[115.7066,-31.712],[115.748,-31.712]]]}},{"type":"Feature","properties":{"pc":"6031"},"geometry":{"type":"Polygon","coordinates":[[[115.7738,-31.7172],[115.7897,-31.7128],[115.796,-31.7124],[115.802,-31.708],[115.8059,-31.7153],[115.8158,-31.6956],[115.8197,-31.6839],[115.8176,-31.6751],[115.8082,-31.6712],[115.8027,-31.6629],[115.7929,-31.6599],[115.7844,-31.661],[115.7594,-31.6611],[115.7456,-31.6622],[115.7405,-31.6655],[115.7408,-31.6701],[115.7314,-31.6706],[115.7416,-31.701],[115.748,-31.712],[115.7498,-31.7223],[115.7686,-31.7175],[115.7738,-31.7172]]]}},{"type":"Feature","properties":{"pc":"6035"},"geometry":{"type":"Polygon","coordinates":[[[115.5943,-31.5091],[115.6037,-31.5196],[115.6085,-31.532],[115.6228,-31.5474],[115.6264,-31.5557],[115.6368,-31.5687],[115.6808,-31.5687],[115.6896,-31.5803],[115.6992,-31.5802],[115.6991,-31.5617],[115.7093,-31.5659],[115.7199,-31.5742],[115.7326,-31.5888],[115.7514,-31.5997],[115.7723,-31.6102],[115.7806,-31.6173],[115.7806,-31.5728],[115.7813,-31.5433],[115.8552,-31.544],[115.8552,-31.5016],[115.8558,-31.4743],[115.7879,-31.4759],[115.7617,-31.4759],[115.6784,-31.477],[115.6716,-31.4665],[115.6701,-31.4551],[115.6517,-31.4551],[115.6549,-31.4627],[115.6552,-31.5167],[115.6446,-31.5167],[115.6462,-31.5276],[115.6333,-31.5275],[115.6249,-31.5248],[115.621,-31.5275],[115.6094,-31.515],[115.5976,-31.5069],[115.5943,-31.5091]]]}},{"type":"Feature","properties":{"pc":"6036"},"geometry":{"type":"Polygon","coordinates":[[[115.7087,-31.6312],[115.6686,-31.6312],[115.6803,-31.6441],[115.686,-31.6544],[115.696,-31.6538],[115.7045,-31.6571],[115.7198,-31.6513],[115.7182,-31.6465],[115.7087,-31.6312]]]}},{"type":"Feature","properties":{"pc":"6038"},"geometry":{"type":"Polygon","coordinates":[[[115.705,-31.5974],[115.7019,-31.5994],[115.6521,-31.5993],[115.6531,-31.6026],[115.663,-31.6146],[115.6641,-31.623],[115.6686,-31.6312],[115.7087,-31.6312],[115.7087,-31.6245],[115.7169,-31.6242],[115.7112,-31.6058],[115.705,-31.5974]]]}},{"type":"Feature","properties":{"pc":"6050"},"geometry":{"type":"Polygon","coordinates":[[[115.8852,-31.9276],[115.8741,-31.9182],[115.8668,-31.9171],[115.8671,-31.9122],[115.8561,-31.912],[115.8519,-31.9083],[115.847,-31.9129],[115.864,-31.9275],[115.8625,-31.9365],[115.8662,-31.937],[115.8759,-31.9402],[115.8779,-31.9413],[115.8814,-31.9449],[115.8889,-31.9367],[115.8852,-31.9276]]]}},{"type":"Feature","properties":{"pc":"6051"},"geometry":{"type":"Polygon","coordinates":[[[115.9102,-31.9337],[115.8935,-31.9194],[115.8852,-31.9276],[115.8889,-31.9367],[115.8986,-31.9424],[115.8967,-31.9485],[115.9028,-31.9521],[115.9108,-31.9514],[115.9156,-31.9481],[115.9084,-31.941],[115.9102,-31.9337]]]}},{"type":"Feature","properties":{"pc":"6053"},"geometry":{"type":"Polygon","coordinates":[[[115.9102,-31.9337],[115.9174,-31.9312],[115.9328,-31.9308],[115.9387,-31.9244],[115.9366,-31.9198],[115.929,-31.9136],[115.9278,-31.9012],[115.9319,-31.8947],[115.9241,-31.8947],[115.9154,-31.9059],[115.9051,-31.9101],[115.9,-31.9086],[115.9024,-31.9118],[115.8935,-31.9194],[115.9102,-31.9337]]]}},{"type":"Feature","properties":{"pc":"6054"},"geometry":{"type":"Polygon","coordinates":[[[115.9387,-31.9244],[115.9399,-31.9207],[115.941,-31.9198],[115.9441,-31.9203],[115.9508,-31.9223],[115.9552,-31.9166],[115.9617,-31.9113],[115.9626,-31.9034],[115.9581,-31.8979],[115.9595,-31.8943],[115.9643,-31.8877],[115.956,-31.8877],[115.9559,-31.8756],[115.9334,-31.8755],[115.9319,-31.8947],[115.9278,-31.9012],[115.929,-31.9136],[115.9366,-31.9198],[115.9387,-31.9244]]]}},{"type":"Feature","properties":{"pc":"6055"},"geometry":{"type":"Polygon","coordinates":[[[115.9595,-31.8943],[115.9583,-31.8974],[115.9636,-31.9044],[115.9627,-31.91],[115.9594,-31.9147],[115.9562,-31.9165],[115.9538,-31.9204],[115.9566,-31.9244],[115.9692,-31.9165],[115.9814,-31.9218],[115.9852,-31.9176],[115.9989,-31.9175],[116.0066,-31.921],[116.0039,-31.9262],[116.0318,-31.9371],[116.0403,-31.94],[116.0432,-31.933],[116.0355,-31.9291],[116.03,-31.9207],[116.0148,-31.9107],[116.0159,-31.9048],[116.0002,-31.8946],[115.9928,-31.8977],[115.9868,-31.8938],[115.9911,-31.8868],[115.9913,-31.8789],[115.9942,-31.8704],[115.9997,-31.8682],[116.0072,-31.8701],[116.0084,-31.8637],[115.9986,-31.8609],[115.9955,-31.8516],[116.0027,-31.8427],[116.0024,-31.8296],[116.0109,-31.8242],[116.0108,-31.8185],[116.0047,-31.8137],[116.0098,-31.8101],[116.012,-31.8045],[116.0049,-31.7956],[115.9962,-31.7916],[115.9909,-31.7957],[115.9627,-31.7956],[115.9635,-31.8134],[115.9629,-31.8305],[115.9692,-31.8396],[115.9672,-31.8462],[115.9656,-31.8621],[115.9537,-31.8615],[115.9559,-31.8756],[115.956,-31.8877],[115.9643,-31.8877],[115.9595,-31.8943]]]}},{"type":"Feature","properties":{"pc":"6056"},"geometry":{"type":"Polygon","coordinates":[[[116.0668,-31.9351],[116.0671,-31.9043],[116.0752,-31.9017],[116.0748,-31.8958],[116.0674,-31.8958],[116.0685,-31.8888],[116.0651,-31.8831],[116.0705,-31.8738],[116.0706,-31.8632],[116.0768,-31.8632],[116.0768,-31.8384],[116.104,-31.8384],[116.1091,-31.8384],[116.1067,-31.8276],[116.0956,-31.8323],[116.0892,-31.8321],[116.0891,-31.8013],[116.0766,-31.8013],[116.0767,-31.793],[116.0074,-31.7931],[116.0049,-31.7956],[116.012,-31.8045],[116.0098,-31.8101],[116.0047,-31.8137],[116.0108,-31.8185],[116.0109,-31.8242],[116.0024,-31.8296],[116.0027,-31.8427],[115.9955,-31.8516],[115.9986,-31.8609],[116.0084,-31.8637],[116.0072,-31.8701],[115.9997,-31.8682],[115.9942,-31.8704],[115.9913,-31.8789],[115.9911,-31.8868],[115.9868,-31.8938],[115.9928,-31.8977],[116.0002,-31.8946],[116.0159,-31.9048],[116.0148,-31.9107],[116.03,-31.9207],[116.0355,-31.9291],[116.0432,-31.933],[116.0438,-31.9313],[116.0668,-31.9351]]]}},{"type":"Feature","properties":{"pc":"6058"},"geometry":{"type":"Polygon","coordinates":[[[115.9853,-31.9873],[115.9952,-31.9974],[116.0011,-32.0071],[116.0101,-31.9994],[116.0177,-32.0008],[116.0229,-31.9988],[116.0263,-32.0041],[116.0354,-31.9945],[116.0322,-31.9899],[116.0387,-31.9874],[116.0329,-31.9772],[116.019,-31.9757],[116.0071,-31.9656],[116.004,-31.9676],[115.996,-31.9608],[115.9901,-31.9615],[115.9856,-31.957],[115.9795,-31.9825],[115.9853,-31.9873]]]}},{"type":"Feature","properties":{"pc":"6059"},"geometry":{"type":"Polygon","coordinates":[[[115.8893,-31.8996],[115.8872,-31.8949],[115.8923,-31.8904],[115.8795,-31.8795],[115.8783,-31.8678],[115.8784,-31.8675],[115.8663,-31.8663],[115.8517,-31.8781],[115.8593,-31.8843],[115.8507,-31.8889],[115.8726,-31.9075],[115.8775,-31.9117],[115.8893,-31.8996]]]}},{"type":"Feature","properties":{"pc":"6060"},"geometry":{"type":"Polygon","coordinates":[[[115.8289,-31.9142],[115.8443,-31.9141],[115.847,-31.9129],[115.8519,-31.9083],[115.8561,-31.912],[115.8671,-31.9122],[115.8726,-31.9075],[115.8507,-31.8889],[115.8376,-31.8889],[115.8283,-31.8903],[115.8289,-31.9142]]]}},{"type":"Feature","properties":{"pc":"6061"},"geometry":{"type":"Polygon","coordinates":[[[115.8777,-31.8507],[115.8687,-31.8486],[115.8383,-31.8484],[115.8234,-31.8424],[115.8231,-31.8425],[115.8236,-31.8526],[115.8262,-31.8594],[115.8376,-31.8889],[115.8507,-31.8889],[115.8593,-31.8843],[115.8517,-31.8781],[115.8663,-31.8663],[115.8784,-31.8675],[115.8777,-31.8507]]]}},{"type":"Feature","properties":{"pc":"6062"},"geometry":{"type":"Polygon","coordinates":[[[115.9,-31.9086],[115.9051,-31.9101],[115.9154,-31.9059],[115.9241,-31.8947],[115.9319,-31.8947],[115.9334,-31.8755],[115.9334,-31.8718],[115.9174,-31.8719],[115.9164,-31.8673],[115.9128,-31.8654],[115.8857,-31.8685],[115.8783,-31.8678],[115.8795,-31.8795],[115.8923,-31.8904],[115.8872,-31.8949],[115.8893,-31.8996],[115.9,-31.9086]]]}},{"type":"Feature","properties":{"pc":"6063"},"geometry":{"type":"Polygon","coordinates":[[[115.9559,-31.8756],[115.9537,-31.8615],[115.9656,-31.8621],[115.9672,-31.8462],[115.9572,-31.8478],[115.9544,-31.8557],[115.917,-31.8555],[115.9164,-31.8673],[115.9174,-31.8719],[115.9334,-31.8718],[115.9334,-31.8755],[115.9559,-31.8756]]]}},{"type":"Feature","properties":{"pc":"6064"},"geometry":{"type":"Polygon","coordinates":[[[115.877,-31.821],[115.8344,-31.8208],[115.8209,-31.8201],[115.8234,-31.8424],[115.8383,-31.8484],[115.8687,-31.8486],[115.8777,-31.8507],[115.8777,-31.8459],[115.8772,-31.8211],[115.877,-31.821]]]}},{"type":"Feature","properties":{"pc":"6065"},"geometry":{"type":"Polygon","coordinates":[[[115.8739,-31.7956],[115.8618,-31.7956],[115.844,-31.7872],[115.8464,-31.7824],[115.8457,-31.7595],[115.8467,-31.7545],[115.8294,-31.7556],[115.8293,-31.7335],[115.8039,-31.7335],[115.8055,-31.7307],[115.8059,-31.7153],[115.802,-31.708],[115.796,-31.7124],[115.7897,-31.7128],[115.7738,-31.7172],[115.7743,-31.723],[115.7923,-31.743],[115.7878,-31.7519],[115.7957,-31.7624],[115.7991,-31.7704],[115.7961,-31.7767],[115.8096,-31.7854],[115.8196,-31.8054],[115.8209,-31.8201],[115.8344,-31.8208],[115.877,-31.821],[115.8769,-31.8118],[115.8739,-31.7956]]]}},{"type":"Feature","properties":{"pc":"6066"},"geometry":{"type":"Polygon","coordinates":[[[115.9171,-31.8432],[115.9055,-31.8368],[115.9056,-31.8289],[115.8917,-31.8288],[115.8837,-31.8225],[115.8772,-31.8211],[115.8777,-31.8459],[115.8938,-31.846],[115.8944,-31.8506],[115.9,-31.8553],[115.917,-31.8555],[115.9171,-31.8432]]]}},{"type":"Feature","properties":{"pc":"6069"},"geometry":{"type":"Polygon","coordinates":[[[115.9828,-31.7419],[115.9778,-31.7572],[115.9652,-31.7638],[115.957,-31.7623],[115.9547,-31.7708],[115.9572,-31.7957],[115.9627,-31.7956],[115.9909,-31.7957],[115.9962,-31.7916],[116.0049,-31.7956],[116.0074,-31.7931],[116.0767,-31.793],[116.0911,-31.7927],[116.0944,-31.7862],[116.0942,-31.7423],[116.0327,-31.7421],[116.0327,-31.7483],[116.0242,-31.7483],[116.0207,-31.742],[115.9828,-31.7419]]]}},{"type":"Feature","properties":{"pc":"6076"},"geometry":{"type":"Polygon","coordinates":[[[116.0432,-31.933],[116.0403,-31.94],[116.0318,-31.9371],[116.0306,-31.9497],[116.031,-31.966],[116.0329,-31.9772],[116.0387,-31.9874],[116.0322,-31.9899],[116.0354,-31.9945],[116.0263,-32.0041],[116.0283,-32.0094],[116.0214,-32.0194],[116.0295,-32.0263],[116.0332,-32.0232],[116.0416,-32.0303],[116.0526,-32.0319],[116.0589,-32.0287],[116.0737,-32.0274],[116.0819,-32.0299],[116.0829,-32.0358],[116.1043,-32.0358],[116.1043,-32.0414],[116.1115,-32.0416],[116.1231,-32.0448],[116.1315,-32.0512],[116.1283,-32.0625],[116.1417,-32.077],[116.1425,-32.0852],[116.1802,-32.0855],[116.1802,-32.0793],[116.1881,-32.0793],[116.1881,-32.0702],[116.1923,-32.0702],[116.1909,-32.0829],[116.2849,-32.0829],[116.285,-32.0621],[116.2889,-32.0621],[116.2737,-32.0504],[116.2712,-32.041],[116.2604,-32.0335],[116.2559,-32.023],[116.2501,-32.0197],[116.2458,-32.0218],[116.2355,-32.0139],[116.2209,-31.9959],[116.2119,-31.9918],[116.2058,-31.9814],[116.1939,-31.9782],[116.1867,-31.9685],[116.1781,-31.9676],[116.1651,-31.9567],[116.1598,-31.9563],[116.1398,-31.9482],[116.1376,-31.9435],[116.1305,-31.9402],[116.1242,-31.9374],[116.1084,-31.9362],[116.1043,-31.9444],[116.0815,-31.9494],[116.078,-31.9477],[116.0755,-31.9389],[116.0668,-31.9351],[116.0438,-31.9313],[116.0432,-31.933]]]}},{"type":"Feature","properties":{"pc":"6082"},"geometry":{"type":"MultiPolygon","coordinates":[[[[116.2431,-31.8837],[116.2437,-31.87],[116.2227,-31.8756],[116.2228,-31.8668],[116.2262,-31.8569],[116.2344,-31.8532],[116.2343,-31.8465],[116.225,-31.8452],[116.2282,-31.8391],[116.2278,-31.8309],[116.2339,-31.8271],[116.2115,-31.8272],[116.2116,-31.822],[116.1967,-31.822],[116.1967,-31.8381],[116.1852,-31.8384],[116.1853,-31.8575],[116.184,-31.8634],[116.1842,-31.8879],[116.2265,-31.8873],[116.2378,-31.8898],[116.2378,-31.884],[116.2431,-31.8837]]],[[[116.348,-31.7092],[116.3472,-31.7066],[116.2998,-31.7066],[116.2917,-31.7119],[116.2832,-31.7141],[116.279,-31.7214],[116.2741,-31.7396],[116.2683,-31.7426],[116.2673,-31.7488],[116.2631,-31.7533],[116.263,-31.7615],[116.28,-31.7615],[116.2817,-31.7707],[116.3329,-31.7705],[116.3459,-31.7692],[116.3458,-31.7627],[116.3382,-31.7627],[116.3382,-31.7535],[116.348,-31.7484],[116.348,-31.7092]]]]}},{"type":"Feature","properties":{"pc":"6100"},"geometry":{"type":"Polygon","coordinates":[[[115.8957,-31.9856],[115.9154,-31.9687],[115.897,-31.9526],[115.8918,-31.9403],[115.8853,-31.9413],[115.8849,-31.9503],[115.8911,-31.9608],[115.8883,-31.9661],[115.8787,-31.971],[115.8957,-31.9856]]]}},{"type":"Feature","properties":{"pc":"6101"},"geometry":{"type":"Polygon","coordinates":[[[115.9154,-31.9687],[115.8957,-31.9856],[115.8889,-31.9914],[115.9025,-32.0033],[115.9046,-31.9974],[115.9107,-31.9923],[115.915,-31.9939],[115.93,-31.9812],[115.9197,-31.9722],[115.9154,-31.9687]]]}},{"type":"Feature","properties":{"pc":"6102"},"geometry":{"type":"Polygon","coordinates":[[[115.8991,-32.0134],[115.9215,-32.0127],[115.9328,-32.0024],[115.9234,-31.9948],[115.915,-31.9939],[115.9107,-31.9923],[115.9046,-31.9974],[115.9025,-32.0033],[115.8889,-31.9914],[115.8866,-31.9981],[115.8883,-32.0073],[115.8867,-32.0124],[115.8991,-32.0134]]]}},{"type":"Feature","properties":{"pc":"6104"},"geometry":{"type":"Polygon","coordinates":[[[115.9301,-31.9629],[115.947,-31.9489],[115.9553,-31.9511],[115.9463,-31.937],[115.956,-31.9293],[115.9566,-31.9244],[115.9538,-31.9204],[115.9503,-31.9234],[115.9467,-31.9228],[115.942,-31.9204],[115.9403,-31.9214],[115.9391,-31.9289],[115.9356,-31.9313],[115.9156,-31.9334],[115.9092,-31.9404],[115.9182,-31.9484],[115.9158,-31.9506],[115.9301,-31.9629]]]}},{"type":"Feature","properties":{"pc":"6105"},"geometry":{"type":"Polygon","coordinates":[[[115.9566,-31.9244],[115.956,-31.9293],[115.9463,-31.937],[115.9553,-31.9511],[115.947,-31.9489],[115.9301,-31.9629],[115.9197,-31.9722],[115.93,-31.9812],[115.9372,-31.9875],[115.941,-31.9843],[115.9784,-31.9883],[115.9774,-31.9978],[115.9853,-31.9873],[115.9795,-31.9825],[115.9856,-31.957],[115.9875,-31.949],[115.9811,-31.9436],[115.9894,-31.9366],[115.9939,-31.9295],[115.9934,-31.9225],[116.0039,-31.9262],[116.0066,-31.921],[115.9989,-31.9175],[115.9852,-31.9176],[115.9814,-31.9218],[115.9692,-31.9165],[115.9566,-31.9244]]]}},{"type":"Feature","properties":{"pc":"6106"},"geometry":{"type":"Polygon","coordinates":[[[115.9328,-32.0024],[115.9404,-31.996],[115.959,-31.9987],[115.9772,-32.0045],[115.9774,-31.9978],[115.9784,-31.9883],[115.941,-31.9843],[115.9372,-31.9875],[115.93,-31.9812],[115.915,-31.9939],[115.9234,-31.9948],[115.9328,-32.0024]]]}},{"type":"Feature","properties":{"pc":"6107"},"geometry":{"type":"Polygon","coordinates":[[[115.9719,-32.0497],[116.0144,-32.0135],[116.0214,-32.0194],[116.0283,-32.0094],[116.0263,-32.0041],[116.0229,-31.9988],[116.0177,-32.0008],[116.0101,-31.9994],[116.0011,-32.0071],[115.9952,-31.9974],[115.9853,-31.9873],[115.9774,-31.9978],[115.9772,-32.0045],[115.959,-31.9987],[115.9404,-31.996],[115.9328,-32.0024],[115.9215,-32.0127],[115.8991,-32.0134],[115.8976,-32.0184],[115.9038,-32.0248],[115.9007,-32.0278],[115.9077,-32.0327],[115.9124,-32.0315],[115.9183,-32.0212],[115.9257,-32.0252],[115.9308,-32.021],[115.9412,-32.0296],[115.9523,-32.036],[115.955,-32.04],[115.9572,-32.0437],[115.9648,-32.0425],[115.9719,-32.0497]]]}},{"type":"Feature","properties":{"pc":"6108"},"geometry":{"type":"Polygon","coordinates":[[[115.9516,-32.0828],[115.9779,-32.0612],[115.9708,-32.0516],[115.9719,-32.0497],[115.9648,-32.0425],[115.9572,-32.0437],[115.955,-32.04],[115.9393,-32.0504],[115.9303,-32.0541],[115.9382,-32.0622],[115.9417,-32.0735],[115.9516,-32.0828]]]}},{"type":"Feature","properties":{"pc":"6109"},"geometry":{"type":"Polygon","coordinates":[[[115.9779,-32.0612],[115.9827,-32.0629],[115.9951,-32.0611],[115.999,-32.0635],[116.0066,-32.062],[116.019,-32.0513],[116.0227,-32.0562],[116.0285,-32.0539],[116.0364,-32.0605],[116.0431,-32.0598],[116.0524,-32.0506],[116.0563,-32.0506],[116.0561,-32.0404],[116.0495,-32.0393],[116.0416,-32.0303],[116.0332,-32.0232],[116.0295,-32.0263],[116.0214,-32.0194],[116.0144,-32.0135],[115.9719,-32.0497],[115.9708,-32.0516],[115.9779,-32.0612]]]}},{"type":"Feature","properties":{"pc":"6110"},"geometry":{"type":"Polygon","coordinates":[[[115.9632,-32.1312],[115.9735,-32.1241],[116.0084,-32.093],[116.033,-32.0932],[116.0501,-32.0955],[116.0501,-32.0982],[116.0746,-32.0982],[116.0745,-32.0882],[116.0896,-32.0871],[116.0896,-32.0727],[116.0685,-32.0727],[116.0687,-32.0592],[116.0653,-32.0505],[116.0563,-32.0506],[116.0524,-32.0506],[116.0431,-32.0598],[116.0364,-32.0605],[116.0285,-32.0539],[116.0227,-32.0562],[116.019,-32.0513],[116.0066,-32.062],[115.999,-32.0635],[115.9951,-32.0611],[115.9827,-32.0629],[115.9779,-32.0612],[115.9516,-32.0828],[115.9309,-32.1002],[115.9609,-32.1271],[115.9632,-32.1312]]]}},{"type":"Feature","properties":{"pc":"6111"},"geometry":{"type":"Polygon","coordinates":[[[116.0563,-32.0506],[116.0653,-32.0505],[116.0687,-32.0592],[116.0685,-32.0727],[116.0896,-32.0727],[116.0896,-32.0871],[116.0745,-32.0882],[116.0746,-32.0982],[116.0501,-32.0982],[116.0501,-32.0955],[116.033,-32.0932],[116.0084,-32.093],[115.9735,-32.1241],[115.9632,-32.1312],[115.9756,-32.1417],[115.9892,-32.1217],[116.0054,-32.1338],[116.0103,-32.1351],[116.0242,-32.1303],[116.0323,-32.1304],[116.0544,-32.1406],[116.0587,-32.1458],[116.0658,-32.1472],[116.0659,-32.1553],[116.0765,-32.1599],[116.08,-32.1559],[116.092,-32.1532],[116.0952,-32.164],[116.1019,-32.1757],[116.1142,-32.1857],[116.1227,-32.1856],[116.1227,-32.1902],[116.1299,-32.1902],[116.1339,-32.1953],[116.1339,-32.2011],[116.1211,-32.2011],[116.1143,-32.198],[116.1098,-32.2126],[116.1097,-32.2316],[116.1127,-32.2315],[116.113,-32.2852],[116.113,-32.2876],[116.1896,-32.2874],[116.2249,-32.2359],[116.3581,-32.2363],[116.3512,-32.2312],[116.3438,-32.2318],[116.3413,-32.224],[116.3354,-32.2194],[116.33,-32.2059],[116.328,-32.1945],[116.3161,-32.1892],[116.3124,-32.1711],[116.3052,-32.1716],[116.3039,-32.1677],[116.2956,-32.1706],[116.2933,-32.1743],[116.2856,-32.1731],[116.2801,-32.1652],[116.2851,-32.1618],[116.2849,-32.0829],[116.1909,-32.0829],[116.1923,-32.0702],[116.1881,-32.0702],[116.1881,-32.0793],[116.1802,-32.0793],[116.1802,-32.0855],[116.1425,-32.0852],[116.1417,-32.077],[116.1283,-32.0625],[116.1315,-32.0512],[116.1231,-32.0448],[116.1115,-32.0416],[116.1043,-32.0414],[116.1043,-32.0358],[116.0829,-32.0358],[116.0819,-32.0299],[116.0737,-32.0274],[116.0589,-32.0287],[116.0526,-32.0319],[116.0416,-32.0303],[116.0495,-32.0393],[116.0561,-32.0404],[116.0563,-32.0506]]]}},{"type":"Feature","properties":{"pc":"6112"},"geometry":{"type":"Polygon","coordinates":[[[116.1098,-32.2126],[116.1143,-32.198],[116.1211,-32.2011],[116.1339,-32.2011],[116.1339,-32.1953],[116.1299,-32.1902],[116.1227,-32.1902],[116.1227,-32.1856],[116.1142,-32.1857],[116.1019,-32.1757],[116.0952,-32.164],[116.092,-32.1532],[116.08,-32.1559],[116.0765,-32.1599],[116.0659,-32.1553],[116.0658,-32.1472],[116.0587,-32.1458],[116.0544,-32.1406],[116.0323,-32.1304],[116.0242,-32.1303],[116.0103,-32.1351],[116.0054,-32.1338],[115.9892,-32.1217],[115.9756,-32.1417],[115.9632,-32.1312],[115.9609,-32.1271],[115.9309,-32.1002],[115.9276,-32.1054],[115.9162,-32.1153],[115.9048,-32.1252],[115.8974,-32.1363],[115.8979,-32.1771],[115.8986,-32.1802],[115.9639,-32.1797],[115.9628,-32.1969],[115.9726,-32.1948],[115.9724,-32.1796],[115.9784,-32.1816],[115.9901,-32.1816],[115.9957,-32.1859],[116.0158,-32.1865],[116.0159,-32.1923],[116.0238,-32.1966],[116.0238,-32.2051],[116.04,-32.2051],[116.0539,-32.2075],[116.0624,-32.204],[116.0668,-32.2068],[116.0675,-32.2126],[116.1098,-32.2126]]]}},{"type":"Feature","properties":{"pc":"6122"},"geometry":{"type":"Polygon","coordinates":[[[116.1098,-32.2126],[116.0675,-32.2126],[116.0668,-32.2068],[116.0624,-32.204],[116.0539,-32.2075],[116.04,-32.2051],[116.0238,-32.2051],[116.0238,-32.1966],[116.0159,-32.1923],[116.0158,-32.1865],[115.9957,-32.1859],[115.9901,-32.1816],[115.9784,-32.1816],[115.9724,-32.1796],[115.9726,-32.1948],[115.9731,-32.2357],[115.9532,-32.2359],[115.9519,-32.2541],[115.9734,-32.2538],[115.9736,-32.2686],[115.9875,-32.2685],[115.9918,-32.2741],[116.002,-32.2413],[116.0069,-32.2459],[116.0169,-32.2468],[116.0266,-32.2515],[116.0261,-32.2631],[116.0318,-32.266],[116.0347,-32.2718],[116.0347,-32.2814],[116.0284,-32.2814],[116.0276,-32.2868],[116.0219,-32.2868],[116.0219,-32.2942],[116.0288,-32.2926],[116.0288,-32.3011],[116.0334,-32.3011],[116.0334,-32.3123],[116.0384,-32.3117],[116.0425,-32.3057],[116.0567,-32.2997],[116.0707,-32.3035],[116.0826,-32.3011],[116.0863,-32.2966],[116.0959,-32.2954],[116.1053,-32.2918],[116.113,-32.2852],[116.1127,-32.2315],[116.1097,-32.2316],[116.1098,-32.2126]]]}},{"type":"Feature","properties":{"pc":"6147"},"geometry":{"type":"Polygon","coordinates":[[[115.9303,-32.0541],[115.9393,-32.0504],[115.955,-32.04],[115.9523,-32.036],[115.9412,-32.0296],[115.9375,-32.0324],[115.93,-32.0322],[115.9192,-32.0414],[115.9154,-32.0387],[115.9036,-32.0387],[115.9047,-32.0565],[115.9121,-32.0547],[115.9303,-32.0541]]]}},{"type":"Feature","properties":{"pc":"6148"},"geometry":{"type":"Polygon","coordinates":[[[115.9412,-32.0296],[115.9308,-32.021],[115.9257,-32.0252],[115.9183,-32.0212],[115.9124,-32.0315],[115.9077,-32.0327],[115.9007,-32.0278],[115.8987,-32.0234],[115.8857,-32.0248],[115.8765,-32.0322],[115.8683,-32.0313],[115.8606,-32.0386],[115.8614,-32.0458],[115.8613,-32.0473],[115.8732,-32.0452],[115.8776,-32.0387],[115.9036,-32.0387],[115.9154,-32.0387],[115.9192,-32.0414],[115.93,-32.0322],[115.9375,-32.0324],[115.9412,-32.0296]]]}},{"type":"Feature","properties":{"pc":"6149"},"geometry":{"type":"Polygon","coordinates":[[[115.8491,-32.0885],[115.8579,-32.0884],[115.8638,-32.085],[115.8756,-32.0821],[115.8921,-32.0822],[115.8844,-32.0751],[115.89,-32.0693],[115.886,-32.0667],[115.8709,-32.0662],[115.8727,-32.0598],[115.8732,-32.0452],[115.8613,-32.0473],[115.8544,-32.0464],[115.8519,-32.0547],[115.8492,-32.0787],[115.8491,-32.0885]]]}},{"type":"Feature","properties":{"pc":"6150"},"geometry":{"type":"Polygon","coordinates":[[[115.8492,-32.0787],[115.8519,-32.0547],[115.8544,-32.0464],[115.8457,-32.046],[115.8158,-32.0461],[115.816,-32.0565],[115.8256,-32.0565],[115.8292,-32.0658],[115.824,-32.0685],[115.8241,-32.0739],[115.8351,-32.0797],[115.8492,-32.0787]]]}},{"type":"Feature","properties":{"pc":"6151"},"geometry":{"type":"Polygon","coordinates":[[[115.8787,-31.971],[115.8721,-31.9709],[115.8641,-31.9746],[115.8517,-31.9699],[115.8468,-31.971],[115.8476,-31.9795],[115.8531,-31.9885],[115.8812,-31.9887],[115.8822,-31.996],[115.8866,-31.9981],[115.8889,-31.9914],[115.8957,-31.9856],[115.8787,-31.971]]]}},{"type":"Feature","properties":{"pc":"6152"},"geometry":{"type":"Polygon","coordinates":[[[115.8991,-32.0134],[115.8867,-32.0124],[115.8883,-32.0073],[115.8866,-31.9981],[115.8822,-31.996],[115.8812,-31.9887],[115.8531,-31.9885],[115.8548,-31.9948],[115.8527,-32.0041],[115.8562,-32.0122],[115.8563,-32.0203],[115.863,-32.0319],[115.8657,-32.0265],[115.8734,-32.0308],[115.8765,-32.0221],[115.8886,-32.0177],[115.8976,-32.0184],[115.8991,-32.0134]]]}},{"type":"Feature","properties":{"pc":"6153"},"geometry":{"type":"Polygon","coordinates":[[[115.8614,-32.0458],[115.8546,-32.0355],[115.8508,-32.0205],[115.851,-32.0137],[115.8442,-32.0026],[115.836,-32.0067],[115.8287,-32.0067],[115.8282,-32.0183],[115.8204,-32.0262],[115.8243,-32.0335],[115.8335,-32.0318],[115.8449,-32.0329],[115.8457,-32.046],[115.8544,-32.0464],[115.8613,-32.0473],[115.8614,-32.0458]]]}},{"type":"Feature","properties":{"pc":"6154"},"geometry":{"type":"Polygon","coordinates":[[[115.8457,-32.046],[115.8449,-32.0329],[115.8335,-32.0318],[115.8243,-32.0335],[115.8204,-32.0262],[115.8156,-32.0288],[115.8086,-32.0322],[115.8087,-32.047],[115.8158,-32.0461],[115.8457,-32.046]]]}},{"type":"Feature","properties":{"pc":"6155"},"geometry":{"type":"Polygon","coordinates":[[[115.9516,-32.0828],[115.9417,-32.0735],[115.9382,-32.0622],[115.9303,-32.0541],[115.9121,-32.0547],[115.9047,-32.0565],[115.9036,-32.0387],[115.8776,-32.0387],[115.8732,-32.0452],[115.8727,-32.0598],[115.8709,-32.0662],[115.886,-32.0667],[115.89,-32.0693],[115.8844,-32.0751],[115.8921,-32.0822],[115.8906,-32.0921],[115.9,-32.1021],[115.9162,-32.1153],[115.9276,-32.1054],[115.9309,-32.1002],[115.9516,-32.0828]]]}},{"type":"Feature","properties":{"pc":"6156"},"geometry":{"type":"Polygon","coordinates":[[[115.816,-32.0565],[115.8158,-32.0461],[115.8087,-32.047],[115.8086,-32.0322],[115.8156,-32.0288],[115.815,-32.0234],[115.8076,-32.0193],[115.7934,-32.0141],[115.7936,-32.0549],[115.7936,-32.0566],[115.816,-32.0565]]]}},{"type":"Feature","properties":{"pc":"6159"},"geometry":{"type":"Polygon","coordinates":[[[115.7509,-32.0216],[115.7411,-32.0402],[115.7346,-32.0414],[115.7311,-32.0526],[115.737,-32.0528],[115.7485,-32.0401],[115.7584,-32.0389],[115.7605,-32.033],[115.7555,-32.0278],[115.7589,-32.024],[115.7509,-32.0216]]]}},{"type":"Feature","properties":{"pc":"6160"},"geometry":{"type":"Polygon","coordinates":[[[115.7488,-32.064],[115.7616,-32.0635],[115.7625,-32.0573],[115.7797,-32.0571],[115.7796,-32.0549],[115.7763,-32.047],[115.7581,-32.0473],[115.758,-32.0412],[115.7525,-32.0423],[115.7427,-32.052],[115.7379,-32.0546],[115.7488,-32.064]]]}},{"type":"Feature","properties":{"pc":"6162"},"geometry":{"type":"Polygon","coordinates":[[[115.7511,-32.0781],[115.7657,-32.0783],[115.7656,-32.0745],[115.7798,-32.0747],[115.7797,-32.0571],[115.7625,-32.0573],[115.7616,-32.0635],[115.7488,-32.064],[115.7511,-32.0781]]]}},{"type":"Feature","properties":{"pc":"6163"},"geometry":{"type":"Polygon","coordinates":[[[115.7628,-32.1118],[115.7673,-32.1052],[115.767,-32.1001],[115.7754,-32.1017],[115.775,-32.1158],[115.7949,-32.1166],[115.8037,-32.1201],[115.8107,-32.1185],[115.8266,-32.1059],[115.8493,-32.0949],[115.8491,-32.0885],[115.8492,-32.0787],[115.8351,-32.0797],[115.8241,-32.0739],[115.824,-32.0685],[115.8292,-32.0658],[115.8256,-32.0565],[115.816,-32.0565],[115.7936,-32.0566],[115.7936,-32.0549],[115.7796,-32.0549],[115.7797,-32.0571],[115.7798,-32.0747],[115.7656,-32.0745],[115.7657,-32.0783],[115.7511,-32.0781],[115.751,-32.0849],[115.7589,-32.0964],[115.7559,-32.1007],[115.7619,-32.1057],[115.7628,-32.1118]]]}},{"type":"Feature","properties":{"pc":"6164"},"geometry":{"type":"Polygon","coordinates":[[[115.8299,-32.1808],[115.8986,-32.1802],[115.8979,-32.1771],[115.8974,-32.1363],[115.9048,-32.1252],[115.9162,-32.1153],[115.9,-32.1021],[115.8906,-32.0921],[115.8921,-32.0822],[115.8756,-32.0821],[115.8638,-32.085],[115.8579,-32.0884],[115.8491,-32.0885],[115.8493,-32.0949],[115.8266,-32.1059],[115.8107,-32.1185],[115.8037,-32.1201],[115.7949,-32.1166],[115.7885,-32.1255],[115.7899,-32.1388],[115.8113,-32.1388],[115.8167,-32.1408],[115.8175,-32.1515],[115.8207,-32.1599],[115.8336,-32.1615],[115.8421,-32.16],[115.8423,-32.1734],[115.8295,-32.1735],[115.8299,-32.1808]]]}},{"type":"Feature","properties":{"pc":"6166"},"geometry":{"type":"Polygon","coordinates":[[[115.7749,-32.1814],[115.825,-32.1808],[115.8299,-32.1808],[115.8295,-32.1735],[115.8423,-32.1734],[115.8421,-32.16],[115.8336,-32.1615],[115.8207,-32.1599],[115.8175,-32.1515],[115.8167,-32.1408],[115.8113,-32.1388],[115.7899,-32.1388],[115.7885,-32.1255],[115.7949,-32.1166],[115.775,-32.1158],[115.7754,-32.1017],[115.767,-32.1001],[115.7673,-32.1052],[115.7628,-32.1118],[115.76,-32.1231],[115.756,-32.1295],[115.7478,-32.1347],[115.758,-32.1361],[115.7645,-32.1392],[115.7665,-32.1523],[115.7635,-32.1638],[115.7705,-32.1671],[115.7749,-32.1814]]]}},{"type":"Feature","properties":{"pc":"6167"},"geometry":{"type":"Polygon","coordinates":[[[115.8871,-32.2552],[115.8871,-32.2446],[115.8845,-32.2407],[115.8842,-32.2088],[115.8853,-32.2039],[115.8929,-32.2051],[115.897,-32.2022],[115.9007,-32.1931],[115.9007,-32.182],[115.8986,-32.1802],[115.8299,-32.1808],[115.825,-32.1808],[115.8247,-32.1849],[115.8395,-32.1994],[115.8282,-32.2118],[115.8088,-32.2117],[115.7937,-32.2088],[115.7671,-32.21],[115.7557,-32.2237],[115.7599,-32.2365],[115.7584,-32.2451],[115.7549,-32.2514],[115.7573,-32.2501],[115.7822,-32.25],[115.7853,-32.2491],[115.8019,-32.2509],[115.8251,-32.2595],[115.8337,-32.2519],[115.8405,-32.2519],[115.8458,-32.2553],[115.8871,-32.2552]]]}},{"type":"Feature","properties":{"pc":"6168"},"geometry":{"type":"MultiPolygon","coordinates":[[[[115.7549,-32.2514],[115.7406,-32.2664],[115.7258,-32.2763],[115.707,-32.2759],[115.6988,-32.2778],[115.7029,-32.2862],[115.7105,-32.2863],[115.7211,-32.2947],[115.7345,-32.2988],[115.7442,-32.2967],[115.7484,-32.3056],[115.7594,-32.3054],[115.7682,-32.301],[115.7686,-32.3069],[115.7762,-32.3073],[115.792,-32.3111],[115.7962,-32.3098],[115.7973,-32.2975],[115.7961,-32.2855],[115.7883,-32.2771],[115.7852,-32.269],[115.7853,-32.2491],[115.7822,-32.25],[115.7573,-32.2501],[115.7549,-32.2514]]],[[[115.6699,-32.1961],[115.6705,-32.2098],[115.6771,-32.2258],[115.6808,-32.2441],[115.6881,-32.2457],[115.6944,-32.242],[115.6872,-32.234],[115.6872,-32.2302],[115.6956,-32.2202],[115.6901,-32.2171],[115.6837,-32.2066],[115.6823,-32.1974],[115.6748,-32.1833],[115.6772,-32.1722],[115.6747,-32.1657],[115.6676,-32.1555],[115.6604,-32.1564],[115.6617,-32.165],[115.6603,-32.1729],[115.663,-32.1772],[115.6653,-32.1893],[115.6699,-32.1961]]]]}},{"type":"Feature","properties":{"pc":"6169"},"geometry":{"type":"Polygon","coordinates":[[[115.7962,-32.3098],[115.792,-32.3111],[115.7762,-32.3073],[115.7686,-32.3069],[115.7682,-32.301],[115.7594,-32.3054],[115.7484,-32.3056],[115.7442,-32.2967],[115.7345,-32.2988],[115.7211,-32.2947],[115.7105,-32.2863],[115.7029,-32.2862],[115.701,-32.2932],[115.7035,-32.2979],[115.7018,-32.3055],[115.7136,-32.3049],[115.7307,-32.3103],[115.7399,-32.3212],[115.7429,-32.3302],[115.7431,-32.3471],[115.7611,-32.3472],[115.7619,-32.3521],[115.7708,-32.3521],[115.7783,-32.377],[115.788,-32.3475],[115.7913,-32.3243],[115.7962,-32.3098]]]}},{"type":"Feature","properties":{"pc":"6170"},"geometry":{"type":"Polygon","coordinates":[[[115.7961,-32.2855],[115.8139,-32.2868],[115.8245,-32.2805],[115.8425,-32.2724],[115.8559,-32.2734],[115.8723,-32.278],[115.8775,-32.2798],[115.8818,-32.2755],[115.8796,-32.2704],[115.8857,-32.2651],[115.8871,-32.2552],[115.8458,-32.2553],[115.8405,-32.2519],[115.8337,-32.2519],[115.8251,-32.2595],[115.8019,-32.2509],[115.7853,-32.2491],[115.7852,-32.269],[115.7883,-32.2771],[115.7961,-32.2855]]]}},{"type":"Feature","properties":{"pc":"6210"},"geometry":{"type":"MultiPolygon","coordinates":[[[[115.6452,-32.6082],[115.6492,-32.6103],[115.6545,-32.6011],[115.6676,-32.5975],[115.6713,-32.5945],[115.666,-32.5864],[115.6696,-32.5768],[115.6742,-32.573],[115.6904,-32.5701],[115.6982,-32.5635],[115.707,-32.5632],[115.7142,-32.5563],[115.7174,-32.5389],[115.7158,-32.5324],[115.7103,-32.5276],[115.7077,-32.5214],[115.7021,-32.5189],[115.6953,-32.5249],[115.6864,-32.5414],[115.6799,-32.5486],[115.6714,-32.5612],[115.6554,-32.5783],[115.6489,-32.579],[115.6407,-32.59],[115.6325,-32.5959],[115.632,-32.6011],[115.6452,-32.6082]]],[[[115.7478,-32.4556],[115.7463,-32.4755],[115.7394,-32.4987],[115.7279,-32.5165],[115.7239,-32.5199],[115.7119,-32.5213],[115.7222,-32.5396],[115.7189,-32.554],[115.7218,-32.5586],[115.7186,-32.5646],[115.7233,-32.5679],[115.7475,-32.5629],[115.7585,-32.5669],[115.7599,-32.5747],[115.7624,-32.5736],[115.7658,-32.5678],[115.7539,-32.5588],[115.7562,-32.5539],[115.7651,-32.5484],[115.7653,-32.5425],[115.7735,-32.5395],[115.7737,-32.5308],[115.7822,-32.5114],[115.7784,-32.5076],[115.7705,-32.5076],[115.761,-32.5108],[115.7562,-32.5063],[115.7641,-32.4958],[115.764,-32.4854],[115.7575,-32.4767],[115.7617,-32.4556],[115.7478,-32.4556]]]]}},{"type":"Feature","properties":{"pc":"6220"},"geometry":{"type":"Polygon","coordinates":[[[115.9507,-32.987],[115.9507,-32.9969],[115.9381,-32.9969],[115.9381,-33.0007],[115.9498,-33.0052],[115.9499,-33.0118],[115.9381,-33.0074],[115.938,-33.0143],[115.9301,-33.0168],[115.9301,-33.0251],[115.9341,-33.0301],[115.9406,-33.0301],[115.9406,-33.0361],[115.9292,-33.0382],[115.885,-33.027],[115.8876,-33.0388],[115.8787,-33.0401],[115.863,-33.0374],[115.8622,-33.0396],[115.8329,-33.0081],[115.8031,-33.0091],[115.765,-33.0092],[115.765,-33.001],[115.7706,-33.0011],[115.7706,-32.9713],[115.7551,-32.9712],[115.7549,-32.9376],[115.7637,-32.9377],[115.7638,-32.93],[115.7638,-32.922],[115.7198,-32.9219],[115.7204,-32.9252],[115.7085,-32.9252],[115.7083,-32.9293],[115.6935,-32.9309],[115.6871,-32.9331],[115.6585,-32.933],[115.661,-32.947],[115.6693,-32.9779],[115.6738,-33.0026],[115.6803,-33.0446],[115.6873,-33.1045],[115.6889,-33.1272],[115.7042,-33.1272],[115.721,-33.1255],[115.723,-33.1078],[115.7282,-33.1086],[115.7715,-33.1085],[115.8034,-33.1081],[115.8042,-33.0968],[115.8263,-33.0968],[115.8312,-33.0978],[115.8575,-33.0977],[115.865,-33.0949],[115.878,-33.0936],[115.8906,-33.0902],[115.8873,-33.0974],[115.9038,-33.0974],[115.9099,-33.1007],[115.9153,-33.1078],[115.9313,-33.1078],[115.9313,-33.1115],[115.9444,-33.1115],[115.9443,-33.1079],[115.9771,-33.1079],[115.9741,-33.1119],[115.9741,-33.121],[115.9794,-33.121],[115.9794,-33.1288],[116.0263,-33.1287],[116.0263,-33.118],[116.0341,-33.118],[116.0341,-33.1252],[116.0398,-33.128],[116.0492,-33.1256],[116.051,-33.1148],[116.0591,-33.1153],[116.0788,-33.1314],[116.0797,-33.1263],[116.087,-33.1233],[116.0924,-33.1249],[116.0957,-33.1114],[116.0847,-33.1174],[116.0729,-33.1144],[116.0646,-33.1147],[116.0635,-33.1063],[116.0846,-33.1133],[116.0886,-33.1069],[116.098,-33.1009],[116.1086,-33.1043],[116.1193,-33.1049],[116.1287,-33.1192],[116.1468,-33.1347],[116.1469,-33.0849],[116.2091,-33.085],[116.2089,-33.0304],[116.2089,-32.9842],[116.2,-32.9706],[116.1997,-32.9671],[116.1869,-32.9666],[116.1877,-32.9617],[116.1822,-32.9523],[116.1851,-32.9442],[116.18,-32.9431],[116.1659,-32.9425],[116.1728,-32.9362],[116.1709,-32.9276],[116.164,-32.9336],[116.1506,-32.9355],[116.1366,-32.9349],[116.0216,-32.9358],[116.0216,-32.9402],[116.0003,-32.9399],[115.9944,-32.9424],[115.9935,-32.9333],[115.9564,-32.9329],[115.9564,-32.9384],[115.9478,-32.9423],[115.9479,-32.9483],[115.9527,-32.9518],[115.9553,-32.9593],[115.9773,-32.9593],[115.9795,-32.9874],[115.9764,-32.991],[115.9667,-32.991],[115.9668,-32.987],[115.9507,-32.987]]]}},{"type":"Feature","properties":{"pc":"6230"},"geometry":{"type":"Polygon","coordinates":[[[115.6702,-33.3028],[115.6676,-33.3099],[115.6602,-33.3144],[115.6663,-33.3218],[115.6624,-33.3252],[115.6535,-33.3194],[115.6398,-33.3187],[115.6427,-33.3112],[115.6365,-33.3097],[115.6301,-33.3228],[115.628,-33.3314],[115.6229,-33.3411],[115.6102,-33.3799],[115.598,-33.4116],[115.5877,-33.4315],[115.6082,-33.4326],[115.6061,-33.4402],[115.6249,-33.4402],[115.6247,-33.4593],[115.6613,-33.4593],[115.6613,-33.4164],[115.6588,-33.4163],[115.6588,-33.3933],[115.6572,-33.386],[115.6855,-33.3863],[115.6891,-33.3938],[115.7031,-33.4039],[115.703,-33.3719],[115.6913,-33.3718],[115.6941,-33.3575],[115.6836,-33.3555],[115.6839,-33.3496],[115.6965,-33.3494],[115.6965,-33.3337],[115.6997,-33.3265],[115.6955,-33.3173],[115.6974,-33.3097],[115.6914,-33.3042],[115.6702,-33.3028]]]}},{"type":"Feature","properties":{"pc":"6232"},"geometry":{"type":"Polygon","coordinates":[[[115.6997,-33.3265],[115.7134,-33.325],[115.733,-33.3181],[115.7418,-33.3062],[115.7413,-33.2994],[115.7293,-33.2912],[115.7223,-33.2906],[115.7203,-33.308],[115.7162,-33.3122],[115.705,-33.3129],[115.6974,-33.3097],[115.6955,-33.3173],[115.6997,-33.3265]]]}},{"type":"Feature","properties":{"pc":"6255"},"geometry":{"type":"Polygon","coordinates":[[[116.0829,-33.8012],[116.0828,-33.8067],[116.0875,-33.8182],[116.0784,-33.8262],[116.0701,-33.8297],[116.0718,-33.8401],[116.0756,-33.8454],[116.0852,-33.8508],[116.0889,-33.8576],[116.0891,-33.8826],[116.0812,-33.8835],[116.0812,-33.8918],[116.0712,-33.8918],[116.0649,-33.8966],[116.0649,-33.9019],[116.0524,-33.9019],[116.0516,-33.9071],[116.0614,-33.9072],[116.0614,-33.9284],[116.0604,-33.9335],[116.0674,-33.9403],[116.0629,-33.9477],[116.045,-33.9451],[116.041,-33.9521],[116.0489,-33.9528],[116.0471,-33.9597],[116.0505,-33.9626],[116.058,-33.9584],[116.0629,-33.963],[116.0657,-33.9728],[116.0549,-33.9754],[116.0535,-33.983],[116.0593,-33.9874],[116.0589,-33.9941],[116.0696,-33.9909],[116.0655,-33.9872],[116.0694,-33.9792],[116.0779,-33.9809],[116.0883,-33.9745],[116.093,-33.9664],[116.1034,-33.9694],[116.1095,-33.9668],[116.1116,-33.9775],[116.1161,-33.9783],[116.1162,-33.9873],[116.1413,-33.9865],[116.1397,-33.9781],[116.1492,-33.9762],[116.1627,-33.979],[116.1675,-33.9778],[116.1738,-33.9847],[116.1875,-33.99],[116.1993,-34.0042],[116.217,-34.0031],[116.2228,-33.9942],[116.2351,-34.002],[116.238,-33.9924],[116.2472,-33.9924],[116.2535,-33.989],[116.2482,-33.9821],[116.2547,-33.9783],[116.2728,-33.9825],[116.28,-33.9813],[116.2873,-33.9831],[116.2942,-33.9795],[116.3025,-33.9842],[116.3048,-33.9918],[116.3022,-33.9986],[116.3026,-34.0072],[116.3074,-34.0154],[116.313,-34.0307],[116.313,-34.0434],[116.3261,-34.0436],[116.3239,-34.0563],[116.3304,-34.0563],[116.3343,-34.0441],[116.3431,-34.0447],[116.3463,-34.0548],[116.3564,-34.0546],[116.3609,-34.0485],[116.3607,-34.0338],[116.3639,-34.0338],[116.3642,-34.0222],[116.3611,-34.0133],[116.3651,-34.0079],[116.3738,-34.0079],[116.3768,-34.0052],[116.3768,-33.9883],[116.3661,-33.9883],[116.3661,-33.9653],[116.3621,-33.9595],[116.3502,-33.9584],[116.341,-33.9474],[116.3361,-33.947],[116.3362,-33.9322],[116.338,-33.9199],[116.3474,-33.9098],[116.3475,-33.8988],[116.3509,-33.899],[116.352,-33.8866],[116.352,-33.8688],[116.3465,-33.8607],[116.3464,-33.8383],[116.3398,-33.8383],[116.3398,-33.831],[116.3455,-33.8273],[116.3454,-33.7998],[116.3431,-33.7896],[116.3373,-33.784],[116.338,-33.7678],[116.3566,-33.7685],[116.3737,-33.7641],[116.3897,-33.7654],[116.3902,-33.7507],[116.398,-33.7507],[116.4041,-33.748],[116.4041,-33.7427],[116.388,-33.7411],[116.3856,-33.733],[116.3857,-33.719],[116.383,-33.7104],[116.385,-33.6964],[116.3852,-33.6705],[116.3488,-33.6764],[116.3488,-33.6862],[116.3488,-33.708],[116.3275,-33.708],[116.3273,-33.7258],[116.3097,-33.7257],[116.305,-33.7229],[116.2683,-33.7229],[116.268,-33.7055],[116.2612,-33.7066],[116.2522,-33.7142],[116.2551,-33.7184],[116.24,-33.7184],[116.2369,-33.7209],[116.2369,-33.7285],[116.2413,-33.7358],[116.2185,-33.7351],[116.218,-33.7711],[116.1961,-33.7711],[116.1963,-33.7807],[116.1003,-33.7806],[116.1,-33.7903],[116.0939,-33.7903],[116.0924,-33.7965],[116.0812,-33.7989],[116.0829,-33.8012]]]}},{"type":"Feature","properties":{"pc":"6280"},"geometry":{"type":"Polygon","coordinates":[[[115.3993,-33.8051],[115.3912,-33.8051],[115.3912,-33.7999],[115.4143,-33.7999],[115.4143,-33.7716],[115.4109,-33.7642],[115.4336,-33.7642],[115.4426,-33.7573],[115.4503,-33.763],[115.4574,-33.763],[115.4574,-33.7496],[115.4706,-33.7525],[115.4893,-33.7518],[115.4896,-33.7323],[115.4936,-33.729],[115.5063,-33.7283],[115.5171,-33.725],[115.5194,-33.7143],[115.5337,-33.7143],[115.5336,-33.6994],[115.5607,-33.6994],[115.5717,-33.6984],[115.5716,-33.6766],[115.5763,-33.6728],[115.587,-33.6717],[115.5879,-33.666],[115.5876,-33.6479],[115.5836,-33.6388],[115.5832,-33.6219],[115.5674,-33.6169],[115.565,-33.6118],[115.5569,-33.6099],[115.5575,-33.5827],[115.5017,-33.5827],[115.4873,-33.5753],[115.4783,-33.5873],[115.4783,-33.5964],[115.4685,-33.5914],[115.4715,-33.5862],[115.4628,-33.5807],[115.4575,-33.5841],[115.4533,-33.5806],[115.4417,-33.5951],[115.4276,-33.6083],[115.4123,-33.6188],[115.3868,-33.6324],[115.3679,-33.6391],[115.3494,-33.6422],[115.3293,-33.6495],[115.3093,-33.654],[115.2819,-33.6545],[115.2638,-33.6569],[115.2273,-33.6545],[115.2084,-33.6514],[115.1871,-33.6432],[115.1661,-33.6372],[115.1657,-33.6649],[115.1479,-33.6649],[115.147,-33.6715],[115.1521,-33.677],[115.1492,-33.6882],[115.1411,-33.6859],[115.123,-33.6995],[115.122,-33.7134],[115.1305,-33.7143],[115.1305,-33.7226],[115.1037,-33.7231],[115.1024,-33.7187],[115.0876,-33.7187],[115.0818,-33.716],[115.0817,-33.7256],[115.0703,-33.7256],[115.0703,-33.7301],[115.0589,-33.7301],[115.0589,-33.727],[115.0384,-33.727],[115.0369,-33.7317],[115.017,-33.7306],[115.017,-33.7179],[114.9949,-33.7178],[114.9949,-33.7316],[114.9867,-33.7316],[114.9886,-33.7448],[114.9928,-33.7533],[114.9887,-33.7624],[115.0001,-33.794],[114.9969,-33.8075],[114.9975,-33.8189],[115.0116,-33.8179],[115.0553,-33.8187],[115.0705,-33.8244],[115.0705,-33.8189],[115.0837,-33.819],[115.0892,-33.8233],[115.099,-33.8175],[115.1055,-33.8206],[115.1086,-33.8167],[115.1582,-33.8167],[115.1691,-33.8173],[115.1745,-33.8152],[115.2163,-33.8162],[115.2203,-33.818],[115.2978,-33.8187],[115.298,-33.8318],[115.3052,-33.8318],[115.3052,-33.8397],[115.3152,-33.8397],[115.3152,-33.8318],[115.3187,-33.8292],[115.3311,-33.8292],[115.3311,-33.8373],[115.3398,-33.8373],[115.3378,-33.8292],[115.373,-33.8292],[115.3871,-33.8175],[115.4006,-33.8154],[115.3993,-33.8051]]]}},{"type":"Feature","properties":{"pc":"6285"},"geometry":{"type":"Polygon","coordinates":[[[115.536,-33.9139],[115.5263,-33.9154],[115.4871,-33.9164],[115.4159,-33.92],[115.3499,-33.9279],[115.321,-33.9328],[115.3175,-33.9359],[115.2894,-33.9404],[115.2813,-33.9335],[115.2779,-33.9354],[115.2607,-33.9354],[115.2569,-33.9313],[115.2651,-33.9285],[115.2792,-33.9093],[115.2736,-33.9046],[115.2847,-33.9035],[115.283,-33.8972],[115.2644,-33.8972],[115.2644,-33.8926],[115.2557,-33.8926],[115.2486,-33.8899],[115.2486,-33.8979],[115.2424,-33.8979],[115.2284,-33.8946],[115.2234,-33.8976],[115.2156,-33.8976],[115.2156,-33.8924],[115.1981,-33.8924],[115.1981,-33.896],[115.1766,-33.8968],[115.1714,-33.8983],[115.157,-33.8983],[115.1406,-33.9039],[115.1406,-33.8956],[115.1243,-33.8968],[115.1218,-33.8752],[115.1158,-33.8752],[115.1158,-33.8809],[115.1089,-33.881],[115.102,-33.8753],[115.096,-33.8807],[115.0881,-33.8832],[115.087,-33.8895],[115.0698,-33.8957],[115.0474,-33.8957],[115.0402,-33.8993],[115.0293,-33.8992],[115.0323,-33.9051],[115.0222,-33.9201],[115.012,-33.9184],[114.9886,-33.9184],[114.9871,-33.9226],[114.9922,-33.9328],[114.992,-33.9531],[114.9887,-33.9574],[114.9799,-33.9614],[114.986,-33.9749],[114.99,-33.9799],[114.9891,-33.9913],[114.9965,-34.0056],[115.0041,-34.0056],[115.0041,-33.9828],[115.0129,-33.9828],[115.0129,-33.9996],[115.0177,-34.0055],[115.0311,-34.0042],[115.0397,-34],[115.0397,-33.9929],[115.0515,-33.9926],[115.0515,-34.0005],[115.069,-34.0005],[115.069,-34.0067],[115.0777,-34.0067],[115.0777,-33.9995],[115.0927,-33.9995],[115.0917,-33.9891],[115.1162,-33.9888],[115.1288,-33.984],[115.1344,-33.986],[115.1505,-33.9835],[115.156,-33.9928],[115.1663,-33.9941],[115.1738,-34.0038],[115.1799,-34.0055],[115.1799,-34.0182],[115.1686,-34.0138],[115.1718,-34.0238],[115.1678,-34.0288],[115.1726,-34.0349],[115.1664,-34.0375],[115.1664,-34.0484],[115.1589,-34.0529],[115.1642,-34.059],[115.1811,-34.0589],[115.1806,-34.0637],[115.1887,-34.0726],[115.1866,-34.0808],[115.1927,-34.0836],[115.2081,-34.0951],[115.216,-34.0943],[115.2178,-34.088],[115.2237,-34.0857],[115.231,-34.0918],[115.2375,-34.09],[115.2485,-34.0934],[115.2605,-34.0843],[115.2789,-34.0876],[115.2834,-34.0945],[115.2875,-34.0876],[115.292,-34.0895],[115.2909,-34.0983],[115.2933,-34.1014],[115.2853,-34.1231],[115.2857,-34.1425],[115.2842,-34.1576],[115.3091,-34.1603],[115.3215,-34.1592],[115.3372,-34.1601],[115.345,-34.1585],[115.3663,-34.1602],[115.3818,-34.1555],[115.4018,-34.1565],[115.4022,-34.1428],[115.4017,-34.1046],[115.4029,-34.0933],[115.3931,-34.0828],[115.3921,-34.0766],[115.4033,-34.08],[115.4102,-34.0777],[115.4153,-34.0683],[115.4204,-34.0644],[115.4359,-34.0712],[115.4378,-34.0675],[115.4507,-34.0619],[115.4533,-34.0675],[115.4606,-34.0731],[115.4735,-34.0877],[115.4809,-34.0824],[115.4965,-34.086],[115.4968,-34.0816],[115.5052,-34.082],[115.5074,-34.076],[115.5073,-33.9499],[115.536,-33.9139]]]}},{"type":"Feature","properties":{"pc":"6324"},"geometry":{"type":"Polygon","coordinates":[[[117.4882,-34.7681],[117.497,-34.768],[117.4962,-34.7589],[117.521,-34.7591],[117.5207,-34.7358],[117.5279,-34.7356],[117.5279,-34.7279],[117.541,-34.7277],[117.541,-34.7218],[117.5581,-34.7215],[117.562,-34.7169],[117.578,-34.7168],[117.5745,-34.7247],[117.602,-34.7246],[117.6019,-34.7113],[117.6165,-34.7113],[117.6144,-34.7169],[117.6283,-34.7181],[117.6283,-34.7134],[117.6408,-34.7134],[117.6408,-34.7063],[117.6662,-34.7063],[117.6662,-34.7025],[117.6735,-34.6986],[117.682,-34.6986],[117.6806,-34.6936],[117.7598,-34.6937],[117.7717,-34.6873],[117.7801,-34.6939],[117.8341,-34.6943],[117.8336,-34.7273],[117.9011,-34.7273],[117.9274,-34.7278],[117.9519,-34.7371],[117.9526,-34.7465],[117.9563,-34.7499],[117.9574,-34.7632],[117.9662,-34.7623],[117.9663,-34.7381],[117.9678,-34.7375],[117.9697,-34.7202],[117.9697,-34.696],[117.9899,-34.6923],[117.9946,-34.6802],[118.0052,-34.6656],[118.0079,-34.6638],[118.0311,-34.6582],[118.0311,-34.6459],[118.0472,-34.6459],[118.0497,-34.6398],[118.0746,-34.6397],[118.0746,-34.6471],[118.0812,-34.6471],[118.0813,-34.6595],[118.0916,-34.6594],[118.0916,-34.6637],[118.2088,-34.6638],[118.2088,-34.7196],[118.2622,-34.7197],[118.2692,-34.7239],[118.2955,-34.6923],[118.2791,-34.6814],[118.3041,-34.6549],[118.2993,-34.6517],[118.3228,-34.6265],[118.3146,-34.6169],[118.3102,-34.6091],[118.2982,-34.5969],[118.2626,-34.5488],[118.2625,-34.5472],[118.3135,-34.5345],[118.3204,-34.5299],[118.3203,-34.4975],[118.3242,-34.4975],[118.3234,-34.4863],[118.3216,-34.4669],[118.3094,-34.4669],[118.3094,-34.4609],[118.3028,-34.4609],[118.3028,-34.4669],[118.2938,-34.4669],[118.2939,-34.4793],[118.2827,-34.4792],[118.2767,-34.499],[118.2721,-34.5074],[118.2509,-34.5074],[118.251,-34.483],[118.2335,-34.483],[118.2345,-34.4982],[118.2287,-34.5128],[118.2215,-34.5186],[118.2215,-34.5265],[118.2006,-34.5265],[118.2005,-34.4787],[118.0297,-34.4788],[117.9383,-34.4794],[117.927,-34.4784],[117.801,-34.4792],[117.7577,-34.4792],[117.7497,-34.4816],[117.7486,-34.5267],[117.7473,-34.5491],[117.7298,-34.5505],[117.7133,-34.5489],[117.6927,-34.5489],[117.6881,-34.5336],[117.6737,-34.5348],[117.6016,-34.534],[117.5954,-34.5227],[117.5636,-34.522],[117.5631,-34.5323],[117.5029,-34.5323],[117.4932,-34.5216],[117.4726,-34.5529],[117.4725,-34.5409],[117.4549,-34.5409],[117.4549,-34.5323],[117.4416,-34.5303],[117.4417,-34.5615],[117.4206,-34.5632],[117.4312,-34.5562],[117.4336,-34.5488],[117.4238,-34.5441],[117.4238,-34.5321],[117.4074,-34.5315],[117.4076,-34.51],[117.4288,-34.5101],[117.4288,-34.5031],[117.4222,-34.5033],[117.4223,-34.4764],[117.3526,-34.4764],[117.3526,-34.4497],[117.3194,-34.4493],[117.3194,-34.4539],[117.2918,-34.4539],[117.2851,-34.4569],[117.2869,-34.4641],[117.2665,-34.4641],[117.2676,-34.4501],[117.2657,-34.4405],[117.2419,-34.4405],[117.2241,-34.4405],[117.2241,-34.4548],[117.1916,-34.4548],[117.1886,-34.4645],[117.1921,-34.4734],[117.1892,-34.4804],[117.1973,-34.4943],[117.1937,-34.5146],[117.1935,-34.5304],[117.1952,-34.537],[117.1912,-34.5423],[117.1841,-34.5423],[117.1785,-34.5458],[117.1734,-34.5581],[117.1672,-34.5619],[117.152,-34.5598],[117.1417,-34.5646],[117.1291,-34.5661],[117.1205,-34.5737],[117.1043,-34.5752],[117.0963,-34.5776],[117.0963,-34.5973],[117.1007,-34.5973],[117.1141,-34.6112],[117.1099,-34.634],[117.0787,-34.6335],[117.0917,-34.6463],[117.1036,-34.6449],[117.1217,-34.6469],[117.1196,-34.6569],[117.1264,-34.6673],[117.1149,-34.6817],[117.0987,-34.6875],[117.0947,-34.6861],[117.0685,-34.6837],[117.0657,-34.6851],[117.0683,-34.6955],[117.0724,-34.7022],[117.0529,-34.7184],[117.0514,-34.7231],[117.0454,-34.7239],[117.0206,-34.7453],[117.0147,-34.7537],[117.1606,-34.7537],[117.3229,-34.7536],[117.323,-34.7643],[117.3404,-34.7657],[117.3627,-34.7643],[117.3761,-34.7697],[117.4076,-34.7695],[117.4236,-34.7671],[117.4291,-34.7692],[117.4467,-34.769],[117.4501,-34.7645],[117.447,-34.7603],[117.4553,-34.7577],[117.474,-34.7575],[117.4881,-34.7636],[117.4882,-34.7681]]]}},{"type":"Feature","properties":{"pc":"6330"},"geometry":{"type":"MultiPolygon","coordinates":[[[[117.4633,-34.9706],[117.469,-34.9728],[117.4738,-34.9784],[117.4779,-34.9875],[117.4795,-34.9966],[117.4685,-35.0066],[117.4573,-35.0051],[117.4571,-35.0129],[117.4648,-35.0142],[117.4644,-35.0209],[117.4554,-35.0168],[117.4411,-35.022],[117.4291,-35.0218],[117.4162,-35.0143],[117.3979,-35.0073],[117.3959,-34.9993],[117.3842,-34.9995],[117.3654,-35.0024],[117.3397,-35.0142],[117.3332,-35.0189],[117.339,-35.0219],[117.3487,-35.0205],[117.3571,-35.0218],[117.3618,-35.0195],[117.3994,-35.035],[117.4035,-35.0351],[117.4234,-35.0447],[117.4388,-35.0543],[117.4541,-35.0613],[117.4804,-35.075],[117.4856,-35.0796],[117.4837,-35.0865],[117.4926,-35.09],[117.5039,-35.0831],[117.5124,-35.0831],[117.5142,-35.0746],[117.5244,-35.0741],[117.5604,-35.0874],[117.5754,-35.0953],[117.594,-35.1076],[117.5978,-35.1125],[117.6066,-35.1162],[117.6073,-35.1283],[117.6139,-35.1326],[117.6182,-35.1302],[117.6254,-35.1337],[117.6267,-35.1283],[117.6335,-35.1295],[117.6383,-35.1348],[117.6418,-35.1257],[117.635,-35.1245],[117.6285,-35.1122],[117.6372,-35.1005],[117.6372,-35.0886],[117.6514,-35.0821],[117.6435,-35.065],[117.6458,-35.0604],[117.6598,-35.0526],[117.6656,-35.0512],[117.6757,-35.0443],[117.6901,-35.0442],[117.6972,-35.0507],[117.7037,-35.05],[117.7081,-35.0453],[117.7203,-35.0459],[117.7517,-35.0515],[117.7739,-35.0585],[117.8317,-35.0836],[117.8515,-35.0948],[117.8515,-35.098],[117.8603,-35.1019],[117.8663,-35.1093],[117.8707,-35.1073],[117.8826,-35.1089],[117.8903,-35.1143],[117.8924,-35.1197],[117.9084,-35.1141],[117.9208,-35.1163],[117.9216,-35.1202],[117.9321,-35.1204],[117.9379,-35.1178],[117.9472,-35.1216],[117.9458,-35.1279],[117.953,-35.1271],[117.9537,-35.1223],[117.9657,-35.1175],[117.9701,-35.1121],[117.9672,-35.1041],[117.9748,-35.1025],[117.9758,-35.0988],[117.9978,-35.098],[118.006,-35.0988],[118.0101,-35.1042],[118.0176,-35.1001],[118.0129,-35.0934],[118.0025,-35.0876],[117.9791,-35.0964],[117.9654,-35.0942],[117.9587,-35.0953],[117.9521,-35.0924],[117.9444,-35.0921],[117.9393,-35.0886],[117.935,-35.0771],[117.935,-35.0649],[117.9388,-35.0592],[117.9326,-35.0556],[117.9252,-35.0568],[117.9161,-35.0504],[117.9117,-35.0531],[117.9284,-35.0638],[117.9274,-35.0743],[117.9206,-35.082],[117.9091,-35.0844],[117.8879,-35.0775],[117.8817,-35.0721],[117.8791,-35.0653],[117.8713,-35.0643],[117.8662,-35.0584],[117.854,-35.0561],[117.849,-35.0505],[117.8483,-35.0449],[117.8523,-35.0311],[117.8583,-35.0273],[117.8676,-35.027],[117.8778,-35.0299],[117.883,-35.0291],[117.9045,-35.0384],[117.9196,-35.0357],[117.9234,-35.0278],[117.9163,-35.0235],[117.9185,-35.0169],[117.9313,-35.0049],[117.9487,-34.9983],[117.9411,-34.9909],[117.9395,-34.983],[117.9462,-34.98],[117.9478,-34.9643],[117.945,-34.9564],[117.9489,-34.9436],[117.9591,-34.9479],[117.9642,-34.9475],[117.9787,-34.9531],[117.9737,-34.9614],[117.9801,-34.9776],[117.9799,-34.9905],[117.9722,-34.9953],[117.9512,-34.9967],[117.9488,-35.0019],[117.9533,-35.0077],[117.9617,-35.0131],[117.972,-35.0153],[117.9786,-35.0126],[118.0005,-35.0103],[118.0103,-35.0169],[118.0259,-35.0159],[118.0305,-35.0202],[118.0405,-35.0143],[118.0503,-35.0149],[118.0536,-35.0064],[118.061,-35.0028],[118.0624,-34.999],[118.0811,-34.9906],[118.1021,-34.986],[118.1356,-34.9884],[118.1509,-34.9906],[118.1687,-34.996],[118.1727,-35.0022],[118.1719,-35.0072],[118.1768,-35.0136],[118.1874,-35.0149],[118.1933,-35.0237],[118.2059,-35.0093],[118.2007,-34.9996],[118.2117,-34.9871],[118.2105,-34.9784],[118.1959,-34.9711],[118.1826,-34.9729],[118.1757,-34.9706],[118.1701,-34.9625],[118.1633,-34.96],[118.159,-34.9622],[118.1479,-34.9531],[118.1195,-34.9519],[118.1079,-34.9491],[118.0943,-34.9518],[118.1026,-34.9411],[118.1027,-34.8753],[118.1081,-34.8753],[118.1078,-34.8505],[118.0981,-34.8489],[118.0981,-34.8289],[118.0914,-34.8261],[118.0933,-34.8212],[118.1138,-34.8034],[118.1154,-34.7995],[118.1075,-34.7959],[118.0987,-34.7959],[118.0841,-34.7907],[118.0687,-34.7907],[118.0629,-34.7864],[118.058,-34.7874],[118.0358,-34.7869],[118.0423,-34.78],[118.0408,-34.7763],[118.0459,-34.771],[118.0464,-34.7647],[118.054,-34.7566],[118.0601,-34.7563],[118.0561,-34.7352],[118.0527,-34.7258],[118.0543,-34.7191],[118.0517,-34.715],[118.0563,-34.7097],[118.0778,-34.7081],[118.077,-34.6952],[118.0867,-34.696],[118.0859,-34.691],[118.0767,-34.6895],[118.0707,-34.682],[118.076,-34.6761],[118.0742,-34.6676],[118.0703,-34.6654],[118.0652,-34.6496],[118.0542,-34.6505],[118.0472,-34.6459],[118.0311,-34.6459],[118.0311,-34.6582],[118.0079,-34.6638],[118.0052,-34.6656],[117.9946,-34.6802],[117.9899,-34.6923],[117.9697,-34.696],[117.9697,-34.7202],[117.9678,-34.7375],[117.9663,-34.7381],[117.9662,-34.7623],[117.9574,-34.7632],[117.9563,-34.7499],[117.9526,-34.7465],[117.9346,-34.7465],[117.9346,-34.7665],[117.909,-34.7665],[117.909,-34.8181],[117.8553,-34.8181],[117.8566,-34.8294],[117.8693,-34.8343],[117.8699,-34.8512],[117.8539,-34.8512],[117.8538,-34.8476],[117.8233,-34.8476],[117.8233,-34.8512],[117.8092,-34.8512],[117.8092,-34.8454],[117.7564,-34.8454],[117.7564,-34.8389],[117.7443,-34.8437],[117.7525,-34.8597],[117.7631,-34.8689],[117.7805,-34.8937],[117.788,-34.9108],[117.7601,-34.9109],[117.7601,-34.9127],[117.739,-34.9141],[117.7146,-34.9141],[117.714,-34.9196],[117.7183,-34.9256],[117.7,-34.9245],[117.6796,-34.9418],[117.6603,-34.9265],[117.6304,-34.9265],[117.6304,-34.9206],[117.6218,-34.9206],[117.6218,-34.9264],[117.6048,-34.9264],[117.6061,-34.9378],[117.5937,-34.9355],[117.5711,-34.9436],[117.5596,-34.9411],[117.5563,-34.943],[117.537,-34.944],[117.5292,-34.9416],[117.5138,-34.9421],[117.4902,-34.945],[117.4751,-34.9448],[117.4677,-34.9504],[117.4633,-34.9706]]],[[[117.8939,-35.1853],[117.8941,-35.1786],[117.8837,-35.1774],[117.876,-35.1787],[117.8749,-35.1842],[117.8833,-35.1858],[117.8939,-35.1853]]]]}},{"type":"Feature","properties":{"pc":"6346"},"geometry":{"type":"Polygon","coordinates":[[[119.9001,-33.9695],[119.891,-33.9549],[119.9132,-33.9395],[119.9205,-33.9422],[119.948,-33.8138],[119.964,-33.8138],[119.9692,-33.8159],[119.9766,-33.8128],[119.9766,-33.8065],[119.9496,-33.8065],[119.9531,-33.7901],[119.9454,-33.79],[119.9453,-33.7846],[119.9542,-33.7846],[119.9521,-33.7776],[120.0784,-33.7775],[120.0893,-33.7899],[120.0893,-33.8186],[120.1031,-33.8244],[120.1159,-33.8236],[120.1159,-33.8191],[120.105,-33.8191],[120.105,-33.7865],[120.0833,-33.7608],[120.1018,-33.7608],[120.1124,-33.7527],[120.1189,-33.7514],[120.1366,-33.7697],[120.1427,-33.7738],[120.1902,-33.7738],[120.1894,-33.7779],[120.2211,-33.7772],[120.2719,-33.7555],[120.2721,-33.7458],[120.2788,-33.7443],[120.2934,-33.7459],[120.2899,-33.7533],[120.2885,-33.77],[120.274,-33.7728],[120.2706,-33.7871],[120.2586,-33.793],[120.2514,-33.8059],[120.244,-33.8162],[120.2465,-33.8212],[120.2579,-33.8342],[120.254,-33.8402],[120.244,-33.8636],[120.2356,-33.869],[120.2229,-33.8802],[120.2276,-33.8905],[120.2363,-33.9023],[120.247,-33.903],[120.247,-33.9133],[120.2409,-33.9133],[120.2349,-33.9174],[120.235,-33.933],[120.2534,-33.9342],[120.2611,-33.9362],[120.2993,-33.9414],[120.3156,-33.9423],[120.3356,-33.9481],[120.3655,-33.9527],[120.3961,-33.96],[120.4311,-33.9706],[120.4479,-33.9635],[120.4673,-33.9665],[120.4717,-33.9565],[120.4833,-33.9562],[120.5031,-33.9477],[120.5107,-33.9395],[120.53,-33.9309],[120.5464,-33.9262],[120.5566,-33.9246],[120.5566,-33.9187],[120.553,-33.9037],[120.5617,-33.8965],[120.5693,-33.8929],[120.5865,-33.8877],[120.602,-33.8859],[120.602,-33.8634],[120.538,-33.8621],[120.5374,-33.8605],[120.6277,-33.848],[120.6386,-33.8484],[120.6393,-33.7737],[120.5497,-33.6895],[120.549,-33.688],[120.5477,-33.6568],[120.5429,-33.6564],[120.5434,-33.5884],[120.5349,-33.561],[120.5378,-33.551],[120.5238,-33.5512],[120.5154,-33.5488],[120.4926,-33.5472],[120.3838,-33.5799],[120.3537,-33.5971],[120.3407,-33.5948],[120.3105,-33.6023],[120.288,-33.602],[120.2877,-33.5897],[120.2676,-33.5547],[120.2351,-33.5146],[120.218,-33.4928],[120.2161,-33.4825],[120.2184,-33.4536],[120.208,-33.4054],[120.2078,-33.3564],[120.209,-33.3549],[120.2089,-33.3331],[120.1993,-33.3052],[120.1754,-33.2506],[120.1146,-33.1804],[120.0956,-33.1559],[120.0841,-33.1451],[120.0612,-33.1192],[120.0596,-33.1204],[119.9722,-33.1676],[119.9793,-33.1773],[119.9794,-33.2379],[120.0027,-33.2379],[120.0027,-33.2539],[119.943,-33.2908],[119.8492,-33.342],[119.8531,-33.345],[119.8198,-33.3445],[119.8046,-33.3514],[119.7704,-33.3895],[119.6815,-33.3289],[119.6783,-33.329],[119.6098,-33.3897],[119.6024,-33.3954],[119.5432,-33.4477],[119.5411,-33.4478],[119.5246,-33.4624],[119.4525,-33.5117],[119.4437,-33.5258],[119.54,-33.5769],[119.5402,-33.5776],[119.5101,-33.6174],[119.492,-33.6349],[119.4815,-33.6562],[119.4404,-33.7107],[119.4552,-33.741],[119.4638,-33.7383],[119.4683,-33.7482],[119.4449,-33.7584],[119.431,-33.7633],[119.4485,-33.8032],[119.4558,-33.8008],[119.4923,-33.805],[119.4976,-33.8034],[119.4976,-33.8969],[119.3474,-33.8969],[119.254,-33.9829],[119.1835,-33.9822],[119.3182,-34.1241],[119.3182,-34.2744],[119.3182,-34.3705],[119.3238,-34.3742],[119.3409,-34.3742],[119.3409,-34.3844],[119.3692,-34.3848],[119.3777,-34.3859],[119.3863,-34.3909],[119.3999,-34.3939],[119.398,-34.3901],[119.401,-34.3834],[119.4137,-34.3742],[119.4275,-34.3691],[119.4419,-34.3665],[119.4528,-34.3717],[119.4531,-34.3787],[119.4649,-34.3789],[119.4687,-34.3752],[119.4825,-34.3752],[119.4914,-34.3847],[119.4925,-34.393],[119.4804,-34.4052],[119.4917,-34.4088],[119.4975,-34.4078],[119.5027,-34.4115],[119.5166,-34.4098],[119.5202,-34.4032],[119.5269,-34.4039],[119.537,-34.3931],[119.5445,-34.3933],[119.5475,-34.3896],[119.5573,-34.3906],[119.5705,-34.3896],[119.5769,-34.3864],[119.5739,-34.3794],[119.5688,-34.3765],[119.5503,-34.3801],[119.5446,-34.3836],[119.5398,-34.3817],[119.5313,-34.3725],[119.5286,-34.3672],[119.5197,-34.3629],[119.5176,-34.3594],[119.5076,-34.3592],[119.5018,-34.3467],[119.4989,-34.3239],[119.4998,-34.3085],[119.5032,-34.2903],[119.4942,-34.2894],[119.4868,-34.2952],[119.4797,-34.2893],[119.4694,-34.2891],[119.4654,-34.2947],[119.4606,-34.2952],[119.4571,-34.2891],[119.4704,-34.2854],[119.4807,-34.2797],[119.4905,-34.2823],[119.4933,-34.286],[119.5037,-34.288],[119.5067,-34.277],[119.5147,-34.2562],[119.5221,-34.2415],[119.531,-34.227],[119.5425,-34.2117],[119.5543,-34.1988],[119.557,-34.1977],[119.5695,-34.1849],[119.5723,-34.1842],[119.5878,-34.1709],[119.5786,-34.1671],[119.5781,-34.1626],[119.5816,-34.1529],[119.5885,-34.1436],[119.5984,-34.1338],[119.6211,-34.119],[119.6404,-34.1121],[119.6335,-34.1089],[119.6335,-34.1044],[119.6393,-34.0957],[119.6503,-34.0877],[119.6688,-34.0797],[119.6799,-34.0809],[119.6916,-34.0721],[119.6983,-34.0708],[119.7109,-34.0617],[119.724,-34.0586],[119.733,-34.0611],[119.7504,-34.0412],[119.7668,-34.0378],[119.7761,-34.028],[119.7814,-34.027],[119.788,-34.014],[119.788,-34.0054],[119.7936,-34.0033],[119.8047,-33.9908],[119.8235,-33.9815],[119.8313,-33.98],[119.8505,-33.9699],[119.8732,-33.9702],[119.9001,-33.9695]]]}},{"type":"Feature","properties":{"pc":"6369"},"geometry":{"type":"Polygon","coordinates":[[[118.9225,-31.9169],[118.851,-31.9173],[118.8401,-31.9122],[118.8139,-31.9121],[118.7876,-31.9085],[118.693,-31.9085],[118.6915,-31.9082],[118.5628,-31.9084],[118.5608,-31.9097],[118.5196,-31.91],[118.3797,-31.9102],[118.3524,-31.9113],[118.3524,-31.9225],[118.3178,-31.9207],[118.3182,-31.9839],[118.2938,-31.9839],[118.2939,-32.0238],[118.2638,-32.0238],[118.2682,-32.0636],[118.2447,-32.0639],[118.2448,-32.0814],[118.2275,-32.0816],[118.2274,-32.0893],[118.2167,-32.0893],[118.2167,-32.0989],[118.2911,-32.0973],[118.3404,-32.0973],[118.3404,-32.1065],[118.4723,-32.1067],[118.6285,-32.1069],[118.6286,-32.1359],[118.6633,-32.1572],[118.6682,-32.1592],[118.727,-32.159],[118.7549,-32.1705],[118.7935,-32.2037],[118.817,-32.2349],[118.8599,-32.2343],[118.8599,-32.2411],[118.8981,-32.2375],[118.9141,-32.2375],[118.9141,-32.2137],[119.1096,-32.2145],[119.1614,-32.2146],[119.179,-32.2034],[119.0876,-32.1004],[119.1852,-32.1003],[119.1852,-32.0819],[119.1759,-32.0819],[119.176,-32.0137],[119.1347,-32.0137],[119.1347,-31.9716],[119.1028,-31.9716],[119.1028,-31.9758],[119.0916,-31.9758],[119.0916,-31.9629],[119.0417,-31.9629],[119.0417,-31.9679],[118.9793,-31.968],[118.958,-31.9447],[118.9225,-31.9169]]]}},{"type":"Feature","properties":{"pc":"6401"},"geometry":{"type":"Polygon","coordinates":[[[116.5997,-31.7938],[116.6872,-31.7552],[116.7479,-31.7287],[116.7542,-31.7397],[116.7644,-31.732],[116.7761,-31.7273],[116.7856,-31.7433],[116.8122,-31.7317],[116.827,-31.7564],[116.8556,-31.744],[116.8595,-31.7539],[116.8649,-31.7516],[116.8736,-31.7649],[116.8742,-31.7374],[116.8808,-31.7355],[116.9232,-31.7171],[116.9162,-31.7065],[116.9096,-31.7092],[116.9039,-31.6994],[116.9146,-31.6998],[116.9363,-31.6941],[116.9438,-31.7069],[116.9531,-31.703],[116.9436,-31.6907],[116.9615,-31.683],[116.9562,-31.6739],[116.9463,-31.6748],[116.9493,-31.6651],[116.9404,-31.6506],[116.9435,-31.6473],[116.9394,-31.641],[116.9355,-31.6411],[116.9314,-31.634],[116.9128,-31.6065],[116.886,-31.5608],[116.889,-31.5595],[116.8781,-31.5413],[116.8749,-31.5337],[116.8623,-31.539],[116.8572,-31.53],[116.8479,-31.5309],[116.8449,-31.5257],[116.8604,-31.5192],[116.8531,-31.5066],[116.8626,-31.5026],[116.8552,-31.4895],[116.8718,-31.4825],[116.8776,-31.4912],[116.9658,-31.453],[116.9658,-31.4483],[116.991,-31.4482],[116.9912,-31.4269],[116.9895,-31.4084],[116.977,-31.4084],[116.977,-31.398],[116.9442,-31.4075],[116.9351,-31.3916],[116.8981,-31.4067],[116.8883,-31.4094],[116.8709,-31.4165],[116.8672,-31.4099],[116.8525,-31.416],[116.8466,-31.4053],[116.8272,-31.4232],[116.8159,-31.4038],[116.8168,-31.3886],[116.812,-31.3797],[116.8032,-31.3898],[116.7969,-31.3785],[116.7679,-31.3906],[116.7628,-31.3817],[116.7545,-31.3795],[116.7362,-31.3468],[116.7264,-31.3244],[116.7215,-31.3262],[116.7011,-31.3239],[116.6915,-31.3278],[116.6766,-31.3294],[116.6572,-31.341],[116.6212,-31.3566],[116.6068,-31.3568],[116.5978,-31.3952],[116.6012,-31.401],[116.5917,-31.4051],[116.5978,-31.4156],[116.5921,-31.418],[116.5996,-31.427],[116.5983,-31.4364],[116.6041,-31.4552],[116.5977,-31.4727],[116.5948,-31.4955],[116.6014,-31.5066],[116.5896,-31.5165],[116.5988,-31.5324],[116.5878,-31.5371],[116.5959,-31.551],[116.5795,-31.5595],[116.5868,-31.5719],[116.5244,-31.599],[116.5245,-31.5998],[116.4913,-31.6142],[116.5117,-31.6402],[116.4886,-31.6501],[116.4978,-31.6592],[116.5024,-31.6611],[116.5144,-31.6816],[116.5159,-31.6809],[116.5579,-31.6626],[116.5626,-31.6706],[116.56,-31.6782],[116.5686,-31.6974],[116.5657,-31.7021],[116.5565,-31.7096],[116.5469,-31.7108],[116.537,-31.7159],[116.5412,-31.723],[116.5393,-31.7297],[116.5448,-31.7301],[116.5485,-31.7345],[116.542,-31.7473],[116.5368,-31.7482],[116.5185,-31.756],[116.5523,-31.7737],[116.571,-31.7726],[116.5822,-31.7924],[116.5941,-31.7957],[116.5997,-31.7938]],[[116.7517,-31.6349],[116.7587,-31.6322],[116.7677,-31.6324],[116.769,-31.622],[116.7853,-31.6146],[116.7966,-31.6142],[116.8233,-31.6035],[116.84,-31.595],[116.8608,-31.6285],[116.8748,-31.6527],[116.8275,-31.6734],[116.8228,-31.6758],[116.8178,-31.6686],[116.7938,-31.6792],[116.7905,-31.6739],[116.7908,-31.6654],[116.7869,-31.6598],[116.7805,-31.6689],[116.766,-31.6447],[116.7595,-31.6476],[116.7517,-31.6349]]]}},{"type":"Feature","properties":{"pc":"6430"},"geometry":{"type":"Polygon","coordinates":[[[121.3748,-30.8222],[121.4016,-30.8028],[121.3969,-30.7933],[121.4236,-30.7778],[121.4407,-30.7999],[121.4473,-30.8026],[121.4784,-30.8032],[121.4912,-30.8007],[121.4891,-30.793],[121.4772,-30.7926],[121.4643,-30.7885],[121.4645,-30.7791],[121.4811,-30.7722],[121.49,-30.762],[121.4864,-30.7561],[121.4959,-30.7488],[121.4917,-30.7408],[121.4893,-30.7302],[121.4963,-30.7219],[121.4884,-30.7175],[121.565,-30.6505],[121.4415,-30.6505],[121.4537,-30.689],[121.4057,-30.6891],[121.4057,-30.6979],[121.3992,-30.6979],[121.3992,-30.707],[121.4057,-30.707],[121.4058,-30.7805],[121.3972,-30.7822],[121.3972,-30.7773],[121.3867,-30.7773],[121.3867,-30.7853],[121.3751,-30.7853],[121.3751,-30.7994],[121.3619,-30.8065],[121.3748,-30.8222]]]}},{"type":"Feature","properties":{"pc":"6450"},"geometry":{"type":"MultiPolygon","coordinates":[[[[121.6002,-34.0354],[121.606,-34.0393],[121.6127,-34.0347],[121.6087,-34.0246],[121.615,-34.0174],[121.6079,-34.0137],[121.6044,-34.0177],[121.6056,-34.0288],[121.6002,-34.0282],[121.6002,-34.0354]]],[[[120.602,-33.8859],[120.6391,-33.8917],[120.6489,-33.886],[120.669,-33.8849],[120.6806,-33.8856],[120.7113,-33.8932],[120.759,-33.8893],[120.7779,-33.886],[120.8072,-33.8889],[120.8249,-33.8777],[120.8398,-33.8723],[120.8403,-33.8663],[120.8502,-33.8617],[120.8687,-33.8562],[120.8856,-33.8574],[120.9062,-33.8614],[120.9168,-33.8661],[120.9187,-33.8705],[120.9265,-33.8656],[120.9398,-33.8623],[120.9537,-33.8657],[120.9802,-33.8688],[120.9866,-33.8668],[121.0087,-33.8708],[121.0094,-33.8633],[121.0139,-33.8609],[121.0428,-33.8572],[121.0543,-33.8575],[121.0728,-33.8601],[121.078,-33.8623],[121.0835,-33.8511],[121.0925,-33.8487],[121.1063,-33.8486],[121.1235,-33.8506],[121.1495,-33.8589],[121.1586,-33.865],[121.172,-33.8668],[121.1805,-33.8661],[121.188,-33.8622],[121.1933,-33.8555],[121.1938,-33.8478],[121.2,-33.8441],[121.2182,-33.8423],[121.2553,-33.8468],[121.2689,-33.8505],[121.2739,-33.8483],[121.2786,-33.8416],[121.2867,-33.8425],[121.2965,-33.8391],[121.2989,-33.8251],[121.3182,-33.8211],[121.3292,-33.8226],[121.3483,-33.8279],[121.351,-33.8194],[121.3615,-33.8154],[121.3744,-33.8157],[121.3993,-33.8188],[121.4284,-33.8275],[121.4292,-33.8231],[121.4385,-33.8202],[121.4594,-33.8257],[121.4653,-33.8227],[121.4834,-33.8281],[121.4971,-33.8345],[121.5048,-33.8396],[121.5159,-33.8338],[121.5269,-33.833],[121.5316,-33.8257],[121.5524,-33.8295],[121.5632,-33.8339],[121.5855,-33.8447],[121.62,-33.8644],[121.6329,-33.8732],[121.6466,-33.8874],[121.6436,-33.8959],[121.6481,-33.8968],[121.6518,-33.8889],[121.6622,-33.884],[121.6679,-33.8763],[121.6748,-33.8745],[121.6723,-33.8684],[121.678,-33.8625],[121.6854,-33.8611],[121.7009,-33.8623],[121.7424,-33.8782],[121.7751,-33.8972],[121.786,-33.9082],[121.7942,-33.909],[121.7952,-33.9047],[121.8017,-33.9001],[121.8216,-33.8966],[121.826,-33.8906],[121.8358,-33.8872],[121.8508,-33.8884],[121.8626,-33.8872],[121.8634,-33.8819],[121.8745,-33.8768],[121.8845,-33.8792],[121.8874,-33.8826],[121.899,-33.8793],[121.9018,-33.8726],[121.8954,-33.8693],[121.894,-33.8635],[121.9015,-33.8537],[121.9026,-33.8471],[121.9073,-33.842],[121.9151,-33.8382],[121.9334,-33.8343],[121.9561,-33.8335],[121.9693,-33.8364],[121.9865,-33.8377],[121.9834,-33.8332],[121.9882,-33.8283],[121.9956,-33.8284],[122.0084,-33.8317],[122.0308,-33.845],[122.0401,-33.8531],[122.0461,-33.8625],[122.0572,-33.8699],[122.0787,-33.8933],[122.0854,-33.9028],[122.0916,-33.9166],[122.1002,-33.9393],[122.1139,-33.9649],[122.119,-33.98],[122.1099,-33.9925],[122.1057,-33.9908],[122.0932,-33.9939],[122.0975,-33.9987],[122.1093,-33.9988],[122.1137,-34.0046],[122.1095,-34.0142],[122.1136,-34.0172],[122.1368,-34.0066],[122.1444,-34.0142],[122.156,-34.0137],[122.1611,-34.0029],[122.1721,-34.0041],[122.1715,-34.0114],[122.1967,-34.0072],[122.2013,-33.9985],[122.2105,-34.0019],[122.2244,-33.995],[122.2292,-33.9879],[122.238,-33.9903],[122.2473,-33.9974],[122.2494,-34.0046],[122.2576,-33.9988],[122.266,-33.9959],[122.2721,-33.9989],[122.2807,-33.9898],[122.2728,-33.9844],[122.2683,-33.9681],[122.2745,-33.9595],[122.2878,-33.949],[122.3028,-33.9425],[122.3106,-33.9363],[122.3205,-33.931],[122.3329,-33.9272],[122.3415,-33.9265],[122.3459,-33.9328],[122.3511,-33.9312],[122.3493,-33.9218],[122.3592,-33.9147],[122.3753,-33.9116],[122.3993,-33.9119],[122.4444,-33.9192],[122.4654,-33.9257],[122.4788,-33.9322],[122.4883,-33.9345],[122.4932,-33.9393],[122.4986,-33.936],[122.5066,-33.9406],[122.5125,-33.9536],[122.5213,-33.9499],[122.5271,-33.9399],[122.5412,-33.9346],[122.5576,-33.9366],[122.5641,-33.9461],[122.575,-33.9483],[122.5715,-33.9614],[122.5782,-33.9606],[122.577,-33.9522],[122.5857,-33.9451],[122.5903,-33.9438],[122.5947,-33.9355],[122.5878,-33.935],[122.5849,-33.9278],[122.58,-33.9246],[122.58,-33.9193],[122.5861,-33.9116],[122.5952,-33.9078],[122.6003,-33.9004],[122.6134,-33.8941],[122.6272,-33.8917],[122.6414,-33.8918],[122.6481,-33.8943],[122.6552,-33.8888],[122.6698,-33.8886],[122.6862,-33.8898],[122.6957,-33.8925],[122.7084,-33.8901],[122.7273,-33.8927],[122.7349,-33.8919],[122.7428,-33.8961],[122.7503,-33.8921],[122.7484,-33.8876],[122.7546,-33.8813],[122.7675,-33.8777],[122.7822,-33.8788],[122.7932,-33.8816],[122.8127,-33.8894],[122.8239,-33.8996],[122.8257,-33.9067],[122.8306,-33.9097],[122.839,-33.9048],[122.8478,-33.9052],[122.8498,-33.9022],[122.8672,-33.8995],[122.8796,-33.9006],[122.8849,-33.8963],[122.9058,-33.8892],[122.9351,-33.8861],[122.9514,-33.8872],[122.9484,-33.7995],[122.962,-33.799],[122.978,-33.7966],[123.0027,-33.8015],[123.0139,-33.8059],[123.0175,-33.811],[123.0789,-33.811],[123.088,-33.8129],[123.1967,-33.8127],[123.2467,-33.8129],[123.2465,-33.7285],[123.2465,-33.548],[123.1781,-33.492],[123.0758,-33.4082],[123.0976,-33.3485],[123.0814,-33.3124],[123.0963,-33.3017],[123.0466,-33.2571],[122.9641,-33.3164],[122.8696,-33.2382],[122.8011,-33.1776],[122.78,-33.1602],[122.7397,-33.1351],[122.6858,-33.1793],[122.6173,-33.2358],[122.5008,-33.3352],[122.5357,-33.3687],[122.5411,-33.3843],[122.5633,-33.396],[122.5651,-33.4029],[122.5745,-33.4161],[122.5893,-33.4282],[122.5948,-33.4383],[122.6073,-33.4537],[122.6078,-33.4593],[122.5951,-33.4668],[122.5656,-33.4821],[122.5639,-33.4936],[122.5197,-33.5316],[122.4651,-33.5778],[122.4462,-33.561],[122.4305,-33.5395],[122.424,-33.521],[122.4076,-33.5061],[122.3863,-33.4764],[122.3797,-33.462],[122.3731,-33.4568],[122.3577,-33.4711],[122.3525,-33.4788],[122.3441,-33.4863],[122.3239,-33.4875],[122.2797,-33.5139],[122.2775,-33.5121],[122.2401,-33.545],[122.2438,-33.5503],[122.1766,-33.5965],[122.1757,-33.5944],[122.0893,-33.5357],[122.0694,-33.5155],[122.0418,-33.5123],[121.9918,-33.4989],[121.9918,-33.5162],[121.9912,-33.5255],[121.9799,-33.5351],[121.9799,-33.543],[121.9918,-33.5543],[121.9918,-33.6527],[121.9921,-33.6831],[121.9849,-33.7093],[121.9796,-33.7321],[121.9429,-33.7321],[121.9429,-33.7354],[121.9057,-33.7353],[121.9057,-33.73],[121.8818,-33.73],[121.8818,-33.7332],[121.8486,-33.7341],[121.8455,-33.7281],[121.821,-33.7281],[121.821,-33.75],[121.7278,-33.7498],[121.7033,-33.7426],[121.6897,-33.7357],[121.6656,-33.733],[121.6656,-33.6984],[121.681,-33.692],[121.6843,-33.689],[121.6952,-33.6861],[121.7121,-33.679],[121.7121,-33.6196],[121.6545,-33.6196],[121.6549,-33.5715],[121.6277,-33.5715],[121.6277,-33.5174],[121.5192,-33.5171],[121.5191,-33.5189],[121.4766,-33.5189],[121.4659,-33.5067],[121.4492,-33.5153],[121.4491,-33.529],[121.4602,-33.5289],[121.4602,-33.5715],[121.3989,-33.5717],[121.3739,-33.5801],[121.3416,-33.58],[121.254,-33.5453],[121.2001,-33.5244],[121.2548,-33.4484],[121.2559,-33.4475],[121.3123,-33.3692],[121.3125,-33.3493],[121.2773,-33.3141],[121.2757,-33.3118],[121.235,-33.2211],[121.2321,-33.2193],[121.1735,-33.2381],[121.1113,-33.2527],[121.1078,-33.2549],[121.0822,-33.2609],[120.9912,-33.2989],[120.9891,-33.3015],[120.882,-33.3459],[120.8389,-33.3472],[120.791,-33.3672],[120.7717,-33.3692],[120.7721,-33.2544],[120.7501,-33.246],[120.7378,-33.2308],[120.7246,-33.2221],[120.687,-33.2152],[120.6648,-33.215],[120.6028,-33.23],[120.5105,-33.2437],[120.4495,-33.2136],[120.3926,-33.2031],[120.2804,-33.1625],[120.245,-33.1611],[120.2101,-33.1488],[120.1901,-33.1379],[120.1273,-33.1071],[120.0935,-33.0851],[120.0853,-33.079],[120.0275,-33.0804],[120.0612,-33.1192],[120.0841,-33.1451],[120.0956,-33.1559],[120.1146,-33.1804],[120.1754,-33.2506],[120.1993,-33.3052],[120.2089,-33.3331],[120.209,-33.3549],[120.2078,-33.3564],[120.208,-33.4054],[120.2184,-33.4536],[120.2161,-33.4825],[120.218,-33.4928],[120.2351,-33.5146],[120.2676,-33.5547],[120.2877,-33.5897],[120.288,-33.602],[120.3105,-33.6023],[120.3407,-33.5948],[120.3537,-33.5971],[120.3838,-33.5799],[120.4926,-33.5472],[120.5154,-33.5488],[120.5238,-33.5512],[120.5378,-33.551],[120.5349,-33.561],[120.5434,-33.5884],[120.5429,-33.6564],[120.5477,-33.6568],[120.549,-33.688],[120.5497,-33.6895],[120.6393,-33.7737],[120.6386,-33.8484],[120.6277,-33.848],[120.5374,-33.8605],[120.538,-33.8621],[120.602,-33.8634],[120.602,-33.8859]]],[[[121.7902,-33.9259],[121.7951,-33.9294],[121.7973,-33.9181],[121.7899,-33.9184],[121.7902,-33.9259]]],[[[121.6796,-33.9911],[121.6857,-33.99],[121.6864,-33.9839],[121.6791,-33.9855],[121.6796,-33.9911]]],[[[121.6689,-34.0021],[121.677,-34.0023],[121.6863,-34.0092],[121.6896,-34.0051],[121.6789,-33.9941],[121.6701,-33.9944],[121.6689,-34.0021]]],[[[121.8727,-33.9257],[121.8818,-33.9254],[121.884,-33.9207],[121.8732,-33.9193],[121.8727,-33.9257]]],[[[121.9918,-33.9232],[122.0003,-33.9191],[121.9951,-33.9156],[121.9891,-33.9176],[121.9918,-33.9232]]],[[[122.7995,-34.0135],[122.812,-34.0062],[122.8082,-34.0016],[122.7989,-34.0054],[122.7995,-34.0135]]],[[[122.8354,-33.9892],[122.8341,-33.9926],[122.8185,-33.9999],[122.8237,-34.0036],[122.828,-33.9986],[122.836,-33.9948],[122.8491,-33.9929],[122.853,-33.9853],[122.8458,-33.9825],[122.8354,-33.9892]]],[[[122.0038,-33.9692],[122.0152,-33.9679],[122.0234,-33.9596],[122.0145,-33.9578],[122.0121,-33.9547],[122.0036,-33.9559],[122.0064,-33.9616],[122.0038,-33.9692]]],[[[121.9913,-33.9922],[122.0029,-33.9852],[121.9927,-33.9828],[121.9871,-33.9889],[121.9913,-33.9922]]],[[[122.0977,-34.0642],[122.1065,-34.0671],[122.1054,-34.0595],[122.0977,-34.0642]]],[[[122.0093,-34.0228],[121.9916,-34.0298],[121.9876,-34.0378],[121.9895,-34.0427],[121.9994,-34.0394],[121.9979,-34.0353],[122.0048,-34.0323],[122.0093,-34.0228]]],[[[121.9534,-34.0492],[121.9668,-34.0534],[121.9738,-34.0499],[121.9723,-34.0445],[121.9578,-34.045],[121.9534,-34.0492]]],[[[121.9911,-34.0614],[121.984,-34.0604],[121.9767,-34.0632],[121.9869,-34.0686],[121.9962,-34.0654],[121.9911,-34.0614]]],[[[121.9736,-34.1181],[121.979,-34.1226],[121.9841,-34.1175],[121.9804,-34.1135],[121.9736,-34.1181]]],[[[122.0535,-34.1411],[122.049,-34.1372],[122.0435,-34.1405],[122.0513,-34.1448],[122.0535,-34.1411]]],[[[122.1381,-34.0333],[122.1488,-34.0369],[122.1511,-34.0308],[122.1371,-34.0269],[122.1381,-34.0333]]],[[[122.2374,-34.1345],[122.2389,-34.1415],[122.2354,-34.1585],[122.2463,-34.1613],[122.2493,-34.155],[122.2492,-34.1451],[122.2562,-34.1429],[122.2526,-34.1279],[122.2581,-34.1216],[122.2481,-34.1204],[122.2469,-34.1142],[122.2314,-34.1086],[122.2312,-34.113],[122.2385,-34.1199],[122.2374,-34.1345]]]]}},{"type":"Feature","properties":{"pc":"6510"},"geometry":{"type":"Polygon","coordinates":[[[116.3148,-30.7443],[116.3146,-30.7098],[116.3263,-30.7101],[116.3263,-30.686],[116.3052,-30.686],[116.301,-30.6848],[116.3101,-30.6728],[116.3109,-30.6574],[116.3141,-30.6495],[116.303,-30.6499],[116.3029,-30.6401],[116.3008,-30.6233],[116.2978,-30.6171],[116.2974,-30.6026],[116.2868,-30.6016],[116.2867,-30.5984],[116.2693,-30.5974],[116.2586,-30.5943],[116.2535,-30.59],[116.2472,-30.5762],[116.2363,-30.5741],[116.2364,-30.5682],[116.2277,-30.5634],[116.2279,-30.49],[116.2257,-30.49],[116.1767,-30.4901],[116.1692,-30.484],[116.1645,-30.4845],[116.1599,-30.4903],[116.1366,-30.4903],[116.1291,-30.4771],[116.1261,-30.4659],[116.107,-30.4659],[116.1025,-30.4688],[116.1025,-30.5116],[116.086,-30.508],[116.08,-30.5052],[116.0704,-30.504],[116.0549,-30.5057],[116.0306,-30.5056],[116.0279,-30.5188],[115.9803,-30.5188],[115.9694,-30.5162],[115.9551,-30.5162],[115.9522,-30.5231],[115.9022,-30.5231],[115.8875,-30.5234],[115.8874,-30.5513],[115.9019,-30.5513],[115.9018,-30.583],[115.921,-30.583],[115.921,-30.6135],[115.9217,-30.6164],[115.9071,-30.6149],[115.907,-30.6555],[115.9267,-30.6556],[115.9267,-30.6676],[115.9309,-30.6676],[115.9308,-30.6882],[115.9375,-30.6882],[115.9374,-30.7098],[115.9345,-30.7098],[115.9341,-30.7847],[115.9342,-30.8432],[115.934,-30.9314],[115.9399,-30.9322],[115.9552,-30.9357],[115.9663,-30.9343],[115.9959,-30.9352],[115.9958,-30.9507],[116.0527,-30.9507],[116.0505,-30.9589],[116.0423,-30.965],[116.0413,-30.9684],[116.0735,-30.9697],[116.1213,-30.971],[116.1212,-30.9499],[116.1176,-30.9479],[116.1369,-30.9184],[116.1367,-30.887],[116.1355,-30.8612],[116.1984,-30.8613],[116.198,-30.851],[116.1939,-30.8511],[116.1939,-30.8293],[116.2076,-30.8293],[116.2076,-30.7444],[116.3148,-30.7443]]]}},{"type":"Feature","properties":{"pc":"6516"},"geometry":{"type":"Polygon","coordinates":[[[115.0039,-30.1442],[115.003,-30.1486],[115.0062,-30.1592],[115.0026,-30.165],[115.0037,-30.1719],[114.9995,-30.175],[114.9985,-30.1829],[114.9949,-30.1869],[114.9974,-30.2],[114.9929,-30.2077],[114.9975,-30.2103],[114.9967,-30.2166],[114.999,-30.2239],[115.0032,-30.2279],[115.0249,-30.235],[115.0298,-30.2389],[115.0371,-30.2532],[115.0422,-30.2736],[115.0428,-30.2826],[115.0388,-30.3002],[115.0329,-30.3064],[115.0238,-30.3112],[115.0205,-30.3172],[115.036,-30.3299],[115.0419,-30.3376],[115.0426,-30.3489],[115.0472,-30.3619],[115.0498,-30.3768],[115.0515,-30.3954],[115.0501,-30.4217],[115.0567,-30.4394],[115.0624,-30.4486],[115.0627,-30.4578],[115.0701,-30.4732],[115.0714,-30.4809],[115.0883,-30.4809],[115.0895,-30.4909],[115.1031,-30.4795],[115.1119,-30.4652],[115.1226,-30.4369],[115.1354,-30.4277],[115.1388,-30.4204],[115.1606,-30.4003],[115.1769,-30.3941],[115.2195,-30.3943],[115.2314,-30.3919],[115.2012,-30.3109],[115.193,-30.3001],[115.1957,-30.2917],[115.1904,-30.2809],[115.1306,-30.1633],[115.1263,-30.1558],[115.1161,-30.1538],[115.1082,-30.1496],[115.1097,-30.1447],[115.1232,-30.1361],[115.1238,-30.1331],[115.1226,-30.1064],[115.0875,-30.1063],[115.0793,-30.1059],[115.0794,-30.0743],[115.0376,-30.0744],[115.0377,-30.1119],[115.0437,-30.1119],[115.0438,-30.1448],[115.0039,-30.1442]]]}},{"type":"Feature","properties":{"pc":"6530"},"geometry":{"type":"MultiPolygon","coordinates":[[[[114.616,-28.7085],[114.6199,-28.7275],[114.6178,-28.7498],[114.6147,-28.7626],[114.6057,-28.7743],[114.5961,-28.7767],[114.5883,-28.7755],[114.5762,-28.7785],[114.5765,-28.7846],[114.5904,-28.7848],[114.5962,-28.7908],[114.6109,-28.7941],[114.6196,-28.8063],[114.6261,-28.8245],[114.6295,-28.8236],[114.64,-28.8366],[114.6429,-28.8238],[114.6393,-28.8148],[114.6443,-28.8108],[114.6444,-28.8052],[114.6529,-28.8052],[114.6527,-28.79],[114.6632,-28.7862],[114.6671,-28.7797],[114.6702,-28.7691],[114.6871,-28.7668],[114.6919,-28.7703],[114.692,-28.7202],[114.6956,-28.7189],[114.6967,-28.7003],[114.7044,-28.6833],[114.6988,-28.6792],[114.6839,-28.6855],[114.6842,-28.6796],[114.6797,-28.6715],[114.682,-28.6619],[114.6628,-28.6645],[114.6569,-28.668],[114.6294,-28.6678],[114.6309,-28.7234],[114.6267,-28.7192],[114.6235,-28.7085],[114.616,-28.7085]]],[[[113.7879,-28.7139],[113.7862,-28.7094],[113.7799,-28.7099],[113.7838,-28.7176],[113.7879,-28.7139]]],[[[113.6862,-28.4826],[113.6955,-28.4843],[113.6963,-28.4698],[113.7043,-28.4676],[113.7061,-28.4603],[113.7011,-28.4491],[113.6962,-28.4482],[113.6833,-28.4554],[113.687,-28.4669],[113.6849,-28.469],[113.6862,-28.4826]]],[[[113.5891,-28.3022],[113.5994,-28.3075],[113.6031,-28.3007],[113.5988,-28.2931],[113.5928,-28.2911],[113.5888,-28.2961],[113.5891,-28.3022]]],[[[113.7197,-28.4455],[113.7307,-28.4429],[113.7379,-28.437],[113.7322,-28.4287],[113.7202,-28.4287],[113.7159,-28.4338],[113.7197,-28.4455]]],[[[114.7056,-28.8132],[114.6915,-28.7997],[114.6728,-28.7897],[114.6668,-28.7899],[114.6827,-28.8092],[114.6934,-28.8165],[114.7056,-28.8132]]]]}},{"type":"Feature","properties":{"pc":"6725"},"geometry":{"type":"MultiPolygon","coordinates":[[[[122.181,-17.974],[122.1813,-17.9801],[122.1911,-17.9861],[122.1933,-17.9965],[122.1999,-18.001],[122.205,-18.0074],[122.211,-18.0025],[122.207,-17.9975],[122.2108,-17.9892],[122.2234,-17.977],[122.235,-17.9722],[122.2429,-17.9642],[122.2473,-17.9529],[122.2606,-17.9601],[122.2741,-17.9634],[122.3017,-17.9736],[122.3309,-17.9764],[122.336,-17.9799],[122.3434,-17.9786],[122.3485,-17.9752],[122.3537,-17.9761],[122.3621,-17.9828],[122.3726,-17.9937],[122.3771,-18.0193],[122.3794,-18.0251],[122.3795,-18.0418],[122.3819,-18.0533],[122.379,-18.0629],[122.381,-18.0707],[122.377,-18.0788],[122.3785,-18.0833],[122.3749,-18.1036],[122.3717,-18.1062],[122.3703,-18.1164],[122.3626,-18.1283],[122.3532,-18.1356],[122.3445,-18.1464],[122.3289,-18.1571],[122.3191,-18.1654],[122.3138,-18.1728],[122.3054,-18.1708],[122.2858,-18.1795],[122.2659,-18.1833],[122.2572,-18.1865],[122.2526,-18.1918],[122.2412,-18.1995],[122.2348,-18.1972],[122.2302,-18.2013],[122.2146,-18.204],[122.2049,-18.2174],[122.2121,-18.2237],[122.212,-18.2286],[122.2066,-18.2394],[122.1983,-18.2307],[122.1879,-18.2351],[122.183,-18.2394],[122.1718,-18.2662],[122.1662,-18.2666],[122.1546,-18.2852],[122.1479,-18.2906],[122.1376,-18.3015],[122.13,-18.3074],[122.1228,-18.3106],[122.0995,-18.3152],[122.0853,-18.3267],[122.0732,-18.3252],[122.0635,-18.3258],[122.0582,-18.3333],[122.0538,-18.3439],[122.046,-18.3573],[122.0364,-18.3644],[122.0307,-18.3745],[122.0263,-18.3778],[122.0174,-18.3905],[122.0119,-18.3923],[122.0004,-18.4028],[121.9957,-18.4043],[121.9826,-18.4048],[121.9787,-18.4104],[121.9602,-18.4286],[121.9467,-18.4393],[121.9396,-18.4395],[121.929,-18.4485],[121.9245,-18.4497],[121.9084,-18.4615],[121.898,-18.4662],[121.872,-18.4717],[121.8637,-18.4694],[121.8542,-18.4639],[121.8454,-18.4551],[121.8442,-18.4498],[121.8394,-18.4437],[121.8328,-18.4472],[121.8234,-18.4468],[121.8152,-18.4511],[121.8131,-18.456],[121.8006,-18.47],[121.7923,-18.4825],[121.7912,-18.4922],[121.7982,-18.4984],[121.8011,-18.5065],[121.8124,-18.4924],[121.8169,-18.4924],[121.8078,-18.5097],[121.8019,-18.5158],[121.7903,-18.521],[121.7935,-18.5124],[121.7983,-18.5091],[121.7909,-18.5038],[121.785,-18.5103],[121.7815,-18.522],[121.7723,-18.5402],[121.7648,-18.5528],[121.7566,-18.5612],[121.7433,-18.5663],[121.7426,-18.57],[121.7306,-18.5714],[121.7297,-18.5792],[121.7422,-18.5838],[121.7558,-18.585],[121.7629,-18.5942],[121.7721,-18.5961],[121.7838,-18.6108],[121.7871,-18.6196],[121.786,-18.6343],[121.7879,-18.6409],[121.7923,-18.6426],[121.794,-18.6536],[121.7893,-18.6612],[121.7829,-18.66],[121.7669,-18.673],[121.7558,-18.672],[121.7493,-18.678],[121.7425,-18.6899],[121.7394,-18.6994],[121.7345,-18.6969],[121.7193,-18.7059],[121.7079,-18.7067],[121.699,-18.6987],[121.6946,-18.7056],[121.6813,-18.7125],[121.6748,-18.7179],[121.6695,-18.719],[121.6639,-18.7119],[121.654,-18.7062],[121.6394,-18.71],[121.6258,-18.7093],[121.6279,-18.6998],[121.6193,-18.7048],[121.6175,-18.7199],[121.6196,-18.7416],[121.6345,-18.7433],[121.6416,-18.7509],[121.6469,-18.7527],[121.6498,-18.7577],[121.6522,-18.7729],[121.6497,-18.7859],[121.6455,-18.7959],[121.6458,-18.7994],[121.6536,-18.8083],[121.6549,-18.8151],[121.6489,-18.8159],[121.6346,-18.8269],[121.6313,-18.84],[121.6267,-18.8436],[121.6219,-18.8578],[121.6129,-18.8692],[121.6027,-18.8692],[121.6032,-18.8784],[121.5993,-18.9049],[121.5921,-18.9205],[121.5778,-18.9435],[121.5882,-18.9433],[121.5782,-18.9509],[121.5662,-18.9472],[121.5616,-18.942],[121.5543,-18.9418],[121.5534,-18.9462],[121.5611,-18.955],[121.5646,-18.9692],[121.5604,-18.9835],[121.554,-18.9986],[121.5366,-19.0276],[121.5261,-19.0397],[121.5191,-19.0461],[121.5242,-19.0482],[121.5254,-19.0531],[121.5206,-19.0712],[121.5111,-19.0939],[121.504,-19.1061],[121.4999,-19.1099],[121.4911,-19.1244],[121.4777,-19.1433],[121.4596,-19.1711],[121.4464,-19.1894],[121.4383,-19.202],[121.4189,-19.2278],[121.4154,-19.2345],[121.3918,-19.2652],[121.3785,-19.2842],[121.3632,-19.3025],[121.3419,-19.3312],[121.3248,-19.3509],[121.3087,-19.3677],[121.294,-19.3811],[121.2791,-19.3976],[121.2721,-19.4039],[121.2577,-19.4211],[121.2416,-19.4372],[121.2101,-19.4663],[121.2,-19.4748],[121.1835,-19.4867],[121.1703,-19.4975],[121.1632,-19.5012],[121.1484,-19.5138],[121.133,-19.5235],[121.1284,-19.5284],[121.1139,-19.5386],[121.0924,-19.5503],[121.0713,-19.5662],[121.0551,-19.5748],[121.0393,-19.5863],[121.0287,-19.5909],[121.0112,-19.6015],[120.9954,-19.6128],[120.9819,-19.621],[120.9615,-19.632],[120.9493,-19.6355],[120.9363,-19.6419],[120.9118,-19.6512],[120.894,-19.6592],[120.872,-19.6677],[120.8529,-19.6733],[120.8448,-19.6784],[120.8211,-19.6868],[120.7586,-19.7146],[120.7413,-19.7209],[120.7237,-19.7294],[120.708,-19.7359],[120.6901,-19.7446],[120.6741,-19.7507],[120.631,-19.77],[120.6002,-19.7794],[120.568,-19.7862],[120.5434,-19.7961],[120.5389,-19.7987],[120.5206,-19.8053],[120.5108,-19.8069],[120.4977,-19.8125],[120.4821,-19.8168],[120.4677,-19.8241],[120.4615,-19.8247],[120.4351,-19.8346],[120.4097,-19.8455],[120.3839,-19.8508],[120.3505,-19.8634],[120.323,-19.8757],[120.2957,-19.8846],[120.2901,-19.8849],[120.2684,-19.8925],[120.2456,-19.8988],[120.2332,-19.903],[120.1959,-19.9139],[120.1822,-19.9147],[120.1508,-19.9152],[120.1439,-19.9129],[120.1295,-19.913],[120.0974,-19.9193],[120.0875,-19.922],[120.0819,-19.9212],[120.0641,-19.9256],[120.0641,-20.07],[120.4455,-20.0685],[120.4894,-20.0702],[120.6669,-20.07],[120.6848,-19.875],[120.7867,-19.875],[120.7867,-19.9066],[121.1139,-19.9066],[121.1139,-19.7947],[121.4231,-19.7944],[121.4232,-19.8269],[121.5013,-19.8268],[121.5029,-19.8529],[121.6969,-19.8528],[121.6969,-19.7905],[123.566,-19.7941],[123.5663,-19.4955],[123.5484,-18.9986],[123.5487,-18.9417],[123.5503,-18.7542],[123.4043,-18.7541],[123.4043,-18.6632],[123.5252,-18.6633],[123.5111,-18.4982],[123.3463,-18.4982],[123.3486,-18.2722],[123.1486,-18.2722],[123.1486,-18.0753],[123.1486,-17.9986],[123.1483,-17.9903],[123.2459,-17.9903],[123.2459,-17.8145],[123.1653,-17.8148],[123.1653,-17.6464],[123.1777,-17.6464],[123.1777,-17.6318],[123.1653,-17.6318],[123.1653,-17.4597],[123.1894,-17.4598],[123.19,-17.3658],[123.1747,-17.3659],[123.1673,-17.2739],[123.029,-17.2745],[123.029,-17.2331],[123.0857,-17.2331],[123.1863,-17.2333],[123.2653,-17.2338],[123.3793,-17.2341],[123.3719,-17.2251],[123.3618,-17.2069],[123.3546,-17.1814],[123.3446,-17.1627],[123.3371,-17.1531],[123.3227,-17.1401],[123.3014,-17.1157],[123.2906,-17.1077],[123.288,-17.0945],[123.2822,-17.0799],[123.2851,-17.0746],[123.2817,-17.0524],[123.2782,-17.0411],[123.2782,-17.0355],[123.267,-17.0207],[123.2634,-17.0118],[123.256,-17.006],[123.2415,-16.9871],[123.2355,-16.9707],[123.2172,-16.9577],[123.2027,-16.9463],[123.1872,-16.9374],[123.1686,-16.9249],[123.1563,-16.9224],[123.1491,-16.9247],[123.1483,-16.9202],[123.1528,-16.9126],[123.1486,-16.9087],[123.1504,-16.8878],[123.1536,-16.8784],[123.1611,-16.862],[123.1661,-16.8588],[123.1719,-16.8622],[123.1729,-16.8496],[123.1675,-16.8506],[123.1621,-16.8466],[123.162,-16.8401],[123.1654,-16.8371],[123.1595,-16.8318],[123.1614,-16.8179],[123.1579,-16.8074],[123.1529,-16.8015],[123.1477,-16.8021],[123.1348,-16.7907],[123.1273,-16.7871],[123.1199,-16.7873],[123.1123,-16.7946],[123.106,-16.7897],[123.1106,-16.7839],[123.1078,-16.7726],[123.1036,-16.7672],[123.102,-16.7514],[123.1035,-16.7453],[123.1078,-16.7425],[123.1188,-16.7315],[123.1334,-16.7372],[123.1358,-16.7323],[123.1385,-16.7189],[123.1451,-16.7084],[123.1413,-16.6928],[123.1372,-16.6955],[123.1371,-16.7013],[123.1266,-16.7111],[123.1151,-16.7138],[123.1053,-16.7127],[123.0935,-16.7084],[123.0922,-16.7046],[123.0849,-16.6983],[123.0865,-16.6891],[123.0811,-16.6892],[123.0744,-16.6945],[123.0708,-16.6913],[123.0621,-16.6942],[123.0506,-16.6908],[123.0493,-16.6838],[123.0386,-16.6756],[123.0369,-16.6652],[123.0411,-16.6555],[123.0348,-16.6526],[123.0326,-16.6463],[123.0368,-16.639],[123.0353,-16.632],[123.0387,-16.6213],[123.0301,-16.62],[123.0244,-16.6126],[123.0227,-16.6071],[123.0159,-16.6119],[123.0077,-16.6324],[123.0009,-16.6345],[122.9959,-16.639],[122.9883,-16.6256],[122.9946,-16.6194],[122.9966,-16.6119],[122.9965,-16.6018],[122.9866,-16.6071],[122.9817,-16.6013],[122.985,-16.5938],[122.9772,-16.5936],[122.9722,-16.5907],[122.9646,-16.5917],[122.9584,-16.5883],[122.96,-16.5756],[122.9637,-16.5726],[122.9699,-16.5614],[122.9799,-16.562],[122.985,-16.5565],[122.9811,-16.5524],[122.9845,-16.5414],[122.9898,-16.5325],[123.0004,-16.5271],[123.008,-16.5284],[123.0058,-16.5222],[122.9977,-16.524],[122.994,-16.5208],[122.9877,-16.5221],[122.9763,-16.5149],[122.9758,-16.5074],[122.9802,-16.5071],[122.9837,-16.5016],[122.992,-16.4944],[122.9975,-16.4858],[122.9957,-16.4776],[122.985,-16.477],[122.9859,-16.4682],[122.9842,-16.4651],[122.9919,-16.4568],[122.9947,-16.4595],[123.0013,-16.456],[123.0046,-16.4589],[123.011,-16.4524],[123.0221,-16.4532],[123.0212,-16.4604],[123.0344,-16.4593],[123.0391,-16.4571],[123.0441,-16.4604],[123.0418,-16.4668],[123.0743,-16.4436],[123.0633,-16.4368],[123.0562,-16.4436],[123.0365,-16.4359],[123.031,-16.4305],[123.0333,-16.4201],[123.024,-16.42],[123.0183,-16.4088],[123.0194,-16.4036],[123.0245,-16.3979],[123.0358,-16.3949],[123.0305,-16.3841],[123.0239,-16.3822],[123.0203,-16.3782],[123.0287,-16.3699],[123.0357,-16.3692],[123.0361,-16.3624],[123.0318,-16.3583],[123.0221,-16.3649],[123.0038,-16.3731],[122.9911,-16.3806],[122.9853,-16.3824],[122.9828,-16.3884],[122.974,-16.3953],[122.9654,-16.3992],[122.9552,-16.4017],[122.9462,-16.402],[122.9403,-16.3994],[122.9354,-16.3932],[122.9253,-16.3894],[122.924,-16.4002],[122.919,-16.411],[122.9054,-16.4309],[122.9041,-16.4346],[122.9087,-16.4411],[122.8998,-16.4406],[122.8979,-16.4635],[122.8959,-16.4682],[122.9045,-16.4709],[122.9069,-16.4788],[122.9058,-16.4857],[122.8968,-16.5001],[122.8841,-16.508],[122.8691,-16.5098],[122.8635,-16.5062],[122.8592,-16.5089],[122.8657,-16.5151],[122.8656,-16.519],[122.8739,-16.5257],[122.8835,-16.5258],[122.8834,-16.529],[122.8753,-16.5302],[122.8635,-16.5204],[122.8595,-16.5301],[122.8508,-16.5433],[122.8439,-16.5491],[122.8232,-16.5588],[122.8116,-16.5583],[122.8019,-16.5677],[122.8005,-16.5649],[122.7909,-16.5674],[122.78,-16.5787],[122.7759,-16.5902],[122.7774,-16.6001],[122.7743,-16.6182],[122.7694,-16.6328],[122.752,-16.6638],[122.7474,-16.6705],[122.7418,-16.6834],[122.7466,-16.6903],[122.7439,-16.7001],[122.7492,-16.7045],[122.7628,-16.7103],[122.766,-16.6996],[122.7735,-16.6964],[122.7829,-16.7003],[122.7731,-16.7045],[122.7757,-16.7122],[122.7741,-16.7224],[122.7757,-16.7355],[122.7908,-16.7337],[122.7968,-16.7376],[122.8072,-16.75],[122.8212,-16.7535],[122.8239,-16.7601],[122.8311,-16.7629],[122.8239,-16.7677],[122.8356,-16.781],[122.8299,-16.786],[122.811,-16.7672],[122.7993,-16.7593],[122.7916,-16.7591],[122.789,-16.7635],[122.7774,-16.7534],[122.7709,-16.7587],[122.765,-16.752],[122.7644,-16.7474],[122.7574,-16.746],[122.7441,-16.7609],[122.7374,-16.7745],[122.7141,-16.786],[122.7039,-16.7868],[122.6935,-16.7772],[122.6788,-16.7881],[122.6755,-16.7879],[122.6651,-16.7942],[122.6477,-16.799],[122.6374,-16.8007],[122.6239,-16.7978],[122.6192,-16.7921],[122.6212,-16.7885],[122.6136,-16.7766],[122.6099,-16.7656],[122.6022,-16.7674],[122.595,-16.7643],[122.5811,-16.7636],[122.5701,-16.7722],[122.5763,-16.7758],[122.5775,-16.7801],[122.5741,-16.7858],[122.57,-16.7862],[122.5636,-16.795],[122.5533,-16.8054],[122.555,-16.8118],[122.5599,-16.8134],[122.5713,-16.8226],[122.5696,-16.8351],[122.5627,-16.8303],[122.5511,-16.8289],[122.5378,-16.8313],[122.5338,-16.8365],[122.5371,-16.8418],[122.5371,-16.8514],[122.5519,-16.8656],[122.55,-16.8803],[122.5562,-16.89],[122.5585,-16.8993],[122.5644,-16.896],[122.5695,-16.9033],[122.5699,-16.9108],[122.5674,-16.92],[122.5704,-16.9294],[122.5743,-16.9319],[122.5841,-16.9437],[122.5914,-16.9549],[122.5822,-16.96],[122.5768,-16.956],[122.5575,-16.9599],[122.5517,-16.9601],[122.5455,-16.9555],[122.5375,-16.9571],[122.5295,-16.9486],[122.5213,-16.9486],[122.5141,-16.9514],[122.5122,-16.9484],[122.5198,-16.9337],[122.5161,-16.9287],[122.5058,-16.926],[122.5023,-16.9212],[122.5033,-16.916],[122.4944,-16.9162],[122.4858,-16.9098],[122.4823,-16.9038],[122.4839,-16.8967],[122.4802,-16.8946],[122.4778,-16.9078],[122.4769,-16.9217],[122.4815,-16.9248],[122.4855,-16.9373],[122.4842,-16.9434],[122.4776,-16.9531],[122.4789,-16.9594],[122.475,-16.9681],[122.4783,-16.9732],[122.4751,-16.9769],[122.4664,-16.9779],[122.4653,-16.9696],[122.4545,-16.9733],[122.4509,-16.9791],[122.4426,-16.9875],[122.4347,-16.9832],[122.4435,-16.9805],[122.4473,-16.9672],[122.4545,-16.9632],[122.4622,-16.9538],[122.4612,-16.9481],[122.4563,-16.9448],[122.4485,-16.9536],[122.4344,-16.9602],[122.4243,-16.9603],[122.4182,-16.9657],[122.3979,-16.9794],[122.376,-16.9914],[122.3635,-17.0009],[122.3698,-17.0081],[122.36,-17.026],[122.3446,-17.0434],[122.3319,-17.0511],[122.3219,-17.0518],[122.304,-17.0605],[122.2836,-17.0787],[122.2729,-17.092],[122.2687,-17.0947],[122.2634,-17.1045],[122.2562,-17.1127],[122.2518,-17.1281],[122.2584,-17.1344],[122.2699,-17.1345],[122.2872,-17.1264],[122.2915,-17.1177],[122.3021,-17.1168],[122.3016,-17.1209],[122.2929,-17.1202],[122.2926,-17.1303],[122.2962,-17.1325],[122.314,-17.1322],[122.3139,-17.1388],[122.3044,-17.136],[122.2887,-17.1385],[122.2904,-17.1423],[122.3113,-17.1492],[122.3109,-17.1525],[122.2948,-17.1501],[122.2878,-17.1464],[122.2789,-17.1461],[122.2757,-17.1503],[122.2661,-17.1546],[122.2653,-17.1604],[122.2577,-17.1615],[122.2516,-17.1576],[122.2414,-17.1683],[122.244,-17.1749],[122.2365,-17.1894],[122.2293,-17.1911],[122.2264,-17.1864],[122.2203,-17.2041],[122.2158,-17.2138],[122.2066,-17.2292],[122.2025,-17.2456],[122.1937,-17.2437],[122.1885,-17.2397],[122.1817,-17.2472],[122.179,-17.2562],[122.1732,-17.2636],[122.17,-17.2901],[122.1655,-17.3055],[122.1646,-17.3295],[122.162,-17.3416],[122.1588,-17.3478],[122.15,-17.3554],[122.1524,-17.3747],[122.152,-17.3946],[122.1484,-17.3983],[122.15,-17.4088],[122.15,-17.4471],[122.1523,-17.4656],[122.1497,-17.4811],[122.1424,-17.4888],[122.1424,-17.5036],[122.1454,-17.5189],[122.1473,-17.5372],[122.1473,-17.5541],[122.1452,-17.5603],[122.1505,-17.5691],[122.1492,-17.574],[122.1537,-17.5799],[122.1667,-17.5887],[122.1752,-17.6078],[122.1792,-17.6277],[122.1824,-17.6487],[122.1841,-17.6676],[122.191,-17.6663],[122.1972,-17.6763],[122.1997,-17.6848],[122.2012,-17.7034],[122.2009,-17.7296],[122.1981,-17.7505],[122.2033,-17.7641],[122.1988,-17.7734],[122.2031,-17.7963],[122.2044,-17.8107],[122.2088,-17.8291],[122.2121,-17.8529],[122.2129,-17.8737],[122.2123,-17.8846],[122.2094,-17.9013],[122.2093,-17.9185],[122.2076,-17.9278],[122.2128,-17.9229],[122.2196,-17.9218],[122.2261,-17.932],[122.2157,-17.94],[122.2122,-17.947],[122.2236,-17.9559],[122.2127,-17.9777],[122.2077,-17.9635],[122.1923,-17.9725],[122.181,-17.974]]],[[[123.1205,-16.4137],[123.1338,-16.3987],[123.1263,-16.3977],[123.1206,-16.4085],[123.1205,-16.4137]]],[[[123.1524,-16.3879],[123.1439,-16.3889],[123.1494,-16.3962],[123.1577,-16.3933],[123.1524,-16.3879]]],[[[123.1755,-16.3634],[123.1922,-16.3658],[123.1946,-16.3616],[123.1773,-16.3606],[123.1755,-16.3634]]],[[[123.1524,-16.4227],[123.1626,-16.4164],[123.168,-16.405],[123.1609,-16.4034],[123.1566,-16.4069],[123.1524,-16.4227]]],[[[123.2018,-16.3894],[123.1988,-16.3917],[123.1872,-16.3864],[123.1717,-16.387],[123.1677,-16.3913],[123.1765,-16.4003],[123.1786,-16.4116],[123.1661,-16.4231],[123.1675,-16.4261],[123.1759,-16.4296],[123.1817,-16.4296],[123.1858,-16.4329],[123.1926,-16.4319],[123.1912,-16.4255],[123.1973,-16.4213],[123.1977,-16.4159],[123.2028,-16.4138],[123.2045,-16.4062],[123.2093,-16.4014],[123.2104,-16.3945],[123.2018,-16.3894]]],[[[123.2223,-16.4065],[123.2228,-16.3966],[123.2172,-16.3932],[123.2084,-16.4039],[123.2061,-16.4129],[123.1991,-16.4219],[123.2033,-16.4244],[123.2181,-16.4166],[123.2158,-16.4119],[123.2223,-16.4065]]],[[[123.1011,-16.426],[123.0993,-16.4336],[123.1041,-16.4375],[123.1102,-16.4379],[123.1247,-16.4357],[123.113,-16.431],[123.1053,-16.4241],[123.1011,-16.426]]]]}},{"type":"Feature","properties":{"pc":"6743"},"geometry":{"type":"MultiPolygon","coordinates":[[[[126.3365,-17.0726],[126.3365,-16.933],[126.3382,-16.9285],[126.4778,-16.9285],[126.8078,-16.9284],[126.8078,-17.108],[126.8989,-17.108],[126.8997,-17.1166],[126.8997,-17.2333],[127.2472,-17.2327],[127.3268,-17.2327],[127.3268,-17.2163],[127.4129,-17.2163],[127.5645,-17.2168],[127.5645,-17.2319],[127.7129,-17.2319],[127.8214,-17.2319],[127.8214,-17.1702],[127.8592,-17.1702],[127.8592,-17.1322],[128.0136,-17.1321],[128.1354,-17.1321],[128.1354,-17.0486],[128.2025,-17.0486],[128.2025,-17.0469],[128.2448,-17.0468],[128.2448,-16.9962],[128.4113,-16.9962],[128.479,-16.9962],[128.479,-16.9235],[128.6279,-16.9235],[128.6977,-16.9235],[128.7002,-16.936],[128.7072,-16.9639],[128.7115,-16.9717],[128.7125,-16.9795],[128.8808,-16.9795],[129.0005,-16.9793],[129.0005,-16.7866],[129.0005,-16.6568],[129.0005,-16.4622],[129.0005,-16.2776],[129.0005,-16.1239],[129.0005,-15.9868],[129.0005,-15.8593],[129.0005,-15.681],[129.0005,-15.4333],[129.0004,-15.3654],[129.001,-15.2633],[129.0013,-15.0675],[129.0015,-14.8796],[128.9922,-14.8776],[128.9755,-14.8768],[128.9677,-14.8782],[128.9625,-14.8705],[128.9577,-14.8743],[128.9482,-14.8735],[128.9426,-14.8701],[128.9338,-14.8705],[128.9305,-14.8646],[128.9165,-14.8624],[128.9098,-14.8565],[128.8937,-14.856],[128.8713,-14.8581],[128.8596,-14.8617],[128.8548,-14.8599],[128.8337,-14.8591],[128.8212,-14.8554],[128.817,-14.8519],[128.8021,-14.8485],[128.7989,-14.845],[128.7898,-14.8438],[128.7707,-14.8386],[128.7593,-14.8383],[128.7541,-14.8359],[128.7382,-14.8391],[128.7282,-14.8304],[128.7265,-14.8235],[128.7206,-14.8178],[128.7084,-14.8116],[128.6942,-14.8022],[128.6932,-14.7996],[128.6776,-14.7955],[128.6593,-14.7958],[128.6511,-14.7948],[128.6362,-14.7885],[128.6283,-14.7872],[128.6145,-14.7885],[128.6279,-14.7989],[128.6235,-14.8039],[128.6157,-14.7997],[128.6029,-14.8042],[128.5929,-14.8018],[128.5871,-14.7961],[128.5757,-14.7923],[128.5634,-14.7811],[128.556,-14.7797],[128.548,-14.7706],[128.5427,-14.7705],[128.5302,-14.7785],[128.5322,-14.7858],[128.5245,-14.7891],[128.5201,-14.7844],[128.5115,-14.7813],[128.5047,-14.7815],[128.4851,-14.7914],[128.4753,-14.7861],[128.4669,-14.7924],[128.4659,-14.7997],[128.4548,-14.8022],[128.4375,-14.8106],[128.4312,-14.8093],[128.4305,-14.8035],[128.4174,-14.7974],[128.4015,-14.8046],[128.3934,-14.8044],[128.3888,-14.8101],[128.3799,-14.8163],[128.3805,-14.8224],[128.3843,-14.8245],[128.3955,-14.8217],[128.4169,-14.8333],[128.4275,-14.841],[128.4391,-14.8519],[128.441,-14.8576],[128.4507,-14.8689],[128.4596,-14.8822],[128.467,-14.8891],[128.4682,-14.8955],[128.4771,-14.9116],[128.47,-14.9259],[128.4704,-14.9312],[128.4749,-14.941],[128.487,-14.9569],[128.5078,-14.9737],[128.5153,-14.99],[128.5179,-14.9986],[128.5145,-15.0075],[128.519,-15.0147],[128.5124,-15.0147],[128.509,-15.0068],[128.5101,-14.9978],[128.5033,-14.9912],[128.5025,-14.9811],[128.4995,-14.9756],[128.4835,-14.9651],[128.4739,-14.9567],[128.4614,-14.9405],[128.4514,-14.9261],[128.4411,-14.9136],[128.426,-14.8873],[128.4217,-14.8817],[128.4149,-14.878],[128.4037,-14.8773],[128.4034,-14.8813],[128.4088,-14.8856],[128.4178,-14.9043],[128.4155,-14.9142],[128.4221,-14.9356],[128.4292,-14.9473],[128.4329,-14.9563],[128.438,-14.9744],[128.4496,-14.986],[128.4559,-14.9956],[128.4486,-15.002],[128.438,-14.9889],[128.4312,-14.9822],[128.4261,-14.9735],[128.4189,-14.9503],[128.4086,-14.945],[128.3994,-14.9365],[128.3955,-14.9298],[128.3879,-14.9217],[128.3829,-14.9106],[128.3687,-14.8899],[128.3622,-14.8851],[128.3562,-14.8858],[128.3542,-14.8952],[128.3557,-14.9102],[128.3545,-14.9291],[128.3551,-14.9449],[128.3513,-14.9511],[128.3487,-14.9664],[128.3518,-14.9728],[128.3705,-14.9869],[128.3875,-14.9978],[128.3915,-15.0028],[128.4104,-15.0321],[128.4075,-15.034],[128.3967,-15.0212],[128.387,-15.0078],[128.3731,-14.9968],[128.3595,-14.9953],[128.3588,-15.006],[128.3601,-15.0195],[128.3641,-15.0408],[128.3708,-15.0589],[128.374,-15.0614],[128.3628,-15.0666],[128.3576,-15.0525],[128.3573,-15.0452],[128.3513,-15.0369],[128.3453,-15.0195],[128.3426,-15.0071],[128.3281,-14.9741],[128.3247,-14.9588],[128.3253,-14.9432],[128.3223,-14.9315],[128.3152,-14.9258],[128.2971,-14.9359],[128.2925,-14.9667],[128.2953,-14.9719],[128.3067,-14.9845],[128.3147,-14.9959],[128.3243,-15.0173],[128.3312,-15.0354],[128.3268,-15.039],[128.3196,-15.0252],[128.3165,-15.0151],[128.305,-14.9916],[128.2899,-14.9747],[128.2808,-14.9777],[128.2733,-14.983],[128.264,-14.9834],[128.2477,-14.9937],[128.2414,-14.9946],[128.2302,-15.0007],[128.2267,-15.0056],[128.2222,-15.0211],[128.2171,-15.0307],[128.2085,-15.0506],[128.2039,-15.0588],[128.1961,-15.0812],[128.1943,-15.0969],[128.1977,-15.1019],[128.2101,-15.1124],[128.2165,-15.1212],[128.2211,-15.1308],[128.2205,-15.1382],[128.2222,-15.1581],[128.224,-15.1654],[128.2231,-15.1809],[128.2206,-15.1905],[128.2202,-15.2037],[128.2229,-15.212],[128.2295,-15.2232],[128.2396,-15.2475],[128.2432,-15.2519],[128.2679,-15.269],[128.2781,-15.2785],[128.2902,-15.2959],[128.3008,-15.3197],[128.2991,-15.332],[128.2993,-15.3423],[128.2972,-15.3517],[128.2924,-15.3615],[128.2925,-15.3762],[128.2953,-15.4013],[128.2976,-15.407],[128.3049,-15.4101],[128.3073,-15.414],[128.3047,-15.4189],[128.3028,-15.4311],[128.3,-15.4395],[128.2982,-15.457],[128.3012,-15.4643],[128.3093,-15.469],[128.3157,-15.4793],[128.3216,-15.4814],[128.3281,-15.4904],[128.3289,-15.4996],[128.3317,-15.5022],[128.3386,-15.498],[128.3421,-15.5004],[128.3442,-15.4935],[128.3518,-15.4846],[128.3554,-15.4843],[128.3597,-15.4901],[128.3649,-15.491],[128.3743,-15.4966],[128.3677,-15.5192],[128.3671,-15.5252],[128.3709,-15.5358],[128.3823,-15.5364],[128.3823,-15.6255],[128.3347,-15.6255],[128.3347,-15.769],[128.183,-15.769],[128.1726,-15.7541],[128.1658,-15.7489],[128.1465,-15.7467],[128.1407,-15.7396],[128.1375,-15.7272],[128.0529,-15.7272],[128.0529,-15.6308],[128.0855,-15.6308],[128.0855,-15.6192],[128.0715,-15.6203],[128.0704,-15.6144],[128.0588,-15.6094],[128.0572,-15.6069],[128.0924,-15.604],[128.1028,-15.6021],[128.111,-15.5984],[128.1069,-15.5913],[128.1144,-15.5917],[128.1223,-15.5882],[128.1244,-15.5946],[128.1282,-15.5945],[128.1214,-15.5781],[128.1202,-15.5709],[128.1249,-15.5619],[128.1203,-15.5529],[128.1154,-15.5569],[128.1152,-15.5632],[128.1082,-15.5617],[128.1137,-15.5523],[128.1147,-15.5433],[128.1182,-15.5386],[128.127,-15.535],[128.1143,-15.5249],[128.1141,-15.5191],[128.1195,-15.5162],[128.1215,-15.5113],[128.1188,-15.5063],[128.1102,-15.5037],[128.1071,-15.5082],[128.0981,-15.5108],[128.0905,-15.5078],[128.0681,-15.4921],[128.0604,-15.4969],[128.0538,-15.4988],[128.0318,-15.499],[128.0184,-15.5018],[128.0073,-15.5146],[127.9988,-15.5181],[127.9949,-15.5332],[127.9882,-15.5392],[127.977,-15.5556],[127.9645,-15.5657],[127.9485,-15.5733],[127.9369,-15.5774],[127.9279,-15.582],[127.9157,-15.5964],[127.9065,-15.5996],[127.8948,-15.6065],[127.885,-15.6043],[127.8786,-15.605],[127.8605,-15.6156],[127.8582,-15.62],[127.8635,-15.6267],[127.8751,-15.6267],[127.8803,-15.6315],[127.8739,-15.655],[127.8692,-15.6649],[127.8571,-15.6782],[127.8497,-15.6913],[127.8557,-15.7034],[127.8478,-15.7051],[127.8415,-15.7032],[127.837,-15.7107],[127.8376,-15.7156],[127.8323,-15.7227],[127.8246,-15.7247],[127.815,-15.724],[127.8122,-15.7307],[127.8054,-15.734],[127.8049,-15.7431],[127.801,-15.7459],[127.7945,-15.741],[127.7815,-15.7418],[127.7749,-15.7377],[127.7738,-15.7514],[127.752,-15.749],[127.7398,-15.7496],[127.7341,-15.7438],[127.7271,-15.7459],[127.7181,-15.7523],[127.7181,-15.4382],[127.7181,-15.3215],[127.5651,-15.3216],[127.4308,-15.3216],[127.2779,-15.3215],[127.1506,-15.3215],[127.0586,-15.3215],[127.0493,-15.3116],[127.0457,-15.3044],[127.0394,-15.299],[127.032,-15.2974],[127.0223,-15.2906],[127.0174,-15.2905],[126.9996,-15.2943],[126.9949,-15.2966],[126.976,-15.2953],[126.9632,-15.2856],[126.9511,-15.2844],[126.9309,-15.2851],[126.9186,-15.2695],[126.9146,-15.267],[126.9147,-15.2601],[126.9114,-15.2579],[126.9065,-15.2702],[126.8971,-15.2662],[126.8925,-15.2698],[126.8943,-15.2885],[126.8942,-15.2988],[126.8912,-15.3016],[126.8872,-15.3123],[126.8763,-15.3186],[126.8703,-15.3177],[126.8691,-15.3325],[126.8654,-15.3421],[126.8514,-15.3555],[126.8414,-15.3608],[126.838,-15.3594],[126.8364,-15.3494],[126.8301,-15.35],[126.8223,-15.3539],[126.8146,-15.3632],[126.8107,-15.3736],[126.7947,-15.3842],[126.7832,-15.3885],[126.7805,-15.3961],[126.7743,-15.4001],[126.7677,-15.401],[126.7599,-15.4102],[126.7544,-15.4242],[126.7444,-15.4312],[126.7124,-15.4375],[126.7043,-15.4354],[126.6865,-15.4269],[126.6801,-15.4306],[126.6775,-15.4468],[126.6737,-15.4558],[126.6588,-15.4616],[126.6551,-15.4745],[126.6484,-15.4847],[126.6398,-15.4892],[126.6311,-15.4988],[126.635,-15.5047],[126.6369,-15.5172],[126.629,-15.5321],[126.6336,-15.5367],[126.6422,-15.5394],[126.6524,-15.5645],[126.6518,-15.5683],[126.645,-15.579],[126.6543,-15.5981],[126.6545,-15.6066],[126.6512,-15.6104],[126.6399,-15.6144],[126.6339,-15.6191],[126.6228,-15.6176],[126.6128,-15.6196],[126.6023,-15.6167],[126.5737,-15.6172],[126.5623,-15.6138],[126.5555,-15.6181],[126.5502,-15.6262],[126.5502,-15.8544],[126.5502,-15.9353],[126.3817,-15.9353],[126.3817,-16.0807],[126.2751,-16.0807],[126.1158,-16.0807],[126.0012,-16.0806],[125.9895,-16.0807],[125.9895,-16.4482],[125.9623,-16.4482],[125.9623,-16.6459],[125.9517,-16.6523],[125.9503,-16.6696],[125.9623,-16.6613],[125.9623,-16.722],[126.0011,-16.7221],[126.0009,-17.0012],[126.08,-17.0012],[126.2237,-17.0012],[126.2237,-17.0726],[126.3365,-17.0726]]],[[[128.2716,-15.2963],[128.275,-15.3038],[128.2835,-15.3136],[128.287,-15.3103],[128.2807,-15.2995],[128.2716,-15.2963]]],[[[128.2641,-15.3161],[128.266,-15.3253],[128.2777,-15.3357],[128.281,-15.3368],[128.2762,-15.3193],[128.2741,-15.3153],[128.2667,-15.3101],[128.2641,-15.3161]]],[[[128.1203,-15.4018],[128.205,-15.4019],[128.205,-15.5073],[128.3254,-15.5073],[128.3274,-15.5051],[128.3207,-15.4958],[128.3215,-15.4878],[128.3138,-15.4835],[128.2945,-15.464],[128.2905,-15.455],[128.2904,-15.4487],[128.2964,-15.4353],[128.2955,-15.428],[128.2906,-15.422],[128.2872,-15.4086],[128.2823,-15.3963],[128.2808,-15.373],[128.2779,-15.3612],[128.2816,-15.3459],[128.2775,-15.3382],[128.2634,-15.326],[128.2614,-15.3208],[128.256,-15.3164],[128.2585,-15.3088],[128.2544,-15.3021],[128.2384,-15.2891],[128.235,-15.2824],[128.2115,-15.2606],[128.2037,-15.251],[128.1903,-15.231],[128.1777,-15.2189],[128.1636,-15.2084],[128.1441,-15.1999],[128.1354,-15.1929],[128.1269,-15.1838],[128.1215,-15.1879],[128.1171,-15.1989],[128.1179,-15.2048],[128.1109,-15.2085],[128.1125,-15.2279],[128.1151,-15.2346],[128.1132,-15.2382],[128.1007,-15.2431],[128.1014,-15.2489],[128.1133,-15.2565],[128.1161,-15.26],[128.1253,-15.2787],[128.1282,-15.2917],[128.1289,-15.3141],[128.1281,-15.33],[128.1231,-15.3515],[128.1246,-15.3608],[128.1247,-15.3753],[128.1203,-15.4018]]],[[[128.251,-15.2934],[128.2581,-15.2991],[128.2659,-15.2983],[128.2587,-15.2897],[128.2501,-15.2829],[128.2445,-15.2853],[128.251,-15.2934]]],[[[128.1274,-15.157],[128.1526,-15.1659],[128.172,-15.1762],[128.1958,-15.1937],[128.1985,-15.1904],[128.1953,-15.18],[128.1945,-15.1629],[128.1985,-15.1489],[128.202,-15.1424],[128.2007,-15.1314],[128.1968,-15.125],[128.1897,-15.119],[128.1815,-15.1154],[128.1713,-15.1068],[128.1635,-15.0974],[128.1566,-15.0814],[128.1544,-15.0708],[128.1557,-15.0574],[128.1508,-15.0505],[128.146,-15.0476],[128.1363,-15.0472],[128.1296,-15.0408],[128.1243,-15.0408],[128.1227,-15.0484],[128.1281,-15.0581],[128.1248,-15.0809],[128.1225,-15.0869],[128.1252,-15.0955],[128.1206,-15.1072],[128.1151,-15.1127],[128.114,-15.1216],[128.1193,-15.1328],[128.1194,-15.1427],[128.1238,-15.1478],[128.1274,-15.157]]],[[[128.1893,-15.2043],[128.1872,-15.1965],[128.1782,-15.1887],[128.1658,-15.1813],[128.1599,-15.1794],[128.1529,-15.1803],[128.1877,-15.2117],[128.1893,-15.2043]]],[[[128.4329,-14.8743],[128.4393,-14.8852],[128.4426,-14.88],[128.4393,-14.8716],[128.4329,-14.8743]]],[[[128.4452,-14.8951],[128.4483,-14.9042],[128.4534,-14.9129],[128.4665,-14.9283],[128.473,-14.9135],[128.4724,-14.9072],[128.467,-14.8986],[128.4506,-14.8854],[128.4461,-14.8799],[128.443,-14.8865],[128.4452,-14.8951]]],[[[128.2712,-15.2822],[128.2625,-15.2808],[128.2689,-15.2888],[128.2712,-15.2822]]]]}},{"type":"Feature","properties":{"pc":"7000"},"geometry":{"type":"Polygon","coordinates":[[[147.3254,-42.8905],[147.3348,-42.8859],[147.3415,-42.8822],[147.3346,-42.8706],[147.3371,-42.8656],[147.32,-42.8555],[147.3163,-42.8641],[147.3115,-42.867],[147.3025,-42.8665],[147.2953,-42.8691],[147.2939,-42.8773],[147.289,-42.8845],[147.2965,-42.8924],[147.3066,-42.8914],[147.3219,-42.8922],[147.3254,-42.8905]]]}},{"type":"Feature","properties":{"pc":"7005"},"geometry":{"type":"Polygon","coordinates":[[[147.3605,-42.9316],[147.362,-42.9261],[147.36,-42.9153],[147.3555,-42.9085],[147.3448,-42.9079],[147.3322,-42.9002],[147.334,-42.8943],[147.3254,-42.8905],[147.3219,-42.8922],[147.3102,-42.9024],[147.2985,-42.9043],[147.2998,-42.9073],[147.3125,-42.9037],[147.3092,-42.9104],[147.3193,-42.9128],[147.3208,-42.907],[147.3305,-42.9101],[147.3299,-42.9161],[147.3513,-42.9302],[147.3605,-42.9316]]]}},{"type":"Feature","properties":{"pc":"7008"},"geometry":{"type":"Polygon","coordinates":[[[147.289,-42.8845],[147.2939,-42.8773],[147.2953,-42.8691],[147.3025,-42.8665],[147.3115,-42.867],[147.3163,-42.8641],[147.32,-42.8555],[147.3236,-42.8458],[147.3132,-42.8493],[147.2955,-42.852],[147.2878,-42.8592],[147.2817,-42.8545],[147.2744,-42.8563],[147.2754,-42.859],[147.2566,-42.8695],[147.241,-42.873],[147.2283,-42.8794],[147.2341,-42.883],[147.2451,-42.8759],[147.2591,-42.874],[147.2589,-42.8803],[147.2665,-42.8848],[147.274,-42.8845],[147.2843,-42.8803],[147.289,-42.8845]]]}},{"type":"Feature","properties":{"pc":"7009"},"geometry":{"type":"Polygon","coordinates":[[[147.2744,-42.8563],[147.2817,-42.8545],[147.2878,-42.8592],[147.2955,-42.852],[147.3132,-42.8493],[147.3181,-42.8399],[147.3236,-42.8379],[147.3173,-42.8292],[147.3045,-42.8267],[147.302,-42.8339],[147.2953,-42.8288],[147.2722,-42.8446],[147.2759,-42.8508],[147.2744,-42.8563]]]}},{"type":"Feature","properties":{"pc":"7011"},"geometry":{"type":"Polygon","coordinates":[[[147.232,-42.8228],[147.238,-42.8161],[147.2466,-42.8178],[147.2573,-42.8155],[147.2536,-42.8068],[147.2621,-42.7952],[147.272,-42.7958],[147.2663,-42.7875],[147.2523,-42.7862],[147.2579,-42.778],[147.2536,-42.7695],[147.2491,-42.7663],[147.2385,-42.7717],[147.2337,-42.7656],[147.2275,-42.7779],[147.2215,-42.7792],[147.2048,-42.7772],[147.2022,-42.7664],[147.1889,-42.7678],[147.19,-42.7731],[147.1762,-42.7799],[147.1814,-42.7858],[147.19,-42.7815],[147.1945,-42.7873],[147.1909,-42.794],[147.1969,-42.8014],[147.202,-42.802],[147.209,-42.808],[147.2216,-42.812],[147.2202,-42.8183],[147.2154,-42.82],[147.2151,-42.8267],[147.2226,-42.8268],[147.232,-42.8228]]]}},{"type":"Feature","properties":{"pc":"7015"},"geometry":{"type":"Polygon","coordinates":[[[147.339,-42.8149],[147.3312,-42.8139],[147.3248,-42.8178],[147.3364,-42.8284],[147.3349,-42.8337],[147.3316,-42.8362],[147.3384,-42.8466],[147.3502,-42.8531],[147.3543,-42.8576],[147.3516,-42.8633],[147.3733,-42.8597],[147.3801,-42.8549],[147.3753,-42.8451],[147.3898,-42.8382],[147.3863,-42.8338],[147.3869,-42.8253],[147.3828,-42.8215],[147.3737,-42.8215],[147.368,-42.8244],[147.3586,-42.8212],[147.3441,-42.8246],[147.339,-42.8149]]]}},{"type":"Feature","properties":{"pc":"7018"},"geometry":{"type":"Polygon","coordinates":[[[147.415,-42.9383],[147.4225,-42.9256],[147.4242,-42.9102],[147.4305,-42.8904],[147.4277,-42.8814],[147.419,-42.8802],[147.4176,-42.8748],[147.4132,-42.8743],[147.4141,-42.861],[147.4111,-42.8509],[147.4036,-42.8497],[147.4007,-42.8434],[147.3898,-42.8382],[147.3753,-42.8451],[147.3801,-42.8549],[147.3733,-42.8597],[147.3516,-42.8633],[147.3524,-42.8758],[147.3635,-42.8754],[147.3705,-42.8794],[147.382,-42.8792],[147.4032,-42.8834],[147.405,-42.8913],[147.4094,-42.8935],[147.4172,-42.9077],[147.4173,-42.9112],[147.4107,-42.9205],[147.4112,-42.9292],[147.4081,-42.9353],[147.415,-42.9383]]]}},{"type":"Feature","properties":{"pc":"7050"},"geometry":{"type":"Polygon","coordinates":[[[147.3292,-42.9909],[147.3241,-42.9837],[147.3282,-42.9786],[147.3243,-42.9743],[147.3254,-42.9641],[147.3332,-42.9577],[147.3299,-42.9461],[147.3336,-42.9307],[147.3052,-42.9264],[147.2984,-42.9276],[147.2966,-42.9343],[147.2691,-42.9534],[147.2689,-42.9422],[147.261,-42.9423],[147.2573,-42.952],[147.2489,-42.9528],[147.2573,-42.9621],[147.2445,-42.9704],[147.2571,-42.9812],[147.2653,-42.9917],[147.2761,-43.002],[147.2838,-43.0027],[147.2883,-42.9992],[147.281,-42.9954],[147.2865,-42.9891],[147.2931,-42.9888],[147.2968,-42.996],[147.3017,-42.9969],[147.3098,-42.9977],[147.3126,-42.9908],[147.3292,-42.9909]]]}},{"type":"Feature","properties":{"pc":"7053"},"geometry":{"type":"Polygon","coordinates":[[[147.3243,-42.9743],[147.3285,-42.9774],[147.3387,-42.974],[147.3407,-42.9623],[147.3457,-42.9538],[147.3543,-42.9519],[147.356,-42.9416],[147.3605,-42.9316],[147.3513,-42.9302],[147.3486,-42.9328],[147.3336,-42.9307],[147.3299,-42.9461],[147.3332,-42.9577],[147.3254,-42.9641],[147.3243,-42.9743]]]}},{"type":"Feature","properties":{"pc":"7109"},"geometry":{"type":"MultiPolygon","coordinates":[[[[146.8822,-43.5862],[146.9035,-43.5862],[146.9035,-43.5771],[146.8961,-43.5822],[146.8867,-43.5828],[146.8822,-43.5862]]],[[[146.8739,-43.5879],[146.8891,-43.5805],[146.8916,-43.5755],[146.891,-43.5655],[146.8945,-43.5619],[146.8871,-43.554],[146.8898,-43.5451],[146.8953,-43.5407],[146.8905,-43.5356],[146.9022,-43.523],[146.9106,-43.5299],[146.9075,-43.5414],[146.9176,-43.5429],[146.9188,-43.5351],[146.9421,-43.5319],[146.9481,-43.534],[146.9544,-43.5313],[146.956,-43.526],[146.9525,-43.5151],[146.9558,-43.5094],[146.9778,-43.4941],[146.9732,-43.4906],[146.96,-43.5037],[146.9482,-43.5118],[146.9413,-43.5065],[146.9427,-43.5034],[146.9293,-43.4944],[146.9361,-43.4907],[146.9394,-43.4812],[146.9435,-43.4777],[146.9602,-43.4765],[146.9615,-43.4715],[146.9688,-43.4693],[146.9796,-43.4704],[146.9829,-43.4764],[146.9788,-43.4857],[146.9845,-43.4872],[146.9968,-43.4803],[147.0001,-43.4708],[146.9966,-43.4625],[146.9866,-43.4603],[146.9841,-43.455],[146.9696,-43.4555],[146.9624,-43.4489],[146.9488,-43.4531],[146.9428,-43.4506],[146.9378,-43.4415],[146.9301,-43.4409],[146.9196,-43.4466],[146.917,-43.4413],[146.9274,-43.4387],[146.9249,-43.4274],[146.9351,-43.4251],[146.939,-43.4323],[146.9473,-43.4341],[146.9446,-43.4388],[146.951,-43.4473],[146.9613,-43.4458],[146.9635,-43.4363],[146.9761,-43.4323],[146.9894,-43.4401],[146.9908,-43.435],[147.0076,-43.4353],[147.0131,-43.4432],[147.0264,-43.4359],[147.0199,-43.4253],[147.0125,-43.4209],[147.0239,-43.4106],[147.0167,-43.4055],[147.0187,-43.4009],[147.0269,-43.3989],[147.0318,-43.388],[147.0455,-43.3805],[147.0506,-43.3736],[147.0526,-43.3574],[147.059,-43.3525],[147.0463,-43.3472],[147.0325,-43.3451],[147.0236,-43.3372],[147.0168,-43.3343],[147.0128,-43.3422],[146.993,-43.34],[146.9901,-43.3351],[146.9806,-43.3368],[146.9749,-43.3258],[146.9659,-43.3208],[146.9557,-43.3118],[146.9592,-43.3055],[146.9583,-43.2997],[146.9625,-43.2964],[146.968,-43.2843],[146.9783,-43.2816],[146.9833,-43.2691],[146.9888,-43.2628],[147.0087,-43.267],[147.0145,-43.2654],[147.0201,-43.2584],[147.0108,-43.2513],[147.0155,-43.2442],[147.0047,-43.2346],[147.0081,-43.2325],[146.9997,-43.2251],[146.9944,-43.2267],[146.9841,-43.2348],[146.9869,-43.2371],[146.9684,-43.2474],[146.963,-43.2355],[146.9582,-43.2292],[146.9491,-43.2409],[146.9457,-43.2401],[146.9265,-43.2535],[146.9054,-43.2543],[146.897,-43.2439],[146.8965,-43.2374],[146.8889,-43.2309],[146.8793,-43.2265],[146.8784,-43.221],[146.8666,-43.2179],[146.8516,-43.23],[146.8438,-43.2307],[146.8357,-43.2345],[146.83,-43.2276],[146.8196,-43.2251],[146.8106,-43.2207],[146.794,-43.2237],[146.7949,-43.2365],[146.8013,-43.2342],[146.8161,-43.2536],[146.8135,-43.2605],[146.7973,-43.269],[146.8035,-43.2775],[146.8139,-43.2819],[146.8178,-43.2937],[146.8298,-43.2992],[146.8285,-43.3039],[146.8212,-43.3094],[146.8152,-43.3196],[146.8114,-43.3212],[146.8121,-43.3292],[146.8269,-43.3389],[146.8348,-43.3375],[146.8504,-43.3404],[146.8589,-43.3453],[146.858,-43.3591],[146.8507,-43.3618],[146.8487,-43.3669],[146.8417,-43.3702],[146.8318,-43.3658],[146.8259,-43.372],[146.821,-43.3818],[146.8237,-43.3871],[146.8104,-43.388],[146.808,-43.4003],[146.7979,-43.4072],[146.7963,-43.4121],[146.7882,-43.4202],[146.7842,-43.4295],[146.798,-43.4342],[146.8174,-43.432],[146.8358,-43.4385],[146.8325,-43.4517],[146.8403,-43.4551],[146.8581,-43.4562],[146.8728,-43.4534],[146.8793,-43.4575],[146.8753,-43.4664],[146.8787,-43.4731],[146.8791,-43.484],[146.8712,-43.4885],[146.8426,-43.4926],[146.8287,-43.4994],[146.8205,-43.4996],[146.8096,-43.5036],[146.8125,-43.5086],[146.8244,-43.5184],[146.822,-43.5244],[146.8281,-43.5271],[146.8352,-43.536],[146.8451,-43.5367],[146.8448,-43.5433],[146.8332,-43.5552],[146.8146,-43.5589],[146.8104,-43.5574],[146.8003,-43.5651],[146.8046,-43.5735],[146.8028,-43.581],[146.8113,-43.588],[146.8121,-43.5928],[146.8227,-43.592],[146.8326,-43.5886],[146.8408,-43.5894],[146.8457,-43.5856],[146.8605,-43.5982],[146.8659,-43.5961],[146.8739,-43.5879]]],[[[147.032,-43.0566],[147.0449,-43.0501],[147.0304,-43.0813],[147.0223,-43.091],[147.0209,-43.1029],[147.0171,-43.1138],[147.0119,-43.1174],[147.0079,-43.1292],[147.0078,-43.1359],[147.0011,-43.141],[146.9972,-43.1476],[146.9997,-43.155],[146.995,-43.1645],[146.9955,-43.1699],[146.9914,-43.1759],[146.9844,-43.1768],[146.989,-43.1895],[147.0025,-43.1929],[147.0104,-43.1903],[147.0177,-43.1985],[147.0245,-43.1999],[147.024,-43.2057],[147.029,-43.2101],[147.0458,-43.2131],[147.0547,-43.2204],[147.0596,-43.2202],[147.0708,-43.2142],[147.0756,-43.2089],[147.0722,-43.2012],[147.0866,-43.1917],[147.0812,-43.1827],[147.081,-43.1748],[147.0639,-43.182],[147.0562,-43.175],[147.0391,-43.1729],[147.0358,-43.1651],[147.0399,-43.1481],[147.0323,-43.1427],[147.0399,-43.1378],[147.0429,-43.1325],[147.0511,-43.1335],[147.0625,-43.1264],[147.0591,-43.1212],[147.0649,-43.0996],[147.0686,-43.1001],[147.0701,-43.094],[147.0629,-43.0853],[147.0521,-43.0834],[147.0506,-43.0727],[147.0464,-43.0699],[147.0529,-43.0626],[147.0678,-43.0654],[147.0731,-43.0519],[147.0797,-43.0452],[147.0935,-43.0469],[147.1066,-43.021],[147.1094,-43.0098],[147.1199,-43.0094],[147.1225,-43.0005],[147.1413,-42.9988],[147.1454,-42.9907],[147.1519,-42.9948],[147.1629,-42.9928],[147.1721,-42.9943],[147.1782,-42.9906],[147.1799,-42.9848],[147.1733,-42.9816],[147.1626,-42.9692],[147.1745,-42.9585],[147.1672,-42.9577],[147.1692,-42.9448],[147.1665,-42.94],[147.1515,-42.9391],[147.1573,-42.9197],[147.1556,-42.9141],[147.1375,-42.912],[147.1307,-42.9098],[147.1311,-42.9181],[147.1224,-42.9185],[147.1148,-42.9245],[147.1156,-42.9333],[147.1024,-42.933],[147.1015,-42.9374],[147.0835,-42.9366],[147.0738,-42.9327],[147.0766,-42.9162],[147.064,-42.9127],[147.057,-42.9186],[147.0478,-42.9163],[147.0506,-42.9113],[147.0323,-42.9042],[147.0228,-42.9078],[147.0128,-42.9087],[147.0059,-42.8997],[147.0103,-42.8957],[147.0092,-42.8881],[146.9976,-42.8882],[146.9905,-42.8858],[146.9705,-42.8887],[146.9555,-42.8821],[146.9504,-42.8826],[146.9406,-42.8859],[146.926,-42.8953],[146.9243,-42.9005],[146.9299,-42.9029],[146.9343,-42.9198],[146.942,-42.9227],[146.9375,-42.9285],[146.9271,-42.9295],[146.9166,-42.9337],[146.9135,-42.9396],[146.9025,-42.94],[146.896,-42.9352],[146.8797,-42.9354],[146.8803,-42.949],[146.8739,-42.9546],[146.8641,-42.9431],[146.8553,-42.9391],[146.8556,-42.9325],[146.8494,-42.9239],[146.8522,-42.9193],[146.8462,-42.9138],[146.8465,-42.9082],[146.8328,-42.9031],[146.8055,-42.8946],[146.7979,-42.9037],[146.7885,-42.9038],[146.7805,-42.8986],[146.7757,-42.8896],[146.7762,-42.8842],[146.7656,-42.8741],[146.7554,-42.8744],[146.7495,-42.8714],[146.7394,-42.8712],[146.723,-42.8581],[146.7036,-42.8578],[146.7032,-42.865],[146.6893,-42.8678],[146.6839,-42.8663],[146.6757,-42.8724],[146.6799,-42.8788],[146.6831,-42.8934],[146.6719,-42.9024],[146.6778,-42.9115],[146.6897,-42.9216],[146.7008,-42.9238],[146.6925,-42.9383],[146.6946,-42.9465],[146.6909,-42.9526],[146.6947,-42.9565],[146.7009,-42.9699],[146.6925,-42.9801],[146.7144,-42.9943],[146.7238,-42.993],[146.7307,-42.9879],[146.7386,-42.987],[146.7538,-42.9994],[146.7593,-43.0001],[146.7631,-43.0084],[146.7768,-43.0105],[146.7857,-43.0232],[146.7852,-43.0289],[146.7952,-43.0442],[146.7928,-43.0556],[146.7957,-43.0585],[146.8092,-43.0545],[146.8119,-43.0583],[146.8242,-43.0565],[146.834,-43.0616],[146.8411,-43.0567],[146.8582,-43.0624],[146.8579,-43.0648],[146.8756,-43.0784],[146.884,-43.0813],[146.8938,-43.0777],[146.8923,-43.0694],[146.8971,-43.0647],[146.9098,-43.0701],[146.9151,-43.0686],[146.9283,-43.0712],[146.9348,-43.0704],[146.9553,-43.0754],[146.9619,-43.0703],[146.9739,-43.0562],[146.9696,-43.0543],[146.9753,-43.0449],[146.9935,-43.0529],[146.9975,-43.0449],[147.0058,-43.042],[147.0114,-43.0336],[147.032,-43.0566]]],[[[146.9582,-43.2292],[146.9699,-43.2253],[146.9776,-43.2168],[146.9942,-43.2059],[146.9878,-43.2035],[146.9795,-43.2065],[146.9712,-43.2025],[146.9677,-43.1919],[146.9487,-43.2008],[146.9597,-43.2125],[146.9607,-43.2218],[146.9537,-43.2255],[146.9582,-43.2292]]],[[[147.023,-43.0788],[147.016,-43.0892],[147.0204,-43.0907],[147.0283,-43.0811],[147.023,-43.0788]]],[[[147.0011,-43.1174],[147.019,-43.1034],[147.0202,-43.0909],[147.0157,-43.0899],[147.0059,-43.1031],[147.0011,-43.1174]]],[[[147.025,-43.0766],[147.033,-43.0709],[147.0399,-43.0586],[147.0355,-43.0551],[147.0304,-43.059],[147.03,-43.0627],[147.0257,-43.0686],[147.025,-43.0766]]]]}},{"type":"Feature","properties":{"pc":"7248"},"geometry":{"type":"Polygon","coordinates":[[[147.0935,-41.3849],[147.1143,-41.3974],[147.117,-41.4028],[147.128,-41.4111],[147.1183,-41.422],[147.1274,-41.4325],[147.1394,-41.4305],[147.1445,-41.4174],[147.1472,-41.4168],[147.1491,-41.4207],[147.1576,-41.4174],[147.1701,-41.4075],[147.2004,-41.3967],[147.2106,-41.3932],[147.1978,-41.3791],[147.1948,-41.3785],[147.185,-41.3772],[147.1719,-41.3806],[147.1553,-41.376],[147.1403,-41.3667],[147.1351,-41.3579],[147.1298,-41.3542],[147.1083,-41.3655],[147.1101,-41.376],[147.0935,-41.3849]]]}},{"type":"Feature","properties":{"pc":"7250"},"geometry":{"type":"Polygon","coordinates":[[[147.1664,-41.4946],[147.1529,-41.4859],[147.1438,-41.4747],[147.1498,-41.4715],[147.1427,-41.4666],[147.1427,-41.4579],[147.1344,-41.4557],[147.139,-41.4499],[147.1489,-41.445],[147.1569,-41.4547],[147.1679,-41.4533],[147.1701,-41.46],[147.178,-41.4692],[147.1791,-41.4744],[147.1881,-41.4763],[147.1862,-41.4648],[147.1921,-41.4628],[147.2003,-41.4714],[147.2023,-41.477],[147.2096,-41.4802],[147.2089,-41.4855],[147.2213,-41.4867],[147.2227,-41.4935],[147.2342,-41.4872],[147.2488,-41.4763],[147.2567,-41.4872],[147.264,-41.4934],[147.2578,-41.5016],[147.2732,-41.4974],[147.2891,-41.4967],[147.2912,-41.4898],[147.2964,-41.4874],[147.3053,-41.4898],[147.2717,-41.4534],[147.2797,-41.4494],[147.2729,-41.4418],[147.2683,-41.4442],[147.2609,-41.436],[147.2551,-41.4392],[147.251,-41.4347],[147.2415,-41.4392],[147.227,-41.4269],[147.2364,-41.422],[147.2187,-41.4027],[147.2085,-41.408],[147.2004,-41.3967],[147.1701,-41.4075],[147.1576,-41.4174],[147.1501,-41.4216],[147.1452,-41.4176],[147.1421,-41.4258],[147.1413,-41.4304],[147.1332,-41.432],[147.1277,-41.4373],[147.1158,-41.4196],[147.124,-41.412],[147.112,-41.401],[147.0956,-41.3994],[147.0794,-41.3912],[147.0739,-41.3839],[147.0618,-41.3899],[147.0681,-41.396],[147.0504,-41.4121],[147.0181,-41.3914],[146.9948,-41.4118],[146.9915,-41.4097],[146.9765,-41.4225],[146.9723,-41.4285],[146.9961,-41.4318],[146.994,-41.4434],[147.008,-41.4452],[147.0298,-41.4279],[147.0318,-41.4373],[147.0648,-41.4584],[147.0696,-41.4726],[147.0642,-41.4788],[147.0737,-41.4824],[147.0768,-41.4941],[147.0843,-41.5059],[147.0888,-41.51],[147.0939,-41.5131],[147.1292,-41.4939],[147.1364,-41.5013],[147.1477,-41.4951],[147.154,-41.501],[147.1664,-41.4946]]]}},{"type":"Feature","properties":{"pc":"7310"},"geometry":{"type":"MultiPolygon","coordinates":[[[[146.3877,-41.2377],[146.3793,-41.2296],[146.371,-41.2268],[146.3642,-41.2084],[146.3546,-41.2068],[146.3668,-41.1928],[146.3626,-41.1843],[146.3622,-41.1757],[146.3656,-41.166],[146.356,-41.1617],[146.3437,-41.1623],[146.33,-41.1609],[146.3319,-41.1576],[146.3233,-41.1541],[146.3025,-41.1598],[146.2879,-41.1607],[146.2771,-41.159],[146.2737,-41.1672],[146.2789,-41.1706],[146.2773,-41.1775],[146.2708,-41.1801],[146.2618,-41.1789],[146.253,-41.1815],[146.255,-41.1767],[146.2468,-41.1723],[146.2383,-41.1751],[146.232,-41.1826],[146.2255,-41.1842],[146.2134,-41.1826],[146.2043,-41.1789],[146.1971,-41.1862],[146.1945,-41.1966],[146.2,-41.2104],[146.1954,-41.2252],[146.2027,-41.2297],[146.1917,-41.238],[146.1917,-41.2491],[146.1829,-41.25],[146.1813,-41.2571],[146.1684,-41.2564],[146.1675,-41.2602],[146.1793,-41.2668],[146.1878,-41.2678],[146.1811,-41.2793],[146.2008,-41.2884],[146.1942,-41.3028],[146.2031,-41.304],[146.2053,-41.3108],[146.2003,-41.3161],[146.1929,-41.3177],[146.1851,-41.316],[146.1829,-41.3284],[146.1751,-41.3382],[146.1763,-41.3416],[146.1672,-41.3462],[146.154,-41.3573],[146.1433,-41.3629],[146.1357,-41.3622],[146.1287,-41.3687],[146.1232,-41.3679],[146.1147,-41.3712],[146.1173,-41.3844],[146.1123,-41.3856],[146.1043,-41.3959],[146.1023,-41.4023],[146.093,-41.4069],[146.093,-41.4157],[146.0849,-41.4276],[146.0903,-41.4297],[146.0925,-41.4433],[146.0889,-41.4567],[146.081,-41.463],[146.0687,-41.4676],[146.0687,-41.4705],[146.0529,-41.4724],[146.0435,-41.4834],[146.0487,-41.484],[146.0469,-41.492],[146.0585,-41.493],[146.0655,-41.5037],[146.0592,-41.5057],[146.062,-41.5106],[146.0535,-41.5191],[146.0431,-41.5199],[146.0454,-41.5283],[146.0567,-41.5298],[146.0533,-41.5435],[146.0647,-41.5449],[146.0711,-41.5497],[146.0748,-41.5449],[146.0851,-41.5481],[146.104,-41.5498],[146.11,-41.5443],[146.1192,-41.5452],[146.1223,-41.5406],[146.1261,-41.5136],[146.1336,-41.5128],[146.1323,-41.5052],[146.1358,-41.5013],[146.1314,-41.4926],[146.132,-41.487],[146.1193,-41.487],[146.1209,-41.4701],[146.1341,-41.4733],[146.1391,-41.466],[146.1467,-41.4604],[146.1494,-41.4498],[146.1608,-41.4397],[146.1691,-41.4347],[146.1804,-41.4227],[146.1855,-41.4131],[146.1993,-41.4007],[146.2051,-41.3981],[146.2133,-41.3813],[146.2217,-41.3742],[146.2327,-41.3719],[146.2522,-41.3628],[146.267,-41.3595],[146.2709,-41.3556],[146.2692,-41.3505],[146.2576,-41.3511],[146.249,-41.3382],[146.2525,-41.3335],[146.2465,-41.3268],[146.2445,-41.3204],[146.2475,-41.3153],[146.2425,-41.3092],[146.2527,-41.3027],[146.2549,-41.2946],[146.2465,-41.2934],[146.2603,-41.2783],[146.2671,-41.2766],[146.2686,-41.2683],[146.2818,-41.2679],[146.3211,-41.2718],[146.3228,-41.2653],[146.3203,-41.2589],[146.3235,-41.255],[146.3334,-41.25],[146.3532,-41.2679],[146.3606,-41.271],[146.3701,-41.2668],[146.3614,-41.2572],[146.371,-41.2491],[146.3877,-41.2377]]],[[[146.4112,-41.169],[146.3919,-41.1729],[146.3787,-41.1692],[146.3689,-41.1722],[146.3651,-41.1777],[146.3697,-41.1938],[146.3623,-41.2006],[146.3693,-41.2034],[146.3763,-41.2113],[146.3813,-41.2035],[146.3946,-41.2053],[146.4066,-41.1916],[146.4122,-41.1831],[146.4137,-41.1757],[146.4112,-41.169]]]]}},{"type":"Feature","properties":{"pc":"7320"},"geometry":{"type":"Polygon","coordinates":[[[145.958,-41.0635],[145.9393,-41.0672],[145.9248,-41.0662],[145.9126,-41.0606],[145.9138,-41.0563],[145.9097,-41.0488],[145.8967,-41.0443],[145.8847,-41.0447],[145.8771,-41.0384],[145.8512,-41.0405],[145.8409,-41.0388],[145.8384,-41.045],[145.8547,-41.0492],[145.8692,-41.0495],[145.8737,-41.0515],[145.8723,-41.0583],[145.8636,-41.0638],[145.8662,-41.0777],[145.8865,-41.0796],[145.8851,-41.0867],[145.8791,-41.0915],[145.8764,-41.105],[145.8804,-41.1107],[145.9106,-41.112],[145.9077,-41.1044],[145.913,-41.1001],[145.9168,-41.09],[145.9246,-41.0843],[145.9205,-41.0802],[145.9403,-41.0779],[145.9546,-41.0796],[145.958,-41.0635]]]}},{"type":"Feature","properties":{"pc":"7330"},"geometry":{"type":"MultiPolygon","coordinates":[[[[145.2406,-40.8134],[145.2249,-40.8128],[145.2192,-40.809],[145.2328,-40.8055],[145.2439,-40.8004],[145.248,-40.7906],[145.2269,-40.7986],[145.2172,-40.8011],[145.1972,-40.8037],[145.1711,-40.804],[145.1522,-40.8029],[145.1371,-40.8002],[145.1223,-40.7956],[145.1097,-40.7947],[145.1133,-40.8013],[145.1191,-40.7997],[145.1301,-40.8019],[145.1454,-40.8083],[145.1535,-40.8103],[145.1607,-40.815],[145.1621,-40.8227],[145.1485,-40.8179],[145.1426,-40.8203],[145.1315,-40.8195],[145.1332,-40.8254],[145.122,-40.837],[145.1138,-40.8244],[145.1125,-40.8196],[145.1042,-40.8112],[145.0896,-40.821],[145.0904,-40.813],[145.0683,-40.8064],[145.0527,-40.7869],[145.0387,-40.7807],[145.036,-40.7874],[145.028,-40.7892],[145.0175,-40.7879],[145.0235,-40.7795],[145.0145,-40.7761],[145.0085,-40.7778],[145.0029,-40.7741],[144.9983,-40.7669],[144.9953,-40.7554],[144.9875,-40.7512],[144.9791,-40.7433],[144.9702,-40.7503],[144.9518,-40.7549],[144.9367,-40.7556],[144.923,-40.7652],[144.916,-40.7613],[144.9183,-40.7556],[144.9053,-40.7503],[144.8968,-40.751],[144.8813,-40.7496],[144.8617,-40.7438],[144.8573,-40.7404],[144.8478,-40.7389],[144.8416,-40.7336],[144.8389,-40.7214],[144.8279,-40.718],[144.8144,-40.7225],[144.8047,-40.7137],[144.7858,-40.7085],[144.7784,-40.7133],[144.7798,-40.729],[144.7748,-40.7371],[144.7694,-40.7369],[144.7705,-40.729],[144.7667,-40.722],[144.7719,-40.7062],[144.7677,-40.6996],[144.758,-40.6994],[144.7477,-40.6944],[144.7418,-40.6969],[144.7347,-40.6851],[144.7397,-40.6827],[144.7463,-40.6862],[144.7416,-40.6711],[144.7324,-40.6625],[144.7281,-40.6561],[144.7262,-40.6415],[144.7218,-40.6434],[144.713,-40.657],[144.6924,-40.6634],[144.6916,-40.6692],[144.686,-40.6722],[144.6848,-40.6788],[144.6897,-40.6844],[144.6976,-40.6885],[144.6958,-40.6955],[144.6887,-40.6983],[144.6857,-40.704],[144.6873,-40.7105],[144.6803,-40.7111],[144.6786,-40.7176],[144.6859,-40.7254],[144.6863,-40.7471],[144.692,-40.7525],[144.6985,-40.7504],[144.7071,-40.753],[144.7102,-40.7615],[144.7074,-40.7762],[144.6974,-40.783],[144.706,-40.7956],[144.7004,-40.8006],[144.6973,-40.8111],[144.7029,-40.8139],[144.701,-40.8251],[144.712,-40.834],[144.7132,-40.8533],[144.7089,-40.8607],[144.7033,-40.8789],[144.6911,-40.8993],[144.6858,-40.9056],[144.6768,-40.9097],[144.6582,-40.9041],[144.6559,-40.9137],[144.6493,-40.9197],[144.6318,-40.9225],[144.6297,-40.9295],[144.6138,-40.9359],[144.6136,-40.9454],[144.6222,-40.9448],[144.6323,-40.9585],[144.6337,-40.9664],[144.6291,-40.9806],[144.6328,-40.9915],[144.6305,-41.0006],[144.6166,-41.0091],[144.6176,-41.0208],[144.6241,-41.024],[144.6391,-41.0415],[144.6391,-41.0455],[144.6499,-41.0462],[144.6598,-41.0533],[144.6715,-41.0477],[144.6812,-41.0483],[144.6789,-41.042],[144.6814,-41.0374],[144.686,-41.0384],[144.6878,-41.0413],[144.6927,-41.0444],[144.6946,-41.0473],[144.7009,-41.046],[144.7074,-41.0495],[144.7154,-41.0504],[144.7209,-41.0487],[144.7229,-41.0535],[144.7302,-41.052],[144.7445,-41.0554],[144.7502,-41.0582],[144.7532,-41.0612],[144.7609,-41.0637],[144.7653,-41.0688],[144.7798,-41.0703],[144.7831,-41.0655],[144.7915,-41.0682],[144.7902,-41.0609],[144.7949,-41.0583],[144.7927,-41.0551],[144.7963,-41.0542],[144.799,-41.0574],[144.8011,-41.064],[144.7986,-41.0657],[144.7914,-41.0859],[144.7991,-41.0893],[144.8088,-41.089],[144.8231,-41.0927],[144.8253,-41.0981],[144.8336,-41.102],[144.8389,-41.0995],[144.8474,-41.1019],[144.8504,-41.1075],[144.8598,-41.1137],[144.8857,-41.1197],[144.8957,-41.1098],[144.8993,-41.1166],[144.9189,-41.1133],[144.9289,-41.1017],[144.9356,-41.0985],[144.9406,-41.0919],[144.9454,-41.1039],[144.9621,-41.1057],[144.9622,-41.0971],[144.9664,-41.0968],[144.9762,-41.1104],[144.9831,-41.1149],[144.9975,-41.1197],[145.0043,-41.1169],[145.0099,-41.1107],[145.0224,-41.1107],[145.0329,-41.1175],[145.0475,-41.1189],[145.0587,-41.1235],[145.07,-41.1207],[145.084,-41.1253],[145.0907,-41.1202],[145.1006,-41.1211],[145.102,-41.1177],[145.1209,-41.1145],[145.1179,-41.1105],[145.1264,-41.0989],[145.1362,-41.0829],[145.1437,-41.083],[145.1542,-41.0761],[145.1617,-41.0774],[145.1704,-41.0683],[145.1757,-41.0691],[145.1863,-41.0653],[145.1942,-41.0581],[145.2008,-41.0587],[145.2106,-41.049],[145.2131,-41.0567],[145.2234,-41.0637],[145.2336,-41.0669],[145.2392,-41.0736],[145.2456,-41.0727],[145.2453,-41.0659],[145.2554,-41.0668],[145.2504,-41.0731],[145.2605,-41.0774],[145.278,-41.0763],[145.2816,-41.0729],[145.2783,-41.071],[145.2742,-41.0587],[145.2743,-41.0521],[145.2787,-41.047],[145.2801,-41.0308],[145.2865,-41.0238],[145.2906,-41.0101],[145.2949,-41.0047],[145.2955,-40.9929],[145.3001,-40.9903],[145.3028,-40.9726],[145.306,-40.9694],[145.3039,-40.9617],[145.3117,-40.9444],[145.3122,-40.9339],[145.3058,-40.9321],[145.2973,-40.9337],[145.2916,-40.9312],[145.2865,-40.9193],[145.2828,-40.9225],[145.2741,-40.9199],[145.2812,-40.915],[145.2818,-40.9083],[145.2991,-40.8988],[145.3014,-40.8847],[145.2977,-40.872],[145.2854,-40.8717],[145.2835,-40.8611],[145.2803,-40.8582],[145.2876,-40.8509],[145.2984,-40.8478],[145.2811,-40.838],[145.2729,-40.8429],[145.2634,-40.8417],[145.2561,-40.8376],[145.2618,-40.8245],[145.2529,-40.8236],[145.2566,-40.8117],[145.2406,-40.8134]]],[[[144.7219,-41.0534],[144.7201,-41.0497],[144.7147,-41.0509],[144.7067,-41.0502],[144.6968,-41.0487],[144.694,-41.0477],[144.6919,-41.0448],[144.6877,-41.0422],[144.6807,-41.0388],[144.6826,-41.0483],[144.6768,-41.0513],[144.6709,-41.0491],[144.6601,-41.0583],[144.67,-41.0742],[144.6758,-41.09],[144.6767,-41.1035],[144.6732,-41.1171],[144.6669,-41.1246],[144.6712,-41.1278],[144.67,-41.1367],[144.6788,-41.1394],[144.6785,-41.1524],[144.6729,-41.1595],[144.682,-41.1742],[144.6804,-41.1799],[144.6909,-41.1876],[144.6911,-41.1958],[144.6946,-41.2059],[144.69,-41.2109],[144.6914,-41.215],[144.6867,-41.22],[144.6864,-41.23],[144.6837,-41.2352],[144.6974,-41.2529],[144.7041,-41.2552],[144.709,-41.2606],[144.7103,-41.2724],[144.7148,-41.2852],[144.7226,-41.285],[144.7228,-41.2808],[144.7321,-41.2806],[144.7471,-41.2879],[144.7547,-41.2841],[144.7558,-41.2522],[144.7507,-41.2462],[144.7636,-41.2434],[144.7683,-41.2395],[144.7779,-41.2441],[144.787,-41.2436],[144.7931,-41.2405],[144.8033,-41.2288],[144.8016,-41.2242],[144.8083,-41.2196],[144.8108,-41.2112],[144.8105,-41.2016],[144.8027,-41.1971],[144.7865,-41.1986],[144.7732,-41.1974],[144.762,-41.1912],[144.7511,-41.1872],[144.7532,-41.1816],[144.7334,-41.1695],[144.7415,-41.1639],[144.7343,-41.16],[144.7299,-41.1529],[144.7334,-41.1462],[144.7238,-41.1423],[144.7186,-41.1469],[144.7101,-41.1411],[144.7005,-41.14],[144.6951,-41.1347],[144.7002,-41.1279],[144.7143,-41.1304],[144.7244,-41.1242],[144.7319,-41.1234],[144.7335,-41.1159],[144.7256,-41.1072],[144.7166,-41.1001],[144.7094,-41.1034],[144.704,-41.0989],[144.703,-41.0923],[144.6963,-41.0862],[144.7019,-41.0807],[144.7107,-41.078],[144.7139,-41.0814],[144.7263,-41.0811],[144.7384,-41.076],[144.7303,-41.0612],[144.7223,-41.0596],[144.718,-41.0634],[144.7121,-41.0576],[144.7219,-41.0534]]],[[[144.6837,-40.6312],[144.6897,-40.6389],[144.6982,-40.634],[144.6889,-40.6273],[144.6837,-40.6312]]],[[[144.7867,-40.4007],[144.7831,-40.4075],[144.7864,-40.4129],[144.7795,-40.4229],[144.775,-40.4253],[144.7719,-40.4355],[144.7665,-40.4444],[144.7653,-40.453],[144.7721,-40.4608],[144.7715,-40.4664],[144.7618,-40.4758],[144.756,-40.4856],[144.7469,-40.49],[144.7375,-40.4867],[144.7309,-40.4892],[144.7214,-40.4814],[144.7111,-40.4831],[144.7109,-40.4925],[144.717,-40.4963],[144.7167,-40.503],[144.7095,-40.5076],[144.7199,-40.5138],[144.7199,-40.5204],[144.7262,-40.5304],[144.7266,-40.5387],[144.7332,-40.55],[144.7249,-40.5705],[144.7315,-40.5773],[144.7361,-40.593],[144.7471,-40.5968],[144.7574,-40.6059],[144.7677,-40.5968],[144.7736,-40.5869],[144.7763,-40.5757],[144.7697,-40.5539],[144.7733,-40.5505],[144.7738,-40.5397],[144.7713,-40.5333],[144.779,-40.529],[144.7852,-40.52],[144.784,-40.5156],[144.7897,-40.5069],[144.7868,-40.4986],[144.7905,-40.4928],[144.7885,-40.4885],[144.7925,-40.479],[144.7852,-40.4715],[144.7906,-40.4655],[144.7904,-40.4504],[144.7887,-40.448],[144.7885,-40.4257],[144.7926,-40.4173],[144.7904,-40.4052],[144.7867,-40.4007]]],[[[144.8357,-40.4443],[144.8513,-40.453],[144.8577,-40.4685],[144.8719,-40.4714],[144.8798,-40.477],[144.8931,-40.4834],[144.9029,-40.4826],[144.9134,-40.4784],[144.9287,-40.4701],[144.9334,-40.4697],[144.9388,-40.4628],[144.9504,-40.4537],[144.9464,-40.451],[144.9494,-40.4365],[144.9558,-40.4363],[144.9698,-40.4264],[144.9689,-40.4236],[144.9574,-40.4147],[144.9563,-40.4091],[144.9616,-40.4056],[144.9553,-40.3918],[144.9409,-40.3978],[144.9286,-40.3938],[144.9122,-40.3957],[144.9033,-40.3933],[144.8974,-40.389],[144.8824,-40.3907],[144.8794,-40.3994],[144.8752,-40.4029],[144.8857,-40.4084],[144.8826,-40.417],[144.8652,-40.4321],[144.8522,-40.4348],[144.845,-40.4302],[144.8428,-40.4365],[144.8366,-40.4392],[144.8357,-40.4443]]],[[[144.9232,-40.584],[144.9236,-40.5989],[144.9201,-40.6133],[144.9331,-40.6204],[144.9384,-40.6287],[144.9497,-40.6204],[144.9414,-40.6102],[144.9349,-40.5958],[144.9376,-40.5899],[144.9341,-40.5843],[144.9262,-40.5785],[144.9232,-40.584]]],[[[144.8311,-40.6916],[144.8239,-40.6994],[144.8314,-40.7019],[144.8373,-40.7004],[144.8392,-40.6932],[144.8311,-40.6916]]],[[[144.8685,-40.7239],[144.8726,-40.7248],[144.8826,-40.7356],[144.8928,-40.739],[144.9075,-40.738],[144.9102,-40.7317],[144.9205,-40.7283],[144.9303,-40.7289],[144.9382,-40.732],[144.946,-40.7293],[144.9569,-40.7175],[144.964,-40.7127],[144.9767,-40.7077],[144.9875,-40.7076],[144.999,-40.712],[145.0075,-40.7118],[145.0098,-40.7082],[145.0202,-40.7053],[145.0282,-40.7057],[145.0449,-40.7178],[145.0598,-40.7169],[145.064,-40.7119],[145.0561,-40.705],[145.0445,-40.6894],[145.0443,-40.6828],[145.0271,-40.6849],[145.0146,-40.6818],[144.9901,-40.6692],[144.9832,-40.6644],[144.9728,-40.6523],[144.9591,-40.6334],[144.9586,-40.6395],[144.9684,-40.6567],[144.9621,-40.6585],[144.9565,-40.6528],[144.9427,-40.6519],[144.9336,-40.645],[144.9363,-40.6385],[144.9292,-40.6317],[144.9279,-40.6229],[144.9198,-40.6259],[144.9158,-40.6389],[144.9113,-40.6483],[144.903,-40.6572],[144.8728,-40.6773],[144.8711,-40.6867],[144.8751,-40.7077],[144.874,-40.7171],[144.8685,-40.7239]]],[[[145.0431,-40.7575],[145.0401,-40.7732],[145.0412,-40.7782],[145.0484,-40.7839],[145.0597,-40.7853],[145.0785,-40.795],[145.1028,-40.7957],[145.1041,-40.7924],[145.0968,-40.7864],[145.0817,-40.7804],[145.0731,-40.7752],[145.062,-40.7657],[145.0516,-40.7539],[145.0457,-40.7508],[145.0431,-40.7575]]]]}}]}